timestamp,headingDeg,encoderCount
1786866491.5166943,-0.02,-18008
1786866491.5378087,-0.02,-18056
1786866491.5576475,-0.02,-18084
1786866491.5782106,-0.02,-18055
1786866491.5939882,-0.02,-18066
1786866491.619099,-0.01,-18088
1786866491.639438,-0.01,-18103
1786866491.6599927,-0.01,-18166
1786866491.6805997,-0.01,-18203
1786866491.7010574,-0.01,-18292
1786866491.7218347,-0.01,-18345
1786866491.7424858,-0.01,-18393
1786866491.7628903,-0.00,-18480
1786866491.7829213,-0.00,-18535
1786866491.803385,-0.01,-18598
1786866491.824461,-0.01,-18696
1786866491.8449244,-0.01,-18767
1786866491.8650076,-0.01,-18831
1786866491.8861115,-0.01,-18892
1786866491.9063618,-0.01,-18912
1786866491.9264677,-0.00,-18934
1786866491.9467177,-0.00,-18957
1786866491.9680088,-0.00,-18979
1786866491.9878976,0.00,-19001
1786866492.0084596,0.00,-19023
1786866492.0291438,0.00,-19046
1786866492.0497448,0.00,-19068
1786866492.069878,0.00,-19090
1786866492.0905378,0.00,-19113
1786866492.1105924,0.00,-19135
1786866492.1310854,0.00,-19157
1786866492.1518717,0.00,-19178
1786866492.1728415,0.00,-19200
1786866492.1926417,0.00,-19221
1786866492.2136724,0.00,-19243
1786866492.234322,0.01,-19265
1786866492.254216,0.00,-19285
1786866492.274587,0.01,-19304
1786866492.295931,0.01,-19325
1786866492.3159723,0.01,-19333
1786866492.336244,0.01,-19354
1786866492.3545923,0.01,-19371
1786866492.377279,0.01,-19390
1786866492.3980587,0.01,-19394
1786866492.4183438,0.01,-19408
1786866492.4387033,0.01,-19432
1786866492.4593446,0.01,-19450
1786866492.4796126,0.01,-19464
1786866492.4999056,0.01,-19483
1786866492.5208535,0.01,-19501
1786866492.5413399,0.01,-19522
1786866492.5614877,0.00,-19544
1786866492.5824323,0.01,-19566
1786866492.6023932,0.01,-19586
1786866492.623494,0.01,-19605
1786866492.6437979,0.01,-19626
1786866492.664248,0.01,-19645
1786866492.6848354,0.01,-19662
1786866492.705146,0.01,-19685
1786866492.7253988,0.01,-19705
1786866492.745866,0.01,-19723
1786866492.766061,0.01,-19743
1786866492.7861364,0.01,-19765
1786866492.8076825,0.01,-19782
1786866492.8277624,0.01,-19803
1786866492.8485408,0.01,-19824
1786866492.869067,0.01,-19845
1786866492.887938,0.01,-19865
1786866492.909743,0.01,-19882
1786866492.9303744,0.01,-19899
1786866492.9516177,0.01,-19918
1786866492.9715123,0.01,-19941
1786866492.9918408,0.01,-19960
1786866493.0123858,0.01,-19981
1786866493.0330236,0.01,-20002
1786866493.053329,0.01,-20023
1786866493.073461,0.01,-20045
1786866493.0944533,0.01,-20066
1786866493.1147742,0.01,-20090
1786866493.131686,0.01,-20112
1786866493.1554332,0.01,-20134
1786866493.1759586,0.01,-20157
1786866493.1965005,0.01,-20177
1786866493.2171144,0.01,-20199
1786866493.237723,0.01,-20221
1786866493.2576401,0.01,-20243
1786866493.2778854,0.01,-20264
1786866493.2991898,0.01,-20284
1786866493.3193524,0.01,-20306
1786866493.339755,0.01,-20329
1786866493.3603106,0.01,-20351
1786866493.380714,0.01,-20373
1786866493.4014058,0.01,-20394
1786866493.4219034,0.01,-20415
1786866493.4419336,0.01,-20437
1786866493.4630847,0.00,-20459
1786866493.4835684,0.01,-20481
1786866493.5038536,0.01,-20503
1786866493.5247426,0.01,-20524
1786866493.5444012,0.01,-20546
1786866493.5651608,0.01,-20568
1786866493.5855327,0.01,-20590
1786866493.6061559,0.01,-20611
1786866493.6262832,0.01,-20631
1786866493.6471598,0.01,-20653
1786866493.6676471,0.01,-20676
1786866493.6881576,0.01,-20698
1786866493.7084086,0.01,-20720
1786866493.7288327,0.01,-20742
1786866493.7461934,0.01,-20764
1786866493.769917,0.01,-20783
1786866493.790119,0.01,-20808
1786866493.8106465,0.01,-20830
1786866493.831279,0.01,-20851
1786866493.8517404,0.00,-20872
1786866493.8720076,0.00,-20894
1786866493.8929362,0.00,-20916
1786866493.9133768,0.01,-20938
1786866493.933668,0.01,-20960
1786866493.9538193,0.01,-20981
1786866493.9743319,0.01,-21003
1786866493.9948452,0.01,-21025
1786866494.0152829,0.01,-21048
1786866494.0363727,0.00,-21070
1786866494.056287,0.00,-21092
1786866494.0771453,0.00,-21114
1786866494.0972419,0.00,-21136
1786866494.1180196,0.00,-21158
1786866494.1384754,0.00,-21180
1786866494.158735,0.00,-21202
1786866494.1793337,0.01,-21224
1786866494.200059,0.01,-21247
1786866494.2208843,0.01,-21268
1786866494.240938,0.00,-21288
1786866494.261526,0.00,-21311
1786866494.2819717,0.00,-21331
1786866494.3028696,0.00,-21353
1786866494.323249,-0.00,-21374
1786866494.34341,0.00,-21395
1786866494.3639758,-0.00,-21417
1786866494.3842034,-0.00,-21439
1786866494.4044714,-0.00,-21461
1786866494.4253817,-0.00,-21483
1786866494.4459865,-0.00,-21504
1786866494.4661515,-0.00,-21525
1786866494.4864147,-0.00,-21546
1786866494.5072873,-0.01,-21568
1786866494.5280569,-0.00,-21591
1786866494.5478625,-0.00,-21612
1786866494.568834,-0.00,-21634
1786866494.589443,-0.00,-21656
1786866494.609475,-0.01,-21677
1786866494.629958,-0.00,-21698
1786866494.6504872,-0.00,-21720
1786866494.6711469,-0.01,-21743
1786866494.691727,-0.01,-21765
1786866494.7123163,-0.01,-21786
1786866494.7329392,-0.01,-21809
1786866494.7533617,-0.01,-21830
1786866494.773587,-0.01,-21853
1786866494.7937727,-0.01,-21875
1786866494.8142486,-0.00,-21898
1786866494.8350677,-0.00,-21918
1786866494.8554466,-0.00,-21941
1786866494.8756962,-0.00,-21963
1786866494.8962948,0.00,-21985
1786866494.916538,-0.00,-22008
1786866494.9370525,-0.00,-22029
1786866494.957539,-0.01,-22052
1786866494.9782047,-0.00,-22074
1786866494.9986947,-0.00,-22097
1786866495.019066,-0.00,-22119
1786866495.0400612,-0.00,-22141
1786866495.0598757,-0.00,-22163
1786866495.0808418,-0.00,-22186
1786866495.1008878,-0.00,-22208
1786866495.1218133,0.00,-22229
1786866495.1416535,-0.00,-22251
1786866495.1630504,-0.00,-22274
1786866495.1826186,-0.00,-22297
1786866495.2031863,0.00,-22318
1786866495.2240887,0.00,-22341
1786866495.244475,0.00,-22362
1786866495.264982,0.00,-22386
1786866495.2853558,0.00,-22408
1786866495.3061147,0.01,-22431
1786866495.3265066,0.01,-22450
1786866495.346772,0.01,-22472
1786866495.367053,0.01,-22494
1786866495.388557,0.01,-22515
1786866495.4080386,0.01,-22537
1786866495.4289007,0.01,-22558
1786866495.4493499,0.01,-22580
1786866495.4697742,0.01,-22602
1786866495.4903378,0.01,-22625
1786866495.5109637,0.01,-22647
1786866495.5313852,0.01,-22669
1786866495.5520988,0.01,-22692
1786866495.5723126,0.01,-22714
1786866495.592395,0.01,-22735
1786866495.61332,0.01,-22757
1786866495.6335092,0.01,-22780
1786866495.6539247,0.01,-22802
1786866495.6745222,0.02,-22824
1786866495.6949742,0.02,-22848
1786866495.715073,0.02,-22870
1786866495.7361965,0.02,-22892
1786866495.7568202,0.02,-22914
1786866495.7772906,0.02,-22935
1786866495.798314,0.03,-22957
1786866495.8166838,0.02,-22979
1786866495.8388836,0.02,-23002
1786866495.85914,0.02,-23024
1786866495.8794043,0.02,-23046
1786866495.9002407,0.03,-23068
1786866495.9205487,0.02,-23090
1786866495.9410486,0.03,-23112
1786866495.961709,0.03,-23133
1786866495.9824588,0.02,-23155
1786866496.0023963,0.02,-23178
1786866496.0232863,0.02,-23200
1786866496.0428858,0.02,-23222
1786866496.0636673,0.03,-23244
1786866496.0842946,0.03,-23265
1786866496.104455,0.03,-23289
1786866496.125384,0.03,-23311
1786866496.1457837,0.03,-23333
1786866496.1659174,0.03,-23355
1786866496.1871247,0.03,-23377
1786866496.207051,0.03,-23399
1786866496.2276719,0.03,-23421
1786866496.2482708,0.03,-23443
1786866496.2686605,0.03,-23465
1786866496.288499,0.03,-23487
1786866496.308741,0.03,-23509
1786866496.3303964,0.03,-23531
1786866496.3509662,0.03,-23554
1786866496.3705337,0.03,-23576
1786866496.3921974,0.03,-23598
1786866496.4118938,0.04,-23619
1786866496.4323692,0.04,-23642
1786866496.4528904,0.04,-23664
1786866496.4733276,0.04,-23686
1786866496.4939756,0.04,-23708
1786866496.5141838,0.04,-23730
1786866496.5350573,0.04,-23753
1786866496.5554197,0.04,-23775
1786866496.5759072,0.04,-23797
1786866496.596092,0.04,-23819
1786866496.6165767,0.04,-23839
1786866496.637391,0.04,-23861
1786866496.6576412,0.03,-23883
1786866496.678165,0.04,-23905
1786866496.6987667,0.04,-23927
1786866496.7191522,0.04,-23950
1786866496.7400348,0.03,-23973
1786866496.7601252,0.04,-23995
1786866496.7812119,0.04,-24017
1786866496.8012118,0.04,-24039
1786866496.8219848,0.04,-24060
1786866496.8419633,0.04,-24083
1786866496.8626447,0.04,-24105
1786866496.8830833,0.03,-24127
1786866496.9036603,0.03,-24149
1786866496.923947,0.04,-24171
1786866496.944282,0.04,-24194
1786866496.9648268,0.04,-24217
1786866496.9850824,0.04,-24239
1786866497.005892,0.04,-24261
1786866497.0266259,0.04,-24283
1786866497.04681,0.04,-24305
1786866497.0675893,0.04,-24327
1786866497.0881236,0.04,-24349
1786866497.1080332,0.04,-24371
1786866497.1288164,0.04,-24393
1786866497.149382,0.04,-24415
1786866497.1699562,0.05,-24436
1786866497.1904097,0.05,-24459
1786866497.2112515,0.05,-24481
1786866497.2317255,0.05,-24503
1786866497.2518132,0.05,-24525
1786866497.2721517,0.05,-24547
1786866497.2925835,0.05,-24569
1786866497.312815,0.05,-24592
1786866497.333782,0.05,-24613
1786866497.354355,0.05,-24635
1786866497.374709,0.05,-24657
1786866497.3949223,0.06,-24679
1786866497.4155724,0.06,-24701
1786866497.4357135,0.06,-24723
1786866497.4556756,0.05,-24746
1786866497.4772148,0.06,-24768
1786866497.4979193,0.05,-24790
1786866497.5177143,0.05,-24812
1786866497.5385354,0.05,-24834
1786866497.5589862,0.05,-24856
1786866497.5793889,0.05,-24877
1786866497.6003456,0.06,-24901
1786866497.6205258,0.05,-24924
1786866497.6414936,0.05,-24945
1786866497.6612744,0.05,-24966
1786866497.6810973,0.05,-24988
1786866497.7025144,0.05,-25010
1786866497.7230651,0.05,-25032
1786866497.743487,0.05,-25054
1786866497.764155,0.05,-25077
1786866497.78452,0.05,-25099
1786866497.8046038,0.05,-25121
1786866497.825549,0.05,-25144
1786866497.8459892,0.05,-25165
1786866497.8651435,0.05,-25187
1786866497.8872676,0.05,-25209
1786866497.9068646,0.05,-25232
1786866497.9276838,0.05,-25254
1786866497.9479306,0.05,-25276
1786866497.9688144,0.05,-25298
1786866497.9884453,0.04,-25319
1786866498.0099869,0.04,-25341
1786866498.0303876,0.04,-25363
1786866498.051025,0.04,-25384
1786866498.070973,0.04,-25406
1786866498.091323,0.04,-25429
1786866498.1121037,0.04,-25451
1786866498.13243,0.04,-25473
1786866498.152808,0.04,-25495
1786866498.17056,0.04,-25517
1786866498.1940444,0.04,-25540
1786866498.2143292,0.05,-25562
1786866498.2346427,0.05,-25585
1786866498.2552207,0.05,-25607
1786866498.276064,0.04,-25630
1786866498.2967255,0.04,-25652
1786866498.3170874,0.04,-25674
1786866498.3372478,0.04,-25696
1786866498.357427,0.05,-25718
1786866498.3782604,0.05,-25739
1786866498.398863,0.05,-25760
1786866498.4189239,0.05,-25783
1786866498.4397438,0.06,-25804
1786866498.4599872,0.06,-25826
1786866498.4806566,0.05,-25848
1786866498.5012927,0.05,-25869
1786866498.5213153,0.05,-25891
1786866498.5417798,0.06,-25910
1786866498.5623293,0.06,-25932
1786866498.5828416,0.05,-25953
1786866498.6032848,0.05,-25976
1786866498.6240969,0.05,-25995
1786866498.6444945,0.05,-26017
1786866498.6651278,0.05,-26038
1786866498.6857257,0.05,-26060
1786866498.7058332,0.05,-26081
1786866498.7265956,0.05,-26102
1786866498.747019,0.05,-26124
1786866498.7666965,0.05,-26145
1786866498.7884967,0.04,-26166
1786866498.8083336,0.04,-26189
1786866498.828414,0.04,-26210
1786866498.8503065,0.04,-26231
1786866498.870443,0.04,-26253
1786866498.8909876,0.04,-26274
1786866498.910665,0.04,-26297
1786866498.93142,0.04,-26317
1786866498.9521453,0.04,-26338
1786866498.9719825,0.04,-26361
1786866498.9931502,0.04,-26382
1786866499.0133755,0.05,-26404
1786866499.0320904,0.05,-26425
1786866499.0540557,0.05,-26447
1786866499.0741756,0.05,-26469
1786866499.095627,0.05,-26492
1786866499.1158576,0.05,-26513
1786866499.1365373,0.05,-26535
1786866499.154902,0.05,-26557
1786866499.177252,0.05,-26579
1786866499.197093,0.05,-26601
1786866499.21831,0.05,-26622
1786866499.2386806,0.05,-26644
1786866499.25957,0.05,-26666
1786866499.2802515,0.05,-26688
1786866499.3001366,0.05,-26710
1786866499.3204384,0.05,-26732
1786866499.340618,0.04,-26756
1786866499.3615615,0.04,-26778
1786866499.3822505,0.04,-26802
1786866499.4025354,0.04,-26824
1786866499.4229195,0.04,-26844
1786866499.4438279,0.04,-26866
1786866499.4639232,0.04,-26888
1786866499.484464,0.04,-26910
1786866499.504591,0.04,-26931
1786866499.5252075,0.04,-26953
1786866499.5459218,0.04,-26974
1786866499.5663822,0.04,-26996
1786866499.5871668,0.04,-27018
1786866499.6075315,0.04,-27040
1786866499.6275618,0.05,-27061
1786866499.6484315,0.05,-27085
1786866499.6686418,0.05,-27108
1786866499.6892693,0.05,-27132
1786866499.709987,0.05,-27154
1786866499.7301505,0.06,-27176
1786866499.7503657,0.06,-27197
1786866499.7709494,0.06,-27220
1786866499.7914107,0.06,-27242
1786866499.8122442,0.06,-27264
1786866499.832463,0.06,-27286
1786866499.853101,0.06,-27307
1786866499.8734436,0.06,-27332
1786866499.893656,0.06,-27354
1786866499.9142363,0.07,-27375
1786866499.935093,0.07,-27397
1786866499.9553483,0.07,-27419
1786866499.9762402,0.07,-27441
1786866499.9964395,0.06,-27463
1786866500.016861,0.07,-27486
1786866500.0366976,0.07,-27509
1786866500.0575826,0.07,-27531
1786866500.0782166,0.07,-27553
1786866500.098848,0.07,-27574
1786866500.1189563,0.07,-27596
1786866500.139632,0.07,-27618
1786866500.1602848,0.07,-27641
1786866500.180876,0.06,-27662
1786866500.2015746,0.06,-27685
1786866500.220991,0.06,-27707
1786866500.241966,0.06,-27729
1786866500.2628179,0.06,-27752
1786866500.282721,0.06,-27774
1786866500.3033237,0.06,-27797
1786866500.3239925,0.06,-27818
1786866500.3442893,0.06,-27841
1786866500.3650851,0.06,-27863
1786866500.38546,0.06,-27884
1786866500.4058473,0.07,-27907
1786866500.4261672,0.07,-27929
1786866500.4469643,0.06,-27951
1786866500.4672146,0.07,-27973
1786866500.487818,0.07,-27995
1786866500.5079842,0.07,-28016
1786866500.52901,0.07,-28040
1786866500.5492804,0.07,-28062
1786866500.570035,0.07,-28085
1786866500.5899196,0.07,-28107
1786866500.6105878,0.07,-28129
1786866500.6308255,0.07,-28150
1786866500.6520894,0.07,-28172
1786866500.6723807,0.07,-28195
1786866500.6926527,0.07,-28215
1786866500.7133098,0.07,-28237
1786866500.7339387,0.07,-28259
1786866500.7538574,0.07,-28281
1786866500.7749274,0.07,-28303
1786866500.7949717,0.08,-28325
1786866500.815232,0.08,-28348
1786866500.8357625,0.08,-28370
1786866500.8563538,0.08,-28393
1786866500.8768346,0.08,-28417
1786866500.8977125,0.08,-28439
1786866500.9182005,0.08,-28461
1786866500.9381652,0.08,-28482
1786866500.9591026,0.08,-28505
1786866500.979488,0.08,-28529
1786866500.9999552,0.08,-28551
1786866501.0202188,0.08,-28573
1786866501.0410476,0.08,-28594
1786866501.0611472,0.08,-28616
1786866501.0814283,0.07,-28638
1786866501.1023753,0.07,-28660
1786866501.1229117,0.07,-28681
1786866501.1433518,0.07,-28703
1786866501.1639793,0.07,-28727
1786866501.1843436,0.07,-28749
1786866501.204228,0.07,-28771
1786866501.2250624,0.07,-28792
1786866501.2458422,0.07,-28814
1786866501.266085,0.07,-28837
1786866501.2866526,0.07,-28859
1786866501.307265,0.07,-28880
1786866501.3275175,0.07,-28902
1786866501.3482053,0.07,-28924
1786866501.3682961,0.07,-28946
1786866501.3887746,0.07,-28967
1786866501.4096453,0.07,-28989
1786866501.430266,0.07,-29012
1786866501.4506614,0.07,-29034
1786866501.4708912,0.07,-29056
1786866501.4914362,0.07,-29078
1786866501.5124042,0.07,-29100
1786866501.5325344,0.07,-29122
1786866501.5531461,0.07,-29143
1786866501.5738919,0.07,-29165
1786866501.594061,0.07,-29187
1786866501.6148214,0.06,-29209
1786866501.6348774,0.06,-29230
1786866501.6557155,0.06,-29251
1786866501.675812,0.06,-29273
1786866501.6964343,0.06,-29296
1786866501.7166574,0.06,-29318
1786866501.7373161,0.05,-29340
1786866501.757599,0.05,-29363
1786866501.7783325,0.05,-29384
1786866501.7986894,0.05,-29406
1786866501.8193564,0.05,-29429
1786866501.8395727,0.06,-29451
1786866501.859872,0.06,-29473
1786866501.8803573,0.06,-29495
1786866501.9008563,0.06,-29517
1786866501.9218538,0.06,-29539
1786866501.9419262,0.06,-29561
1786866501.9625401,0.06,-29583
1786866501.9831684,0.06,-29605
1786866502.0035434,0.06,-29627
1786866502.0236685,0.06,-29648
1786866502.0446498,0.06,-29669
1786866502.0656712,0.06,-29691
1786866502.08545,0.06,-29713
1786866502.1057582,0.06,-29735
1786866502.1268282,0.06,-29757
1786866502.1465955,0.06,-29779
1786866502.1674907,0.06,-29801
1786866502.187509,0.06,-29823
1786866502.2080371,0.06,-29845
1786866502.2286346,0.06,-29867
1786866502.2495596,0.06,-29889
1786866502.2701302,0.06,-29912
1786866502.2902055,0.06,-29933
1786866502.3111525,0.06,-29955
1786866502.3314593,0.06,-29977
1786866502.351428,0.06,-29999
1786866502.3710394,0.06,-30021
1786866502.39292,0.06,-30043
1786866502.4133897,0.06,-30065
1786866502.4336748,0.06,-30087
1786866502.454517,0.06,-30109
1786866502.4747782,0.06,-30130
1786866502.495276,0.06,-30152
1786866502.515623,0.07,-30174
1786866502.5364277,0.07,-30196
1786866502.5567439,0.07,-30218
1786866502.5771425,0.07,-30240
1786866502.5977185,0.07,-30262
1786866502.6180744,0.07,-30284
1786866502.6384158,0.07,-30307
1786866502.6588106,0.07,-30328
1786866502.679152,0.07,-30350
1786866502.6999855,0.07,-30372
1786866502.7209115,0.07,-30395
1786866502.7417188,0.06,-30417
1786866502.7616355,0.06,-30438
1786866502.7825065,0.06,-30460
1786866502.8024716,0.06,-30482
1786866502.8228211,0.06,-30505
1786866502.8430545,0.06,-30527
1786866502.8641422,0.06,-30549
1786866502.8844197,0.06,-30571
1786866502.9051387,0.06,-30593
1786866502.925549,0.06,-30615
1786866502.9456818,0.06,-30637
1786866502.9661129,0.06,-30659
1786866502.9866645,0.06,-30680
1786866503.007351,0.06,-30702
1786866503.0273385,0.06,-30724
1786866503.048105,0.06,-30746
1786866503.0684326,0.06,-30767
1786866503.0892956,0.06,-30787
1786866503.1094744,0.06,-30809
1786866503.1301415,0.06,-30830
1786866503.1507542,0.06,-30852
1786866503.1708786,0.06,-30874
1786866503.191803,0.06,-30895
1786866503.211958,0.06,-30917
1786866503.232449,0.06,-30939
1786866503.2530832,0.06,-30960
1786866503.2736042,0.06,-30982
1786866503.2940905,0.06,-31003
1786866503.3143296,0.06,-31024
1786866503.3348124,0.06,-31046
1786866503.3555052,0.06,-31068
1786866503.3758562,0.06,-31090
1786866503.3964558,0.06,-31112
1786866503.4169347,0.06,-31134
1786866503.4372282,0.06,-31156
1786866503.4580808,0.06,-31177
1786866503.4783962,0.06,-31199
1786866503.4987044,0.06,-31221
1786866503.519075,0.06,-31242
1786866503.5398192,0.06,-31264
1786866503.5602083,0.07,-31286
1786866503.5807705,0.07,-31308
1786866503.601284,0.07,-31330
1786866503.6214259,0.07,-31352
1786866503.6420357,0.07,-31374
1786866503.663074,0.07,-31396
1786866503.6832566,0.07,-31418
1786866503.7034655,0.07,-31440
1786866503.7241051,0.07,-31462
1786866503.7443013,0.07,-31484
1786866503.7652068,0.08,-31506
1786866503.7856054,0.08,-31528
1786866503.8060863,0.08,-31550
1786866503.826685,0.08,-31571
1786866503.8469973,0.08,-31593
1786866503.8673491,0.08,-31615
1786866503.887878,0.08,-31637
1786866503.9085922,0.08,-31658
1786866503.92885,0.08,-31680
1786866503.9492297,0.08,-31701
1786866503.9702222,0.08,-31722
1786866503.9906237,0.08,-31744
1786866504.0109148,0.08,-31766
1786866504.0309572,0.07,-31789
1786866504.0515695,0.08,-31811
1786866504.0722442,0.08,-31833
1786866504.0929143,0.08,-31856
1786866504.1132743,0.08,-31879
1786866504.1339402,0.08,-31901
1786866504.154301,0.08,-31923
1786866504.1745646,0.08,-31947
1786866504.1950898,0.08,-31969
1786866504.215758,0.08,-31991
1786866504.2365174,0.08,-32013
1786866504.2565243,0.08,-32035
1786866504.277074,0.08,-32057
1786866504.2972004,0.08,-32079
1786866504.318011,0.08,-32101
1786866504.3385034,0.08,-32123
1786866504.359168,0.08,-32145
1786866504.37968,0.08,-32166
1786866504.3996606,0.09,-32188
1786866504.4203525,0.09,-32210
1786866504.4409769,0.09,-32232
1786866504.4610474,0.09,-32254
1786866504.4816778,0.08,-32276
1786866504.5021563,0.08,-32297
1786866504.5229094,0.08,-32319
1786866504.5435648,0.08,-32341
1786866504.5641222,0.09,-32363
1786866504.5847013,0.08,-32385
1786866504.604697,0.08,-32407
1786866504.6254787,0.08,-32429
1786866504.645518,0.08,-32452
1786866504.6660538,0.08,-32473
1786866504.6865346,0.08,-32495
1786866504.706874,0.08,-32517
1786866504.727483,0.08,-32538
1786866504.7481105,0.08,-32560
1786866504.7687798,0.08,-32582
1786866504.789043,0.09,-32604
1786866504.8097847,0.09,-32626
1786866504.8300672,0.09,-32648
1786866504.8502753,0.09,-32670
1786866504.8710012,0.09,-32692
1786866504.891263,0.09,-32714
1786866504.9123416,0.09,-32736
1786866504.932228,0.09,-32758
1786866504.95295,0.09,-32780
1786866504.973076,0.09,-32802
1786866504.9937978,0.09,-32823
1786866505.0145743,0.09,-32846
1786866505.0348544,0.09,-32870
1786866505.0551348,0.09,-32892
1786866505.0756106,0.09,-32914
1786866505.0964925,0.09,-32936
1786866505.1168597,0.09,-32958
1786866505.137155,0.09,-32980
1786866505.1580908,0.09,-33002
1786866505.1781015,0.09,-33024
1786866505.1987398,0.09,-33046
1786866505.2195103,0.09,-33068
1786866505.2399938,0.09,-33090
1786866505.2606006,0.09,-33111
1786866505.2808962,0.09,-33133
1786866505.3008854,0.09,-33155
1786866505.321525,0.09,-33177
1786866505.3419483,0.09,-33199
1786866505.362549,0.09,-33220
1786866505.3831356,0.09,-33242
1786866505.4037569,0.09,-33264
1786866505.423813,0.09,-33287
1786866505.4445794,0.09,-33309
1786866505.4652805,0.09,-33331
1786866505.4854624,0.09,-33353
1786866505.5056965,0.09,-33375
1786866505.5261486,0.09,-33397
1786866505.543854,0.09,-33419
1786866505.5674636,0.09,-33441
1786866505.5880039,0.09,-33463
1786866505.6013107,0.09,-33484
1786866505.6259105,0.09,-33506
1786866505.6490982,0.09,-33528
1786866505.6690357,0.09,-33551
1786866505.6883914,0.09,-33573
1786866505.7106042,0.09,-33595
1786866505.731019,0.09,-33617
1786866505.7477984,0.09,-33639
1786866505.7717679,0.09,-33661
1786866505.7928455,0.09,-33683
1786866505.80881,0.09,-33705
1786866505.8320694,0.09,-33727
1786866505.8508563,0.09,-33749
1786866505.8703601,0.09,-33771
1786866505.8938143,0.10,-33793
1786866505.9120831,0.10,-33815
1786866505.9334624,0.09,-33837
1786866505.9554067,0.09,-33860
1786866505.9742787,0.09,-33882
1786866505.9971187,0.09,-33905
1786866506.0183265,0.10,-33927
1786866506.0386565,0.10,-33949
1786866506.059204,0.10,-33971
1786866506.0785894,0.10,-33993
1786866506.0987964,0.10,-34015
1786866506.1201782,0.10,-34037
1786866506.140459,0.10,-34059
1786866506.1604686,0.10,-34081
1786866506.1813836,0.10,-34104
1786866506.2014759,0.10,-34126
1786866506.2230892,0.10,-34148
1786866506.2391906,0.10,-34171
1786866506.258941,0.10,-34193
1786866506.2801344,0.10,-34215
1786866506.3023133,0.10,-34237
1786866506.322784,0.10,-34259
1786866506.343837,0.10,-34283
1786866506.3634555,0.10,-34305
1786866506.383864,0.10,-34327
1786866506.403528,0.10,-34349
1786866506.423015,0.10,-34371
1786866506.4462504,0.10,-34393
1786866506.4682088,0.10,-34415
1786866506.4882603,0.10,-34437
1786866506.5020323,0.11,-34460
1786866506.5298455,0.11,-34447
1786866506.5501125,0.11,-34422
1786866506.5700748,0.11,-34398
1786866506.5919971,0.12,-34406
1786866506.6117604,0.12,-34427
1786866506.6326258,0.11,-34449
1786866506.653462,0.12,-34471
1786866506.6730917,0.11,-34494
1786866506.6921592,0.11,-34516
1786866506.7144084,0.11,-34538
1786866506.7352977,0.11,-34561
1786866506.7511845,0.11,-34583
1786866506.776122,0.11,-34605
1786866506.7964954,0.11,-34627
1786866506.8171735,0.10,-34649
1786866506.8354998,0.10,-34672
1786866506.8559554,0.10,-34694
1786866506.8779016,0.10,-34716
1786866506.899192,0.10,-34738
1786866506.9179888,0.10,-34760
1786866506.9382553,0.10,-34782
1786866506.960478,0.10,-34805
1786866506.9808795,0.10,-34827
1786866507.001165,0.10,-34850
1786866507.0213702,0.10,-34872
1786866507.0423121,0.10,-34894
1786866507.0628629,0.10,-34916
1786866507.0831854,0.09,-34938
1786866507.1034257,0.10,-34961
1786866507.12389,0.10,-34983
1786866507.1450877,0.10,-35005
1786866507.1650689,0.09,-35027
1786866507.1854992,0.09,-35049
1786866507.2060807,0.09,-35066
1786866507.2267008,0.09,-35035
1786866507.245078,0.09,-35003
1786866507.2657561,0.09,-34969
1786866507.2880945,0.09,-34954
1786866507.3072803,0.09,-34967
1786866507.3269522,0.09,-35003
1786866507.349159,0.09,-35037
1786866507.3700926,0.09,-35095
1786866507.3901594,0.08,-35152
1786866507.410834,0.08,-35199
1786866507.4310675,0.08,-35251
1786866507.4525328,0.08,-35307
1786866507.472134,0.09,-35371
1786866507.49245,0.09,-35444
1786866507.5129535,0.09,-35502
1786866507.533973,0.09,-35561
1786866507.5542662,0.08,-35642
1786866507.5744972,0.09,-35699
1786866507.5954514,0.08,-35769
1786866507.6155992,0.08,-35827
1786866507.6361594,0.08,-35883
1786866507.656488,0.08,-35921
1786866507.6776326,0.08,-35926
1786866507.6973832,0.08,-35977
1786866507.718568,0.08,-36033
1786866507.7387185,0.08,-36109
1786866507.7594888,0.08,-36171
1786866507.7795627,0.08,-36262
1786866507.8001127,0.08,-36324
1786866507.820405,0.09,-36385
1786866507.8407652,0.09,-36438
1786866507.8620868,0.09,-36496
1786866507.8802927,0.09,-36556
1786866507.9001372,0.09,-36600
1786866507.9194145,0.09,-36670
1786866507.943342,0.09,-36724
1786866507.9601188,0.09,-36779
1786866507.9842598,0.08,-36846
1786866508.001775,0.09,-36904
1786866508.0252035,0.09,-36960
1786866508.0454943,0.09,-37040
1786866508.0655234,0.10,-37097
1786866508.0853126,0.10,-37157
1786866508.1073039,0.10,-37223
1786866508.1268988,0.10,-37291
1786866508.1475217,0.10,-37358
1786866508.1614692,0.10,-37405
1786866508.1881876,0.10,-37481
1786866508.209162,0.10,-37533
1786866508.2302904,0.10,-37586
1786866508.2503967,0.10,-37631
1786866508.269961,0.10,-37692
1786866508.2865932,0.10,-37746
1786866508.3105142,0.10,-37803
1786866508.3281987,0.10,-37847
1786866508.3490958,0.10,-37900
1786866508.3704963,0.10,-37948
1786866508.39061,0.10,-38015
1786866508.41415,0.10,-38075
1786866508.4323146,0.10,-38125
1786866508.455144,0.10,-38177
1786866508.4684079,0.10,-38231
1786866508.4951816,0.10,-38275
1786866508.5140703,0.09,-38321
1786866508.5372362,0.09,-38367
1786866508.558325,0.09,-38408
1786866508.57818,0.09,-38454
1786866508.598852,0.09,-38511
1786866508.618336,0.09,-38553
1786866508.6340337,0.09,-38606
1786866508.657849,0.09,-38654
1786866508.6808932,0.09,-38699
1786866508.6961713,0.09,-38750
1786866508.7169597,0.09,-38786
1786866508.742421,0.09,-38838
1786866508.7616317,0.09,-38896
1786866508.7749596,0.09,-38952
1786866508.802479,0.09,-38998
1786866508.8210602,0.09,-39044
1786866508.8417995,0.09,-39092
1786866508.8633893,0.09,-39141
1786866508.885645,0.09,-39203
1786866508.906211,0.09,-39253
1786866508.9266503,0.09,-39294
1786866508.9471917,0.10,-39347
1786866508.9671342,0.10,-39405
1786866508.988449,0.10,-39458
1786866509.0084977,0.09,-39506
1786866509.0292933,0.10,-39550
1786866509.0494158,0.10,-39618
1786866509.0696635,0.10,-39714
1786866509.090383,0.10,-39778
1786866509.1110299,0.10,-39831
1786866509.131433,0.10,-39883
1786866509.1515164,0.09,-39940
1786866509.1719525,0.09,-39990
1786866509.1924303,0.09,-40025
1786866509.2131398,0.09,-40095
1786866509.2336257,0.09,-40169
1786866509.2538548,0.10,-40226
1786866509.2748733,0.10,-40289
1786866509.2952342,0.10,-40355
1786866509.3153841,0.09,-40427
1786866509.3360624,0.09,-40499
1786866509.3567646,0.09,-40550
1786866509.377298,0.09,-40620
1786866509.397696,0.09,-40719
1786866509.4181633,0.09,-40839
1786866509.4386065,0.09,-40911
1786866509.4589655,0.09,-40985
1786866509.4794633,0.09,-41048
1786866509.4999368,0.08,-41135
1786866509.5208058,0.08,-41230
1786866509.5408301,0.08,-41292
1786866509.5613928,0.08,-41363
1786866509.5817702,0.08,-41424
1786866509.6022365,0.08,-41498
1786866509.6228852,0.09,-41572
1786866509.6431942,0.09,-41645
1786866509.6641052,0.09,-41708
1786866509.6845722,0.09,-41788
1786866509.7050025,0.08,-41851
1786866509.7255905,0.09,-41950
1786866509.7457411,0.08,-42023
1786866509.7665637,0.09,-42074
1786866509.7868338,0.09,-42161
1786866509.8071816,0.08,-42220
1786866509.8276567,0.09,-42272
1786866509.8483088,0.08,-42325
1786866509.8686564,0.08,-42398
1786866509.8894367,0.08,-42482
1786866509.9096859,0.08,-42542
1786866509.9284768,0.08,-42583
1786866509.9507647,0.08,-42655
1786866509.9707308,0.08,-42735
1786866509.9915965,0.08,-42782
1786866510.0117195,0.08,-42847
1786866510.0327857,0.08,-42897
1786866510.053109,0.08,-42961
1786866510.073241,0.08,-43013
1786866510.0940232,0.09,-43076
1786866510.114611,0.08,-43127
1786866510.134968,0.08,-43176
1786866510.1557217,0.08,-43220
1786866510.176281,0.08,-43271
1786866510.196141,0.08,-43329
1786866510.2171357,0.08,-43371
1786866510.237269,0.08,-43438
1786866510.2574556,0.08,-43496
1786866510.2784176,0.08,-43548
1786866510.2985868,0.08,-43603
1786866510.319092,0.08,-43661
1786866510.3397348,0.08,-43699
1786866510.360082,0.08,-43748
1786866510.3808293,0.08,-43784
1786866510.4012358,0.08,-43820
1786866510.4213083,0.08,-43824
1786866510.4423554,0.08,-43834
1786866510.4626663,0.08,-43866
1786866510.4828882,0.08,-43898
1786866510.5036585,0.08,-43938
1786866510.5238135,0.09,-43993
1786866510.5448844,0.09,-44043
1786866510.5655973,0.08,-44079
1786866510.585435,0.08,-44118
1786866510.6050956,0.08,-44158
1786866510.6266475,0.08,-44197
1786866510.647117,0.08,-44233
1786866510.667537,0.08,-44268
1786866510.6875958,0.08,-44320
1786866510.7082555,0.08,-44364
1786866510.72909,0.07,-44398
1786866510.749591,0.08,-44422
1786866510.7697084,0.07,-44439
1786866510.790519,0.07,-44459
1786866510.8108356,0.07,-44481
1786866510.8314629,0.07,-44502
1786866510.8500602,0.08,-44521
1786866510.8720098,0.07,-44544
1786866510.893059,0.07,-44565
1786866510.9134426,0.07,-44589
1786866510.9335942,0.07,-44608
1786866510.954422,0.07,-44628
1786866510.9747653,0.07,-44651
1786866510.995164,0.07,-44699
1786866511.0150814,0.08,-44755
1786866511.0360744,0.07,-44792
1786866511.0568075,0.08,-44850
1786866511.0775256,0.07,-44903
1786866511.097578,0.07,-44945
1786866511.118099,0.07,-44984
1786866511.13871,0.07,-45026
1786866511.1596122,0.07,-45045
1786866511.1795354,0.07,-45057
1786866511.1998413,0.07,-45081
1786866511.2205389,0.07,-45101
1786866511.2410467,0.07,-45125
1786866511.2616973,0.07,-45144
1786866511.2817066,0.07,-45160
1786866511.3026614,0.07,-45180
1786866511.3231893,0.07,-45200
1786866511.343526,0.07,-45210
1786866511.3643684,0.07,-45230
1786866511.3843625,0.07,-45255
1786866511.404667,0.07,-45269
1786866511.425046,0.07,-45284
1786866511.4456291,0.07,-45307
1786866511.466104,0.07,-45326
1786866511.4866948,0.07,-45335
1786866511.5071232,0.07,-45360
1786866511.5276318,0.07,-45386
1786866511.548363,0.08,-45399
1786866511.567491,0.08,-45413
1786866511.5891287,0.08,-45432
1786866511.6097252,0.08,-45443
1786866511.6300738,0.08,-45448
1786866511.650935,0.07,-45453
1786866511.6710172,0.07,-45465
1786866511.6917892,0.07,-45478
1786866511.711713,0.07,-45498
1786866511.732327,0.07,-45520
1786866511.7529943,0.07,-45541
1786866511.773296,0.07,-45549
1786866511.79425,0.07,-45562
1786866511.8146555,0.07,-45574
1786866511.834877,0.07,-45583
1786866511.8556347,0.07,-45599
1786866511.8761501,0.08,-45615
1786866511.895945,0.07,-45635
1786866511.9168563,0.07,-45653
1786866511.9371753,0.07,-45647
1786866511.9580123,0.07,-45669
1786866511.9785645,0.07,-45676
1786866511.9986265,0.07,-45697
1786866512.019354,0.07,-45722
1786866512.0394866,0.07,-45739
1786866512.0603707,0.07,-45762
1786866512.0809584,0.07,-45775
1786866512.100967,0.07,-45788
1786866512.1215434,0.07,-45798
1786866512.1425073,0.07,-45814
1786866512.162603,0.07,-45831
1786866512.1831756,0.07,-45846
1786866512.2036166,0.08,-45862
1786866512.2244291,0.08,-45882
1786866512.2447374,0.08,-45898
1786866512.2652063,0.08,-45920
1786866512.2855294,0.08,-45940
1786866512.3058443,0.08,-45954
1786866512.3264422,0.08,-45975
1786866512.347199,0.08,-45985
1786866512.3677166,0.08,-46003
1786866512.3877919,0.08,-46022
1786866512.408221,0.08,-46042
1786866512.4290922,0.08,-46064
1786866512.4496593,0.08,-46085
1786866512.4697754,0.08,-46104
1786866512.4904718,0.08,-46123
1786866512.5111778,0.08,-46142
1786866512.5318727,0.08,-46161
1786866512.5505729,0.08,-46182
1786866512.5721602,0.08,-46202
1786866512.5928547,0.08,-46223
1786866512.6134894,0.08,-46245
1786866512.6335342,0.08,-46267
1786866512.654231,0.08,-46289
1786866512.6746762,0.08,-46309
1786866512.6954648,0.08,-46329
1786866512.7158659,0.08,-46345
1786866512.7361712,0.08,-46360
1786866512.7569232,0.08,-46382
1786866512.7772968,0.08,-46403
1786866512.7975845,0.08,-46425
1786866512.8179936,0.08,-46493
1786866512.8382294,0.08,-46560
1786866512.858846,0.08,-46618
1786866512.8793833,0.08,-46658
1786866512.8979883,0.08,-46716
1786866512.920331,0.08,-46757
1786866512.9412117,0.08,-46812
1786866512.9612734,0.08,-46866
1786866512.982076,0.08,-46926
1786866513.0021553,0.08,-46982
1786866513.0229414,0.08,-47038
1786866513.0433884,0.08,-47083
1786866513.0640454,0.08,-47138
1786866513.0845351,0.09,-47174
1786866513.104801,0.09,-47211
1786866513.1251132,0.09,-47263
1786866513.1457355,0.08,-47317
1786866513.1664963,0.09,-47376
1786866513.187268,0.08,-47423
1786866513.2072122,0.08,-47477
1786866513.2274957,0.08,-47523
1786866513.2486157,0.08,-47577
1786866513.2689774,0.08,-47634
1786866513.2895582,0.09,-47703
1786866513.309326,0.09,-47777
1786866513.3301163,0.09,-47826
1786866513.350747,0.09,-47880
1786866513.3708456,0.09,-47929
1786866513.3914945,0.09,-47991
1786866513.4122565,0.09,-48056
1786866513.4331002,0.09,-48109
1786866513.45207,0.10,-48165
1786866513.4733527,0.10,-48246
1786866513.4941673,0.10,-48342
1786866513.514673,0.10,-48446
1786866513.5350642,0.10,-48543
1786866513.5554166,0.10,-48602
1786866513.5757818,0.10,-48683
1786866513.5963492,0.10,-48764
1786866513.6168787,0.10,-48865
1786866513.6373854,0.09,-48999
1786866513.657803,0.09,-49107
1786866513.6783423,0.09,-49204
1786866513.698848,0.09,-49292
1786866513.7192802,0.09,-49311
1786866513.7377813,0.09,-49321
1786866513.760555,0.09,-49343
1786866513.780989,0.09,-49358
1786866513.8011525,0.09,-49376
1786866513.8214388,0.09,-49395
1786866513.8419905,0.09,-49414
1786866513.8625202,0.09,-49430
1786866513.8832335,0.09,-49449
1786866513.9040565,0.09,-49468
1786866513.9239867,0.10,-49488
1786866513.9444435,0.10,-49508
1786866513.9650502,0.10,-49529
1786866513.9853318,0.10,-49548
1786866514.0064704,0.09,-49566
1786866514.0269046,0.09,-49586
1786866514.0470715,0.09,-49607
1786866514.0673375,0.09,-49629
1786866514.0876358,0.09,-49654
1786866514.1086285,0.09,-49675
1786866514.1288188,0.09,-49693
1786866514.1493428,0.09,-49711
1786866514.170172,0.09,-49730
1786866514.1906185,0.09,-49753
1786866514.21092,0.09,-49776
1786866514.2314432,0.08,-49798
1786866514.2518804,0.08,-49818
1786866514.2721422,0.08,-49839
1786866514.2923908,0.08,-49860
1786866514.3134704,0.09,-49882
1786866514.3337727,0.09,-49903
1786866514.3539655,0.09,-49922
1786866514.3747542,0.09,-49945
1786866514.3952465,0.09,-49966
1786866514.416145,0.08,-49987
1786866514.4363396,0.08,-50008
1786866514.4564316,0.09,-50031
1786866514.4768019,0.09,-50052
1786866514.4977293,0.09,-50073
1786866514.5183308,0.09,-50095
1786866514.5386062,0.09,-50118
1786866514.5591528,0.08,-50140
1786866514.5795407,0.08,-50162
1786866514.6001709,0.08,-50184
1786866514.6203356,0.08,-50206
1786866514.6410964,0.08,-50227
1786866514.6612692,0.08,-50248
1786866514.6817853,0.07,-50270
1786866514.7026708,0.07,-50291
1786866514.7234592,0.07,-50312
1786866514.7433662,0.07,-50330
1786866514.7643433,0.08,-50351
1786866514.7843244,0.08,-50375
1786866514.8043773,0.08,-50398
1786866514.8258123,0.08,-50420
1786866514.8459826,0.08,-50442
1786866514.866127,0.07,-50464
1786866514.8867881,0.08,-50485
1786866514.9070976,0.08,-50506
1786866514.9279091,0.08,-50528
1786866514.947646,0.08,-50550
1786866514.9688954,0.08,-50573
1786866514.9890106,0.08,-50596
1786866515.0096931,0.08,-50618
1786866515.0301273,0.08,-50640
1786866515.0507195,0.08,-50662
1786866515.07155,0.08,-50684
1786866515.0919065,0.08,-50706
1786866515.112362,0.08,-50728
1786866515.1327155,0.08,-50750
1786866515.1533997,0.08,-50771
1786866515.1734416,0.08,-50793
1786866515.1946197,0.08,-50816
1786866515.2142653,0.09,-50836
1786866515.2349124,0.09,-50860
1786866515.255754,0.09,-50882
1786866515.2759852,0.09,-50904
1786866515.2968845,0.09,-50927
1786866515.3165953,0.09,-50948
1786866515.3375587,0.09,-50970
1786866515.3578346,0.09,-50992
1786866515.3781543,0.09,-51017
1786866515.3987086,0.09,-51039
1786866515.4191325,0.09,-51061
1786866515.4395237,0.10,-51084
1786866515.4606743,0.10,-51106
1786866515.4807928,0.10,-51129
1786866515.5013738,0.10,-51151
1786866515.5218053,0.10,-51172
1786866515.5423355,0.10,-51197
1786866515.5628393,0.10,-51220
1786866515.5832891,0.10,-51244
1786866515.6036444,0.09,-51267
1786866515.6238968,0.09,-51291
1786866515.6448898,0.10,-51317
1786866515.6651666,0.10,-51338
1786866515.6856647,0.10,-51360
1786866515.7062232,0.10,-51382
1786866515.7265778,0.10,-51402
1786866515.746971,0.10,-51424
1786866515.7673855,0.10,-51444
1786866515.7877927,0.10,-51468
1786866515.8082197,0.10,-51490
1786866515.8289592,0.10,-51513
1786866515.8494706,0.11,-51534
1786866515.8700743,0.10,-51555
1786866515.890699,0.10,-51575
1786866515.9106078,0.10,-51596
1786866515.9316678,0.10,-51618
1786866515.9520473,0.10,-51640
1786866515.9720187,0.10,-51662
1786866515.9927537,0.10,-51685
1786866516.0132966,0.10,-51708
1786866516.0336206,0.09,-51730
1786866516.0544128,0.09,-51751
1786866516.0749686,0.10,-51773
1786866516.0952687,0.10,-51795
1786866516.114609,0.10,-51817
1786866516.1361382,0.10,-51837
1786866516.1568596,0.10,-51859
1786866516.1771967,0.10,-51881
1786866516.197818,0.10,-51903
1786866516.218212,0.10,-51928
1786866516.2383373,0.10,-51950
1786866516.2594166,0.10,-51972
1786866516.2795384,0.10,-51994
1786866516.3002677,0.11,-52016
1786866516.3202825,0.10,-52038
1786866516.3408437,0.10,-52060
1786866516.361497,0.10,-52083
1786866516.3819327,0.10,-52106
1786866516.4027236,0.10,-52127
1786866516.4228377,0.10,-52148
1786866516.443137,0.10,-52169
1786866516.4641156,0.10,-52192
1786866516.484586,0.10,-52214
1786866516.5045717,0.10,-52236
1786866516.525349,0.10,-52258
1786866516.546044,0.10,-52279
1786866516.5663793,0.10,-52301
1786866516.5868776,0.10,-52324
1786866516.607326,0.10,-52347
1786866516.6276956,0.09,-52368
1786866516.648443,0.10,-52389
1786866516.6688643,0.09,-52413
1786866516.689502,0.09,-52435
1786866516.7098312,0.09,-52457
1786866516.7300582,0.09,-52479
1786866516.7504025,0.09,-52501
1786866516.771511,0.09,-52521
1786866516.7915168,0.09,-52543
1786866516.812095,0.09,-52566
1786866516.8329613,0.10,-52588
1786866516.8529055,0.10,-52610
1786866516.8740613,0.10,-52631
1786866516.8938994,0.10,-52654
1786866516.9146023,0.10,-52677
1786866516.9348164,0.10,-52701
1786866516.9537368,0.09,-52723
1786866516.9757743,0.09,-52745
1786866516.9966948,0.09,-52766
1786866517.0168333,0.09,-52788
1786866517.0371625,0.09,-52811
1786866517.0578125,0.09,-52833
1786866517.0786378,0.09,-52856
1786866517.098728,0.10,-52879
1786866517.1193593,0.10,-52901
1786866517.1402113,0.10,-52926
1786866517.1606808,0.10,-52948
1786866517.1806438,0.10,-52970
1786866517.2012982,0.10,-52992
1786866517.2219596,0.10,-53014
1786866517.242301,0.10,-53036
1786866517.2624552,0.10,-53059
1786866517.2833745,0.10,-53081
1786866517.303502,0.10,-53104
1786866517.3239825,0.10,-53127
1786866517.3444617,0.10,-53148
1786866517.365036,0.10,-53171
1786866517.3854618,0.10,-53193
1786866517.405916,0.10,-53215
1786866517.4268079,0.10,-53237
1786866517.446839,0.10,-53259
1786866517.4675915,0.10,-53280
1786866517.4882894,0.10,-53302
1786866517.5075412,0.10,-53325
1786866517.5292118,0.10,-53347
1786866517.549517,0.11,-53368
1786866517.570534,0.10,-53389
1786866517.5906763,0.10,-53412
1786866517.6111016,0.11,-53433
1786866517.6312594,0.11,-53456
1786866517.6520338,0.11,-53478
1786866517.6726403,0.11,-53500
1786866517.6930642,0.10,-53522
1786866517.7135851,0.10,-53547
1786866517.7339633,0.10,-53569
1786866517.7545545,0.10,-53592
1786866517.7745118,0.10,-53615
1786866517.7955515,0.10,-53637
1786866517.8155434,0.10,-53660
1786866517.8367634,0.10,-53682
1786866517.8566372,0.10,-53704
1786866517.877524,0.10,-53726
1786866517.897862,0.10,-53748
1786866517.9179392,0.10,-53771
1786866517.9386935,0.10,-53793
1786866517.9588432,0.10,-53817
1786866517.9798014,0.10,-53839
1786866518.000314,0.10,-53862
1786866518.0203588,0.10,-53884
1786866518.041473,0.11,-53906
1786866518.0616224,0.11,-53928
1786866518.0820363,0.11,-53950
1786866518.1025796,0.11,-53972
1786866518.1226165,0.11,-53994
1786866518.1437519,0.11,-54016
1786866518.164307,0.11,-54037
1786866518.1844738,0.10,-54060
1786866518.2051103,0.10,-54084
1786866518.2251704,0.11,-54106
1786866518.2454715,0.11,-54129
1786866518.2661655,0.11,-54151
1786866518.2866693,0.11,-54174
1786866518.3075247,0.10,-54196
1786866518.327883,0.10,-54218
1786866518.348831,0.10,-54241
1786866518.3684716,0.10,-54263
1786866518.3893197,0.10,-54286
1786866518.4101324,0.10,-54309
1786866518.4300337,0.11,-54331
1786866518.450581,0.10,-54353
1786866518.471378,0.11,-54375
1786866518.491321,0.10,-54394
1786866518.5128427,0.10,-54416
1786866518.5330374,0.10,-54439
1786866518.5530984,0.10,-54461
1786866518.5735083,0.10,-54483
1786866518.5941827,0.10,-54506
1786866518.614492,0.10,-54529
1786866518.6348565,0.11,-54553
1786866518.6553986,0.11,-54575
1786866518.6765237,0.11,-54597
1786866518.6962023,0.11,-54619
1786866518.7168343,0.10,-54641
1786866518.7373414,0.10,-54663
1786866518.757987,0.10,-54685
1786866518.778297,0.10,-54710
1786866518.7987278,0.10,-54732
1786866518.819302,0.10,-54754
1786866518.8400147,0.10,-54776
1786866518.8604643,0.10,-54798
1786866518.8807855,0.10,-54821
1786866518.9016614,0.10,-54844
1786866518.9219131,0.10,-54866
1786866518.9422507,0.10,-54888
1786866518.962878,0.10,-54911
1786866518.9830863,0.11,-54934
1786866519.0028813,0.11,-54956
1786866519.0239768,0.11,-54978
1786866519.0448356,0.11,-55001
1786866519.0653372,0.11,-55023
1786866519.0856352,0.11,-55046
1786866519.106194,0.11,-55070
1786866519.1265316,0.11,-55092
1786866519.1471786,0.11,-55114
1786866519.1678529,0.11,-55135
1786866519.1877642,0.11,-55156
1786866519.2086177,0.11,-55179
1786866519.2293842,0.10,-55201
1786866519.2499278,0.11,-55223
1786866519.2702267,0.10,-55246
1786866519.2906659,0.11,-55268
1786866519.310744,0.10,-55290
1786866519.3315725,0.11,-55312
1786866519.3520787,0.11,-55333
1786866519.3724287,0.11,-55355
1786866519.3930743,0.11,-55377
1786866519.4133883,0.11,-55400
1786866519.4337769,0.11,-55422
1786866519.454513,0.11,-55444
1786866519.475009,0.11,-55466
1786866519.4953105,0.11,-55488
1786866519.5159924,0.11,-55510
1786866519.5363796,0.10,-55533
1786866519.5575318,0.11,-55555
1786866519.5758407,0.10,-55577
1786866519.597501,0.10,-55599
1786866519.6180215,0.10,-55621
1786866519.6384,0.10,-55643
1786866519.6595588,0.10,-55667
1786866519.680041,0.10,-55689
1786866519.700108,0.10,-55711
1786866519.7202985,0.10,-55733
1786866519.741629,0.10,-55755
1786866519.7615905,0.10,-55777
1786866519.7818353,0.10,-55799
1786866519.8026814,0.10,-55821
1786866519.822781,0.10,-55844
1786866519.8433115,0.11,-55866
1786866519.8637116,0.10,-55888
1786866519.8842216,0.10,-55910
1786866519.9050198,0.10,-55932
1786866519.9255264,0.10,-55955
1786866519.9455519,0.10,-55977
1786866519.9661705,0.10,-55999
1786866519.9869578,0.10,-56021
1786866520.0074973,0.10,-56044
1786866520.0279226,0.10,-56066
1786866520.048574,0.10,-56088
1786866520.0685139,0.09,-56110
1786866520.0893846,0.09,-56132
1786866520.1099508,0.09,-56153
1786866520.1299918,0.09,-56175
1786866520.1510503,0.09,-56198
1786866520.1670766,0.09,-56221
1786866520.191565,0.09,-56243
1786866520.2119093,0.08,-56265
1786866520.2326643,0.08,-56287
1786866520.2533164,0.08,-56309
1786866520.2734115,0.08,-56331
1786866520.2942157,0.08,-56354
1786866520.3144267,0.08,-56376
1786866520.3347955,0.08,-56400
1786866520.355504,0.08,-56423
1786866520.3756695,0.08,-56445
1786866520.3964796,0.08,-56467
1786866520.416952,0.08,-56489
1786866520.4373984,0.09,-56510
1786866520.4579213,0.09,-56532
1786866520.478362,0.09,-56556
1786866520.4990473,0.09,-56578
1786866520.5191455,0.08,-56600
1786866520.539583,0.08,-56622
1786866520.5605292,0.08,-56644
1786866520.5807867,0.08,-56666
1786866520.6010332,0.08,-56689
1786866520.6220014,0.08,-56711
1786866520.642038,0.08,-56733
1786866520.6626272,0.08,-56755
1786866520.6834438,0.08,-56775
1786866520.703695,0.08,-56797
1786866520.723851,0.08,-56820
1786866520.7445633,0.08,-56841
1786866520.7651727,0.08,-56863
1786866520.7856174,0.08,-56884
1786866520.8060827,0.08,-56906
1786866520.826761,0.08,-56929
1786866520.847164,0.08,-56951
1786866520.8673933,0.08,-56974
1786866520.8880394,0.08,-56996
1786866520.9082572,0.08,-57018
1786866520.9289854,0.08,-57040
1786866520.949727,0.08,-57062
1786866520.9702008,0.08,-57084
1786866520.9906409,0.08,-57107
1786866521.0109315,0.08,-57129
1786866521.0315492,0.08,-57152
1786866521.0520332,0.08,-57174
1786866521.0720537,0.08,-57196
1786866521.0927374,0.08,-57218
1786866521.1134565,0.08,-57241
1786866521.1338105,0.08,-57263
1786866521.1546023,0.08,-57285
1786866521.1750524,0.08,-57306
1786866521.1948671,0.08,-57328
1786866521.2158291,0.08,-57351
1786866521.2359407,0.08,-57373
1786866521.2568777,0.08,-57395
1786866521.2775676,0.08,-57417
1786866521.2977352,0.08,-57438
1786866521.3184488,0.08,-57460
1786866521.3388093,0.08,-57482
1786866521.3588877,0.08,-57504
1786866521.3797507,0.08,-57527
1786866521.4004347,0.08,-57549
1786866521.4208324,0.08,-57571
1786866521.4410665,0.09,-57593
1786866521.4612496,0.09,-57616
1786866521.4818158,0.09,-57640
1786866521.5025313,0.09,-57663
1786866521.5228925,0.09,-57686
1786866521.5433168,0.09,-57708
1786866521.5641758,0.09,-57730
1786866521.5846229,0.09,-57752
1786866521.6047857,0.09,-57774
1786866521.6253211,0.09,-57797
1786866521.6460788,0.09,-57820
1786866521.6664698,0.09,-57842
1786866521.6866086,0.09,-57865
1786866521.7074745,0.09,-57890
1786866521.7278228,0.09,-57913
1786866521.74821,0.10,-57936
1786866521.7685497,0.09,-57958
1786866521.7894228,0.09,-57981
1786866521.8096564,0.09,-58002
1786866521.8302686,0.10,-58027
1786866521.8509839,0.10,-58050
1786866521.8710034,0.09,-58072
1786866521.8920014,0.09,-58094
1786866521.911822,0.09,-58116
1786866521.932983,0.09,-58137
1786866521.9536939,0.09,-58158
1786866521.9738803,0.09,-58181
1786866521.994266,0.09,-58206
1786866522.0142417,0.09,-58228
1786866522.0348318,0.09,-58250
1786866522.0555952,0.09,-58272
1786866522.0757768,0.09,-58294
1786866522.096847,0.09,-58318
1786866522.1171134,0.09,-58340
1786866522.1373687,0.09,-58362
1786866522.1578665,0.09,-58384
1786866522.1786954,0.09,-58406
1786866522.1995938,0.09,-58428
1786866522.2191167,0.09,-58450
1786866522.239695,0.09,-58472
1786866522.2607257,0.09,-58493
1786866522.28111,0.09,-58515
1786866522.3011777,0.09,-58538
1786866522.3220503,0.08,-58560
1786866522.3422463,0.08,-58582
1786866522.3624597,0.08,-58604
1786866522.3828695,0.08,-58626
1786866522.4042923,0.08,-58649
1786866522.4243832,0.08,-58670
1786866522.4452934,0.09,-58692
1786866522.464897,0.08,-58715
1786866522.485958,0.08,-58737
1786866522.5061731,0.08,-58759
1786866522.526468,0.08,-58781
1786866522.5472744,0.08,-58804
1786866522.5675666,0.09,-58826
1786866522.5877924,0.09,-58848
1786866522.6087277,0.09,-58872
1786866522.6289294,0.09,-58893
1786866522.6492105,0.09,-58916
1786866522.6701975,0.09,-58938
1786866522.6907175,0.09,-58960
1786866522.7107708,0.09,-58984
1786866522.7313416,0.09,-59007
1786866522.751458,0.09,-59029
1786866522.772303,0.09,-59052
1786866522.7925558,0.09,-59074
1786866522.813304,0.09,-59097
1786866522.8340151,0.09,-59120
1786866522.8546693,0.09,-59143
1786866522.8750916,0.09,-59166
1786866522.8951483,0.09,-59188
1786866522.9160438,0.09,-59211
1786866522.9365308,0.09,-59233
1786866522.9568646,0.09,-59255
1786866522.9771945,0.09,-59277
1786866522.9980497,0.09,-59301
1786866523.0183666,0.09,-59325
1786866523.0389278,0.09,-59347
1786866523.059094,0.09,-59369
1786866523.079534,0.09,-59391
1786866523.1003485,0.09,-59414
1786866523.1202996,0.10,-59438
1786866523.1406755,0.10,-59458
1786866523.1612906,0.10,-59480
1786866523.1818829,0.10,-59503
1786866523.2027528,0.10,-59527
1786866523.2216566,0.09,-59551
1786866523.2434468,0.09,-59572
1786866523.2637274,0.09,-59593
1786866523.2841988,0.09,-59616
1786866523.3049977,0.09,-59639
1786866523.3256106,0.09,-59663
1786866523.3460174,0.09,-59684
1786866523.3662326,0.09,-59707
1786866523.3862953,0.10,-59728
1786866523.4075716,0.10,-59751
1786866523.4283197,0.10,-59775
1786866523.4481862,0.10,-59798
1786866523.4687083,0.10,-59821
1786866523.489333,0.10,-59844
1786866523.509575,0.10,-59867
1786866523.530401,0.10,-59889
1786866523.550951,0.10,-59912
1786866523.5712452,0.09,-59935
1786866523.5915904,0.09,-59958
1786866523.6118705,0.10,-59980
1786866523.6323667,0.10,-60003
1786866523.6529567,0.10,-60026
1786866523.6738465,0.09,-60049
1786866523.6938033,0.10,-60073
1786866523.7148721,0.10,-60096
1786866523.7352471,0.10,-60118
1786866523.7557352,0.09,-60141
1786866523.775856,0.09,-60165
1786866523.7964818,0.09,-60186
1786866523.8167598,0.09,-60207
1786866523.8375173,0.10,-60230
1786866523.8577335,0.10,-60252
1786866523.8783019,0.10,-60273
1786866523.8992105,0.09,-60296
1786866523.9197037,0.09,-60318
1786866523.9396718,0.10,-60341
1786866523.96049,0.10,-60363
1786866523.980586,0.09,-60385
1786866524.0011556,0.09,-60408
1786866524.0216672,0.09,-60429
1786866524.0419855,0.10,-60452
1786866524.0629961,0.09,-60475
1786866524.0832486,0.09,-60498
1786866524.1038094,0.09,-60520
1786866524.1244276,0.09,-60544
1786866524.144493,0.09,-60565
1786866524.165425,0.09,-60588
1786866524.185498,0.09,-60610
1786866524.2062237,0.09,-60633
1786866524.2267866,0.09,-60655
1786866524.247199,0.09,-60677
1786866524.267598,0.08,-60702
1786866524.2879722,0.08,-60724
1786866524.308813,0.08,-60747
1786866524.3291607,0.08,-60768
1786866524.3498163,0.08,-60789
1786866524.3706207,0.09,-60810
1786866524.3905551,0.09,-60833
1786866524.4113033,0.09,-60859
1786866524.4314666,0.09,-60881
1786866524.4521263,0.08,-60905
1786866524.4723022,0.09,-60925
1786866524.4928854,0.09,-60948
1786866524.5134885,0.09,-60968
1786866524.5339637,0.08,-60989
1786866524.5548608,0.08,-61010
1786866524.5747461,0.08,-61032
1786866524.5948887,0.08,-61054
1786866524.615797,0.08,-61077
1786866524.6359806,0.08,-61099
1786866524.6566768,0.08,-61121
1786866524.6776886,0.08,-61144
1786866524.6974442,0.08,-61167
1786866524.718496,0.08,-61188
1786866524.738645,0.08,-61209
1786866524.7594228,0.08,-61232
1786866524.7792532,0.08,-61255
1786866524.7999082,0.08,-61277
1786866524.8204741,0.08,-61299
1786866524.8409965,0.08,-61320
1786866524.8612103,0.08,-61341
1786866524.8821597,0.08,-61363
1786866524.9032502,0.08,-61385
1786866524.9227254,0.08,-61408
1786866524.943696,0.07,-61430
1786866524.964238,0.07,-61450
1786866524.9844031,0.07,-61473
1786866525.0047972,0.07,-61495
1786866525.025384,0.07,-61517
1786866525.0457761,0.07,-61539
1786866525.0667486,0.07,-61562
1786866525.0865834,0.07,-61584
1786866525.107594,0.07,-61605
1786866525.1280856,0.07,-61628
1786866525.1485846,0.08,-61652
1786866525.1688366,0.08,-61675
1786866525.1893225,0.07,-61697
1786866525.210065,0.07,-61718
1786866525.2305806,0.07,-61740
1786866525.2508996,0.07,-61761
1786866525.271421,0.06,-61781
1786866525.2918856,0.06,-61802
1786866525.3119648,0.06,-61826
1786866525.331809,0.06,-61849
1786866525.353074,0.06,-61869
1786866525.3735938,0.06,-61896
1786866525.3940072,0.06,-61922
1786866525.4147298,0.06,-61943
1786866525.43506,0.06,-61965
1786866525.452842,0.06,-61987
1786866525.4759662,0.07,-62010
1786866525.4964032,0.07,-62034
1786866525.5169513,0.07,-62057
1786866525.537713,0.06,-62079
1786866525.5577102,0.07,-62100
1786866525.5756943,0.07,-62121
1786866525.5991724,0.06,-62143
1786866525.6194339,0.06,-62165
1786866525.639721,0.06,-62187
1786866525.660161,0.06,-62210
1786866525.6805747,0.06,-62232
1786866525.701373,0.06,-62255
1786866525.7221844,0.06,-62277
1786866525.7425559,0.06,-62298
1786866525.762874,0.06,-62321
1786866525.7829194,0.06,-62343
1786866525.8037086,0.06,-62365
1786866525.8240266,0.06,-62387
1786866525.8447173,0.06,-62408
1786866525.8651092,0.06,-62430
1786866525.8858194,0.06,-62453
1786866525.9064257,0.06,-62475
1786866525.9266083,0.06,-62497
1786866525.9469295,0.06,-62519
1786866525.967595,0.06,-62540
1786866525.987067,0.06,-62562
1786866526.0082045,0.07,-62583
1786866526.029345,0.07,-62602
1786866526.049543,0.07,-62624
1786866526.0701027,0.07,-62649
1786866526.090239,0.07,-62671
1786866526.1108499,0.07,-62693
1786866526.1313848,0.07,-62715
1786866526.151725,0.07,-62738
1786866526.1722383,0.07,-62761
1786866526.1932554,0.07,-62784
1786866526.2135844,0.07,-62806
1786866526.234056,0.07,-62830
1786866526.254302,0.07,-62852
1786866526.2749581,0.07,-62876
1786866526.2954679,0.07,-62898
1786866526.315576,0.07,-62920
1786866526.3361466,0.07,-62944
1786866526.3564372,0.06,-62965
1786866526.377076,0.06,-62987
1786866526.3977654,0.06,-63009
1786866526.4181092,0.06,-63032
1786866526.4387462,0.06,-63055
1786866526.4592526,0.06,-63076
1786866526.479812,0.06,-63097
1786866526.5003703,0.05,-63121
1786866526.5201416,0.05,-63142
1786866526.5412495,0.05,-63163
1786866526.561279,0.05,-63185
1786866526.5822132,0.05,-63206
1786866526.6022565,0.06,-63230
1786866526.6232955,0.06,-63252
1786866526.6435354,0.06,-63273
1786866526.663973,0.06,-63295
1786866526.684681,0.06,-63315
1786866526.7048504,0.06,-63337
1786866526.7257776,0.06,-63361
1786866526.745852,0.06,-63384
1786866526.7665865,0.06,-63406
1786866526.7869065,0.07,-63428
1786866526.807043,0.06,-63449
1786866526.827712,0.06,-63472
1786866526.8482456,0.06,-63495
1786866526.8689423,0.06,-63516
1786866526.8894684,0.07,-63537
1786866526.90966,0.07,-63560
1786866526.930436,0.07,-63582
1786866526.950664,0.06,-63605
1786866526.971017,0.06,-63627
1786866526.9915252,0.06,-63650
1786866527.0121014,0.06,-63672
1786866527.0328612,0.06,-63694
1786866527.0532582,0.06,-63715
1786866527.0735881,0.06,-63735
1786866527.0943587,0.06,-63758
1786866527.114739,0.06,-63780
1786866527.1350753,0.06,-63804
1786866527.1558425,0.06,-63826
1786866527.1757233,0.05,-63849
1786866527.1962595,0.06,-63872
1786866527.2162068,0.05,-63895
1786866527.2366717,0.05,-63917
1786866527.258351,0.05,-63939
1786866527.2782555,0.06,-63961
1786866527.2986147,0.06,-63983
1786866527.319673,0.06,-64006
1786866527.33977,0.06,-64029
1786866527.3607528,0.05,-64051
1786866527.3810174,0.05,-64073
1786866527.4015214,0.05,-64095
1786866527.4218962,0.05,-64118
1786866527.4421668,0.05,-64140
1786866527.4626791,0.05,-64162
1786866527.483532,0.05,-64184
1786866527.5041485,0.05,-64207
1786866527.5249333,0.06,-64229
1786866527.544987,0.06,-64252
1786866527.5651114,0.05,-64274
1786866527.585717,0.05,-64296
1786866527.6065116,0.05,-64319
1786866527.6232255,0.05,-64342
1786866527.6473076,0.05,-64365
1786866527.6672668,0.05,-64387
1786866527.6885824,0.05,-64410
1786866527.7084181,0.05,-64432
1786866527.728125,0.05,-64456
1786866527.7498236,0.05,-64476
1786866527.7699711,0.05,-64498
1786866527.790596,0.05,-64521
1786866527.8113205,0.05,-64543
1786866527.831923,0.05,-64566
1786866527.8515792,0.05,-64588
1786866527.8726082,0.05,-64611
1786866527.893148,0.05,-64633
1786866527.913684,0.05,-64655
1786866527.9342017,0.06,-64677
1786866527.954813,0.06,-64699
1786866527.9748096,0.05,-64721
1786866527.9956152,0.05,-64743
1786866528.0156353,0.05,-64765
1786866528.0360038,0.05,-64787
1786866528.0566633,0.05,-64809
1786866528.0775397,0.05,-64831
1786866528.0975819,0.05,-64853
1786866528.1184568,0.05,-64875
1786866528.138467,0.05,-64897
1786866528.159427,0.04,-64920
1786866528.1799653,0.04,-64942
1786866528.1999059,0.04,-64966
1786866528.2203858,0.04,-64988
1786866528.241325,0.04,-65010
1786866528.2616034,0.04,-65032
1786866528.2817137,0.04,-65055
1786866528.3029735,0.04,-65078
1786866528.3228097,0.04,-65100
1786866528.344123,0.04,-65121
1786866528.3638382,0.04,-65142
1786866528.3845432,0.03,-65164
1786866528.4051473,0.03,-65186
1786866528.4255722,0.03,-65210
1786866528.4458144,0.03,-65234
1786866528.4659953,0.04,-65257
1786866528.486659,0.04,-65279
1786866528.507474,0.04,-65301
1786866528.5278695,0.04,-65321
1786866528.5482907,0.04,-65343
1786866528.5686793,0.04,-65365
1786866528.5892017,0.04,-65387
1786866528.609979,0.05,-65408
1786866528.63041,0.05,-65430
1786866528.6505241,0.06,-65452
1786866528.6714234,0.06,-65472
1786866528.691795,0.06,-65494
1786866528.7121365,0.06,-65515
1786866528.7326865,0.06,-65540
1786866528.7532258,0.05,-65564
1786866528.7739096,0.05,-65585
1786866528.7939498,0.05,-65606
1786866528.8145483,0.05,-65629
1786866528.8351026,0.05,-65651
1786866528.8558266,0.05,-65674
1786866528.8759475,0.05,-65696
1786866528.896776,0.05,-65719
1786866528.9169996,0.05,-65740
1786866528.937121,0.05,-65762
1786866528.957839,0.05,-65784
1786866528.978694,0.05,-65807
1786866528.9992707,0.05,-65828
1786866529.0196283,0.05,-65850
1786866529.040105,0.06,-65872
1786866529.0603278,0.06,-65893
1786866529.0808249,0.06,-65913
1786866529.101407,0.05,-65936
1786866529.1218066,0.06,-65960
1786866529.1424263,0.06,-65982
1786866529.1629667,0.06,-66004
1786866529.1834698,0.06,-66024
1786866529.2038248,0.06,-66048
1786866529.2240632,0.06,-66070
1786866529.244391,0.06,-66092
1786866529.2648947,0.05,-66114
1786866529.285674,0.05,-66136
1786866529.3059072,0.05,-66160
1786866529.326539,0.05,-66183
1786866529.3474052,0.05,-66207
1786866529.367355,0.05,-66230
1786866529.388373,0.05,-66252
1786866529.4086113,0.05,-66274
1786866529.4293196,0.05,-66297
1786866529.4494789,0.05,-66319
1786866529.4701073,0.05,-66342
1786866529.4911222,0.05,-66364
1786866529.5112827,0.05,-66386
1786866529.5314796,0.05,-66409
1786866529.5517623,0.05,-66429
1786866529.5727293,0.05,-66451
1786866529.5931592,0.05,-66474
1786866529.6125276,0.05,-66496
1786866529.634277,0.05,-66518
1786866529.6543252,0.05,-66540
1786866529.675083,0.05,-66563
1786866529.6954396,0.05,-66586
1786866529.7155716,0.05,-66609
1786866529.736039,0.05,-66632
1786866529.7567499,0.05,-66654
1786866529.7771728,0.05,-66676
1786866529.7976692,0.06,-66698
1786866529.8178086,0.05,-66720
1786866529.8388953,0.05,-66742
1786866529.859263,0.05,-66765
1786866529.8794112,0.05,-66787
1786866529.9002638,0.05,-66809
1786866529.9208968,0.05,-66831
1786866529.9413717,0.05,-66852
1786866529.9611738,0.05,-66874
1786866529.9821615,0.05,-66898
1786866530.002382,0.05,-66920
1786866530.023194,0.05,-66943
1786866530.0437527,0.05,-66965
1786866530.0636795,0.05,-66987
1786866530.083063,0.05,-67009
1786866530.105023,0.05,-67033
1786866530.1250944,0.05,-67055
1786866530.145667,0.05,-67077
1786866530.1666934,0.05,-67099
1786866530.1866686,0.05,-67121
1786866530.207343,0.05,-67143
1786866530.2276711,0.05,-67165
1786866530.2485416,0.05,-67188
1786866530.2687228,0.05,-67210
1786866530.2891858,0.05,-67232
1786866530.3097782,0.05,-67254
1786866530.330545,0.06,-67276
1786866530.350733,0.06,-67298
1786866530.371056,0.05,-67321
1786866530.392058,0.05,-67343
1786866530.4123933,0.05,-67364
1786866530.4323208,0.05,-67386
1786866530.4530506,0.05,-67407
1786866530.4735734,0.06,-67428
1786866530.4940274,0.06,-67451
1786866530.5143569,0.06,-67473
1786866530.5347338,0.06,-67494
1786866530.5553908,0.06,-67518
1786866530.575982,0.06,-67541
1786866530.5963974,0.05,-67563
1786866530.6166866,0.06,-67585
1786866530.6377335,0.06,-67608
1786866530.6581616,0.06,-67630
1786866530.6785345,0.05,-67652
1786866530.6988022,0.05,-67674
1786866530.719709,0.05,-67696
1786866530.739989,0.05,-67719
1786866530.76068,0.06,-67743
1786866530.780759,0.06,-67765
1786866530.801795,0.05,-67787
1786866530.8216946,0.06,-67810
1786866530.842162,0.06,-67832
1786866530.8626158,0.06,-67854
1786866530.8831415,0.06,-67877
1786866530.9039965,0.06,-67899
1786866530.924396,0.06,-67921
1786866530.9448998,0.06,-67943
1786866530.9652038,0.06,-67965
1786866530.985418,0.06,-67987
1786866531.0041158,0.05,-68010
1786866531.0267406,0.05,-68032
1786866531.0469925,0.05,-68054
1786866531.067389,0.05,-68077
1786866531.0882747,0.05,-68099
1786866531.1084461,0.05,-68122
1786866531.1289923,0.05,-68145
1786866531.1497457,0.05,-68167
1786866531.170355,0.05,-68189
1786866531.1908112,0.04,-68211
1786866531.211296,0.04,-68233
1786866531.231181,0.05,-68255
1786866531.2521713,0.05,-68278
1786866531.2723835,0.05,-68300
1786866531.2930715,0.05,-68322
1786866531.3139596,0.05,-68345
1786866531.333399,0.05,-68367
1786866531.3544412,0.05,-68389
1786866531.3749125,0.05,-68411
1786866531.3954163,0.05,-68434
1786866531.4157588,0.05,-68457
1786866531.436682,0.05,-68479
1786866531.4569478,0.05,-68501
1786866531.477112,0.05,-68524
1786866531.4979463,0.05,-68546
1786866531.5183587,0.05,-68569
1786866531.538937,0.05,-68591
1786866531.559354,0.05,-68613
1786866531.5798006,0.05,-68634
1786866531.600593,0.05,-68658
1786866531.6208518,0.05,-68679
1786866531.641144,0.05,-68700
1786866531.6614554,0.05,-68724
1786866531.6823757,0.05,-68750
1786866531.7024305,0.05,-68774
1786866531.7232044,0.05,-68797
1786866531.74382,0.05,-68819
1786866531.764274,0.04,-68845
1786866531.784741,0.04,-68863
1786866531.8046603,0.04,-68886
1786866531.8254993,0.04,-68907
1786866531.8461516,0.04,-68928
1786866531.8668187,0.04,-68951
1786866531.8870676,0.04,-68973
1786866531.907366,0.04,-68995
1786866531.927633,0.04,-69018
1786866531.9482317,0.04,-69038
1786866531.9689512,0.04,-69061
1786866531.9892938,0.03,-69082
1786866532.0100954,0.04,-69102
1786866532.0307186,0.04,-69125
1786866532.0511367,0.04,-69147
1786866532.0714664,0.04,-69171
1786866532.0917358,0.04,-69196
1786866532.1125484,0.04,-69218
1786866532.1325989,0.04,-69239
1786866532.1529818,0.03,-69261
1786866532.173416,0.04,-69284
1786866532.1939368,0.04,-69306
1786866532.214631,0.04,-69327
1786866532.235103,0.04,-69348
1786866532.25537,0.04,-69369
1786866532.2762792,0.04,-69391
1786866532.2966666,0.04,-69413
1786866532.317226,0.04,-69434
1786866532.3374786,0.04,-69456
1786866532.3579226,0.04,-69477
1786866532.3783948,0.04,-69499
1786866532.3992476,0.04,-69521
1786866532.419528,0.04,-69542
1786866532.4400918,0.04,-69562
1786866532.4605014,0.05,-69585
1786866532.4808333,0.05,-69608
1786866532.5011322,0.05,-69633
1786866532.521613,0.05,-69656
1786866532.5425553,0.05,-69676
1786866532.5625157,0.05,-69699
1786866532.583154,0.05,-69721
1786866532.6038148,0.05,-69743
1786866532.6240222,0.05,-69767
1786866532.6449504,0.05,-69789
1786866532.665299,0.05,-69813
1786866532.6856668,0.05,-69835
1786866532.7064657,0.05,-69857
1786866532.7260756,0.05,-69879
1786866532.7474198,0.05,-69901
1786866532.767912,0.05,-69923
1786866532.7882912,0.05,-69945
1786866532.808533,0.05,-69967
1786866532.8288314,0.05,-69989
1786866532.849744,0.05,-70012
1786866532.8702004,0.04,-70034
1786866532.8906274,0.05,-70057
1786866532.9109132,0.05,-70080
1786866532.931654,0.05,-70101
1786866532.9518473,0.04,-70125
1786866532.9722583,0.04,-70147
1786866532.9931931,0.04,-70168
1786866533.0137079,0.04,-70192
1786866533.0341232,0.04,-70214
1786866533.054432,0.04,-70236
1786866533.0749269,0.04,-70257
1786866533.0950196,0.04,-70278
1786866533.115722,0.04,-70301
1786866533.136444,0.05,-70323
1786866533.15704,0.05,-70345
1786866533.177145,0.05,-70369
1786866533.1980102,0.05,-70391
1786866533.2180889,0.05,-70413
1786866533.238511,0.05,-70434
1786866533.259562,0.05,-70456
1786866533.2798908,0.05,-70479
1786866533.2998872,0.05,-70501
1786866533.3204322,0.05,-70523
1786866533.341196,0.05,-70547
1786866533.3618565,0.05,-70569
1786866533.3820808,0.05,-70591
1786866533.402764,0.05,-70614
1786866533.422866,0.05,-70637
1786866533.4434419,0.05,-70657
1786866533.463889,0.05,-70679
1786866533.4849029,0.05,-70703
1786866533.5048537,0.05,-70724
1786866533.5251396,0.05,-70746
1786866533.5461583,0.05,-70768
1786866533.5667143,0.06,-70789
1786866533.5866292,0.06,-70811
1786866533.6073349,0.06,-70832
1786866533.6281023,0.06,-70855
1786866533.648001,0.05,-70876
1786866533.6692457,0.06,-70898
1786866533.6895316,0.06,-70919
1786866533.7098663,0.06,-70939
1786866533.7305536,0.06,-70961
1786866533.750733,0.06,-70983
1786866533.7712774,0.06,-71005
1786866533.7916098,0.05,-71027
1786866533.811585,0.05,-71050
1786866533.8327022,0.05,-71072
1786866533.8528926,0.05,-71094
1786866533.873687,0.05,-71117
1786866533.8941102,0.05,-71137
1786866533.9139793,0.05,-71159
1786866533.9348776,0.05,-71181
1786866533.9556053,0.05,-71203
1786866533.9763837,0.06,-71228
1786866533.9965732,0.06,-71250
1786866534.0173435,0.06,-71271
1786866534.0375152,0.06,-71292
1786866534.0579815,0.06,-71314
1786866534.078667,0.06,-71336
1786866534.0991936,0.06,-71358
1786866534.1195736,0.06,-71380
1786866534.1399503,0.06,-71402
1786866534.1602592,0.06,-71424
1786866534.1810877,0.06,-71446
1786866534.2014472,0.06,-71467
1786866534.2215836,0.06,-71492
1786866534.2421582,0.06,-71514
1786866534.2628288,0.06,-71536
1786866534.283243,0.06,-71558
1786866534.303666,0.06,-71582
1786866534.3236449,0.06,-71604
1786866534.3446436,0.06,-71626
1786866534.3654833,0.06,-71648
1786866534.3860037,0.05,-71669
1786866534.4066677,0.06,-71691
1786866534.4268475,0.05,-71711
1786866534.4456236,0.05,-71733
1786866534.4678795,0.04,-71756
1786866534.4880924,0.05,-71776
1786866534.5089467,0.04,-71797
1786866534.5294178,0.04,-71821
1786866534.5497818,0.04,-71844
1786866534.5697136,0.05,-71866
1786866534.5889213,0.05,-71889
1786866534.6109955,0.04,-71911
1786866534.6312041,0.05,-71932
1786866534.6519308,0.05,-71956
1786866534.6723378,0.05,-71977
1786866534.692659,0.04,-71999
1786866534.7133846,0.05,-72022
1786866534.7337282,0.05,-72044
1786866534.754832,0.05,-72067
1786866534.7751288,0.05,-72089
1786866534.795684,0.05,-72111
1786866534.816047,0.05,-72133
1786866534.8362603,0.05,-72157
1786866534.8565743,0.04,-72180
1786866534.877493,0.04,-72204
1786866534.8979383,0.05,-72225
1786866534.918095,0.05,-72248
1786866534.938906,0.04,-72270
1786866534.9588492,0.04,-72292
1786866534.9797754,0.04,-72315
1786866535.0000541,0.04,-72337
1786866535.020431,0.04,-72358
1786866535.0408525,0.05,-72382
1786866535.061463,0.05,-72404
1786866535.0822499,0.04,-72426
1786866535.102522,0.04,-72448
1786866535.123226,0.04,-72471
1786866535.1436176,0.04,-72493
1786866535.1637788,0.04,-72515
1786866535.1848338,0.04,-72537
1786866535.2050629,0.04,-72558
1786866535.2255576,0.04,-72580
1786866535.2462058,0.04,-72602
1786866535.266505,0.04,-72624
1786866535.2871869,0.04,-72645
1786866535.3075655,0.04,-72667
1786866535.328041,0.04,-72689
1786866535.3484612,0.04,-72711
1786866535.3688323,0.03,-72734
1786866535.3893595,0.03,-72756
1786866535.4099634,0.03,-72779
1786866535.4302657,0.04,-72801
1786866535.4507718,0.04,-72823
1786866535.4714448,0.04,-72846
1786866535.4918733,0.03,-72868
1786866535.5123377,0.03,-72889
1786866535.5323923,0.04,-72912
1786866535.5530794,0.03,-72935
1786866535.5739021,0.03,-72959
1786866535.5943813,0.03,-72978
1786866535.614901,0.03,-72998
1786866535.6350768,0.02,-73020
1786866535.6555748,0.02,-73042
1786866535.6760886,0.02,-73064
1786866535.6967506,0.02,-73086
1786866535.7172778,0.02,-73108
1786866535.7379453,0.02,-73129
1786866535.7576883,0.02,-73152
1786866535.7786026,0.02,-73174
1786866535.7991145,0.02,-73199
1786866535.819288,0.02,-73220
1786866535.8398986,0.02,-73242
1786866535.86029,0.01,-73263
1786866535.88114,0.01,-73285
1786866535.9011421,0.01,-73305
1786866535.9221814,0.01,-73330
1786866535.9426217,0.01,-73351
1786866535.9632454,0.01,-73372
1786866535.9833589,0.01,-73394
1786866536.0037146,0.02,-73416
1786866536.0245001,0.02,-73437
1786866536.0448358,0.01,-73460
1786866536.0655358,0.02,-73484
1786866536.086355,0.01,-73506
1786866536.1062217,0.01,-73527
1786866536.1268775,0.01,-73548
1786866536.1470938,0.01,-73570
1786866536.1673539,0.01,-73591
1786866536.188013,0.01,-73610
1786866536.209029,0.01,-73633
1786866536.2287707,0.01,-73654
1786866536.249326,0.01,-73679
1786866536.2703493,0.01,-73701
1786866536.2904599,0.01,-73724
1786866536.311267,0.02,-73746
1786866536.3314686,0.01,-73770
1786866536.352195,0.01,-73792
1786866536.3727257,0.01,-73814
1786866536.3929121,0.01,-73836
1786866536.413551,0.01,-73859
1786866536.4342666,0.01,-73882
1786866536.454228,0.01,-73904
1786866536.4751065,0.01,-73924
1786866536.4956062,0.01,-73947
1786866536.5160198,0.00,-73969
1786866536.5366774,0.01,-73993
1786866536.5570114,0.01,-74015
1786866536.5773804,0.00,-74037
1786866536.59809,0.00,-74057
1786866536.6182318,-0.00,-74080
1786866536.6385064,0.00,-74102
1786866536.659567,-0.00,-74124
1786866536.6796005,-0.00,-74146
1786866536.7003758,-0.01,-74169
1786866536.7211576,-0.01,-74190
1786866536.7413585,-0.01,-74213
1786866536.7618577,-0.01,-74236
1786866536.7783864,-0.01,-74261
1786866536.802557,-0.01,-74284
1786866536.823189,-0.00,-74305
1786866536.843362,-0.00,-74325
1786866536.8646016,-0.01,-74346
1786866536.8840954,-0.01,-74369
1786866536.9050062,-0.00,-74393
1786866536.9250154,-0.01,-74415
1786866536.9461658,-0.01,-74436
1786866536.9672434,-0.01,-74458
1786866536.986923,-0.01,-74481
1786866537.0071714,-0.01,-74508
1786866537.0277307,-0.01,-74533
1786866537.0484133,-0.01,-74558
1786866537.06868,-0.01,-74579
1786866537.0894449,-0.01,-74602
1786866537.1097395,-0.01,-74626
1786866537.1302865,-0.01,-74648
1786866537.1507916,-0.00,-74671
1786866537.1715727,-0.01,-74691
1786866537.1915002,-0.01,-74713
1786866537.2125258,-0.01,-74735
1786866537.2325952,-0.01,-74757
1786866537.2529242,-0.00,-74778
1786866537.2741697,-0.01,-74800
1786866537.2942147,-0.01,-74823
1786866537.3146493,-0.01,-74845
1786866537.3352978,-0.00,-74869
1786866537.355772,-0.01,-74891
1786866537.376388,-0.01,-74914
1786866537.3964696,-0.01,-74935
1786866537.417005,-0.01,-74956
1786866537.4374535,-0.00,-74979
1786866537.4577756,-0.00,-74998
1786866537.4782674,0.00,-75020
1786866537.4987402,0.00,-75042
1786866537.519344,-0.00,-75066
1786866537.5402431,-0.00,-75089
1786866537.5608735,-0.01,-75110
1786866537.581097,-0.01,-75133
1786866537.6016932,-0.01,-75156
1786866537.6219683,-0.01,-75180
1786866537.6425319,-0.01,-75203
1786866537.6627462,-0.01,-75224
1786866537.6837163,-0.01,-75247
1786866537.704072,-0.01,-75274
1786866537.7241476,-0.01,-75297
1786866537.744591,-0.01,-75319
1786866537.765909,-0.01,-75346
1786866537.7860749,-0.01,-75370
1786866537.8061,-0.01,-75393
1786866537.8267348,-0.01,-75417
1786866537.8469095,-0.01,-75439
1786866537.867635,-0.00,-75461
1786866537.888413,-0.01,-75484
1786866537.908766,-0.01,-75506
1786866537.929175,-0.01,-75528
1786866537.9493432,-0.01,-75550
1786866537.9680037,-0.01,-75571
1786866537.9906464,-0.01,-75592
1786866538.0111244,-0.01,-75614
1786866538.0316703,-0.01,-75637
1786866538.05189,-0.01,-75658
1786866538.0728571,-0.01,-75680
1786866538.0927303,-0.01,-75700
1786866538.1134279,-0.01,-75722
1786866538.133911,-0.01,-75744
1786866538.1543565,-0.01,-75766
1786866538.1750875,-0.01,-75789
1786866538.1955004,-0.01,-75810
1786866538.2156959,-0.01,-75830
1786866538.2366076,-0.01,-75852
1786866538.2570086,-0.01,-75875
1786866538.277271,-0.01,-75898
1786866538.2974718,-0.01,-75922
1786866538.3182957,-0.01,-75945
1786866538.338621,-0.01,-75968
1786866538.359448,-0.01,-75990
1786866538.3795266,-0.01,-76012
1786866538.4004884,-0.01,-76036
1786866538.42054,-0.01,-76057
1786866538.4408846,-0.01,-76080
1786866538.4616349,-0.01,-76103
1786866538.4818308,-0.01,-76126
1786866538.5023947,-0.01,-76148
1786866538.5233834,-0.01,-76170
1786866538.5435123,-0.01,-76193
1786866538.5643709,-0.01,-76216
1786866538.5847383,-0.01,-76239
1786866538.6052198,-0.01,-76261
1786866538.6258583,-0.01,-76283
1786866538.646258,-0.01,-76305
1786866538.6662912,-0.01,-76327
1786866538.6871243,-0.01,-76348
1786866538.7071307,-0.01,-76369
1786866538.7280924,-0.01,-76393
1786866538.7486525,-0.02,-76416
1786866538.7685962,-0.01,-76438
1786866538.789402,-0.01,-76459
1786866538.8097548,-0.02,-76481
1786866538.8306088,-0.02,-76504
1786866538.851103,-0.02,-76526
1786866538.8714588,-0.02,-76549
1786866538.8919156,-0.02,-76572
1786866538.9121728,-0.02,-76596
1786866538.9323497,-0.03,-76617
1786866538.9532144,-0.03,-76640
1786866538.9740539,-0.03,-76662
1786866538.9944053,-0.03,-76684
1786866539.0151753,-0.03,-76707
1786866539.035349,-0.03,-76729
1786866539.0559852,-0.03,-76752
1786866539.0758977,-0.03,-76774
1786866539.0968058,-0.03,-76796
1786866539.1168122,-0.04,-76818
1786866539.137409,-0.04,-76840
1786866539.1582234,-0.03,-76862
1786866539.1783876,-0.03,-76884
1786866539.1989763,-0.03,-76906
1786866539.2191715,-0.03,-76926
1786866539.239893,-0.03,-76950
1786866539.2601094,-0.04,-76973
1786866539.2812014,-0.04,-76995
1786866539.3017347,-0.04,-77017
1786866539.3222566,-0.04,-77040
1786866539.342414,-0.04,-77062
1786866539.362797,-0.04,-77085
1786866539.3831506,-0.04,-77109
1786866539.4040859,-0.04,-77131
1786866539.4245944,-0.05,-77153
1786866539.444571,-0.05,-77177
1786866539.462595,-0.05,-77200
1786866539.48572,-0.05,-77222
1786866539.5062268,-0.04,-77244
1786866539.5265834,-0.04,-77266
1786866539.54751,-0.05,-77288
1786866539.567612,-0.05,-77310
1786866539.5883782,-0.05,-77333
1786866539.6086178,-0.05,-77355
1786866539.6293864,-0.05,-77377
1786866539.649671,-0.05,-77400
1786866539.6702588,-0.05,-77422
1786866539.6907117,-0.05,-77446
1786866539.71135,-0.05,-77469
1786866539.7315483,-0.05,-77490
1786866539.7524655,-0.05,-77512
1786866539.7727356,-0.05,-77534
1786866539.7930586,-0.05,-77556
1786866539.813651,-0.05,-77580
1786866539.8340127,-0.05,-77602
1786866539.8541644,-0.05,-77626
1786866539.8747642,-0.05,-77648
1786866539.8955657,-0.05,-77671
1786866539.9161065,-0.05,-77693
1786866539.936527,-0.06,-77716
1786866539.956619,-0.06,-77738
1786866539.9776394,-0.06,-77761
1786866539.9978662,-0.06,-77783
1786866540.018395,-0.06,-77806
1786866540.0387228,-0.06,-77828
1786866540.0593853,-0.06,-77851
1786866540.0798442,-0.06,-77873
1786866540.1004796,-0.06,-77897
1786866540.1212938,-0.06,-77919
1786866540.1413825,-0.06,-77942
1786866540.1618102,-0.06,-77964
1786866540.182156,-0.06,-77987
1786866540.2028935,-0.06,-78009
1786866540.2231731,-0.06,-78031
1786866540.2428327,-0.06,-78053
1786866540.2639372,-0.06,-78075
1786866540.2847273,-0.06,-78097
1786866540.30521,-0.06,-78120
1786866540.3257964,-0.06,-78141
1786866540.346255,-0.06,-78163
1786866540.366864,-0.06,-78185
1786866540.3869612,-0.05,-78207
1786866540.4075034,-0.05,-78229
1786866540.4278219,-0.05,-78253
1786866540.448274,-0.05,-78274
1786866540.4690163,-0.05,-78296
1786866540.4892106,-0.05,-78319
1786866540.509746,-0.06,-78341
1786866540.530143,-0.06,-78363
1786866540.5509965,-0.05,-78385
1786866540.571583,-0.05,-78406
1786866540.5924633,-0.05,-78428
1786866540.6130657,-0.05,-78450
1786866540.6334624,-0.05,-78471
1786866540.6536655,-0.05,-78493
1786866540.6737766,-0.05,-78516
1786866540.6942801,-0.05,-78538
1786866540.7145386,-0.05,-78559
1786866540.735242,-0.05,-78582
1786866540.7562313,-0.05,-78605
1786866540.7761285,-0.06,-78627
1786866540.7964861,-0.05,-78649
1786866540.8170803,-0.05,-78672
1786866540.837577,-0.05,-78694
1786866540.8583286,-0.05,-78716
1786866540.8790693,-0.05,-78738
1786866540.898775,-0.05,-78761
1786866540.9196937,-0.05,-78783
1786866540.9403083,-0.05,-78809
1786866540.9606097,-0.05,-78830
1786866540.9808497,-0.05,-78852
1786866541.001503,-0.05,-78874
1786866541.0222192,-0.06,-78897
1786866541.0425344,-0.05,-78919
1786866541.0629528,-0.05,-78942
1786866541.0820544,-0.05,-78964
1786866541.1039436,-0.05,-78986
1786866541.1242824,-0.04,-79008
1786866541.145064,-0.04,-79030
1786866541.165065,-0.05,-79053
1786866541.186032,-0.05,-79075
1786866541.2066245,-0.05,-79097
1786866541.2267582,-0.04,-79119
1786866541.2468474,-0.04,-79140
1786866541.267931,-0.04,-79162
1786866541.2883387,-0.04,-79185
1786866541.3093185,-0.04,-79207
1786866541.3291724,-0.04,-79229
1786866541.349496,-0.04,-79252
1786866541.3703253,-0.04,-79274
1786866541.3909297,-0.04,-79296
1786866541.4116454,-0.05,-79318
1786866541.4315798,-0.05,-79340
1786866541.4521801,-0.05,-79363
1786866541.4726672,-0.04,-79386
1786866541.4928255,-0.05,-79409
1786866541.5137339,-0.05,-79432
1786866541.5343556,-0.05,-79455
1786866541.5547056,-0.05,-79477
1786866541.5748253,-0.05,-79499
1786866541.5953526,-0.05,-79521
1786866541.6162584,-0.06,-79543
1786866541.6362467,-0.06,-79565
1786866541.6570468,-0.06,-79587
1786866541.677253,-0.06,-79609
1786866541.697682,-0.05,-79632
1786866541.7183793,-0.06,-79654
1786866541.739007,-0.06,-79676
1786866541.759147,-0.06,-79698
1786866541.7800622,-0.06,-79720
1786866541.800436,-0.06,-79742
1786866541.8210201,-0.06,-79765
1786866541.8409956,-0.07,-79787
1786866541.8618085,-0.07,-79809
1786866541.88237,-0.07,-79832
1786866541.9029715,-0.07,-79854
1786866541.9228258,-0.06,-79876
1786866541.9434817,-0.06,-79898
1786866541.9644105,-0.06,-79920
1786866541.9844651,-0.06,-79942
1786866542.005368,-0.06,-79964
1786866542.0257397,-0.06,-79986
1786866542.0453763,-0.06,-80009
1786866542.0664034,-0.06,-80031
1786866542.0868356,-0.06,-80053
1786866542.1075125,-0.06,-80075
1786866542.128298,-0.06,-80097
1786866542.1485436,-0.06,-80118
1786866542.1691196,-0.07,-80140
1786866542.1896648,-0.07,-80163
1786866542.2098515,-0.07,-80186
1786866542.2303815,-0.07,-80208
1786866542.2506313,-0.07,-80229
1786866542.2719784,-0.07,-80252
1786866542.2918932,-0.07,-80274
1786866542.3123212,-0.07,-80296
1786866542.3327236,-0.07,-80318
1786866542.3534029,-0.07,-80341
1786866542.3735824,-0.08,-80364
1786866542.39393,-0.07,-80386
1786866542.4149694,-0.07,-80407
1786866542.4349496,-0.07,-80429
1786866542.4562757,-0.07,-80452
1786866542.4761462,-0.08,-80474
1786866542.4967425,-0.07,-80496
1786866542.516812,-0.07,-80520
1786866542.5379555,-0.07,-80542
1786866542.5581539,-0.08,-80564
1786866542.5788052,-0.08,-80586
1786866542.599337,-0.08,-80608
1786866542.6198852,-0.08,-80630
1786866542.6402097,-0.08,-80652
1786866542.660846,-0.08,-80676
1786866542.6811922,-0.08,-80700
1786866542.701894,-0.08,-80722
1786866542.7219167,-0.08,-80744
1786866542.7422833,-0.07,-80766
1786866542.762707,-0.08,-80787
1786866542.7837045,-0.08,-80810
1786866542.8041189,-0.07,-80832
1786866542.8240342,-0.07,-80854
1786866542.845106,-0.08,-80876
1786866542.8650267,-0.08,-80899
1786866542.885074,-0.07,-80919
1786866542.9062579,-0.07,-80942
1786866542.9265518,-0.07,-80963
1786866542.9473596,-0.08,-80985
1786866542.9679437,-0.07,-81006
1786866542.9886796,-0.07,-81028
1786866543.0088148,-0.07,-81050
1786866543.0292888,-0.07,-81073
1786866543.0499363,-0.08,-81095
1786866543.0704145,-0.08,-81117
1786866543.0906286,-0.08,-81139
1786866543.1110592,-0.07,-81161
1786866543.1318994,-0.08,-81184
1786866543.1518488,-0.08,-81204
1786866543.1726027,-0.08,-81226
1786866543.1932216,-0.08,-81248
1786866543.2137434,-0.07,-81270
1786866543.2341814,-0.07,-81295
1786866543.2545114,-0.07,-81317
1786866543.2746954,-0.07,-81337
1786866543.2949026,-0.07,-81359
1786866543.3161795,-0.07,-81382
1786866543.3362598,-0.08,-81403
1786866543.3559914,-0.08,-81425
1786866543.3773274,-0.08,-81447
1786866543.3979006,-0.08,-81467
1786866543.4184086,-0.08,-81488
1786866543.4385335,-0.08,-81514
1786866543.45938,-0.08,-81536
1786866543.4795246,-0.08,-81558
1786866543.5007012,-0.08,-81579
1786866543.5211813,-0.08,-81600
1786866543.5415478,-0.08,-81624
1786866543.561593,-0.08,-81645
1786866543.5823843,-0.08,-81667
1786866543.6024327,-0.08,-81688
1786866543.6230166,-0.08,-81709
1786866543.6433926,-0.08,-81730
1786866543.6640606,-0.08,-81751
1786866543.6842885,-0.08,-81771
1786866543.7049763,-0.08,-81791
1786866543.725274,-0.08,-81812
1786866543.7459936,-0.08,-81832
1786866543.7666502,-0.08,-81853
1786866543.7870622,-0.08,-81873
1786866543.8072867,-0.08,-81894
1786866543.8282304,-0.07,-81918
1786866543.8489556,-0.07,-81940
1786866543.869513,-0.07,-81964
1786866543.889834,-0.06,-81982
1786866543.9100227,-0.06,-82006
1786866543.9305384,-0.06,-82028
1786866543.9511542,-0.06,-82051
1786866543.971506,-0.06,-82071
1786866543.9917834,-0.06,-82093
1786866544.0113611,-0.06,-82115
1786866544.032842,-0.06,-82140
1786866544.0533168,-0.05,-82161
1786866544.0739608,-0.06,-82182
1786866544.0942488,-0.05,-82203
1786866544.1147401,-0.05,-82226
1786866544.1351192,-0.05,-82251
1786866544.1559289,-0.05,-82274
1786866544.1764352,-0.05,-82297
1786866544.1967845,-0.05,-82317
1786866544.217286,-0.05,-82339
1786866544.2374651,-0.05,-82361
1786866544.2581325,-0.06,-82384
1786866544.2785723,-0.05,-82405
1786866544.2991343,-0.05,-82427
1786866544.3202863,-0.06,-82452
1786866544.3398936,-0.06,-82476
1786866544.360773,-0.06,-82496
1786866544.3810036,-0.06,-82521
1786866544.4013402,-0.06,-82544
1786866544.4216955,-0.06,-82565
1786866544.4421883,-0.06,-82588
1786866544.4629524,-0.06,-82606
1786866544.4833915,-0.06,-82628
1786866544.5041358,-0.06,-82650
1786866544.524732,-0.05,-82673
1786866544.544582,-0.05,-82696
1786866544.5653386,-0.05,-82716
1786866544.5856402,-0.05,-82739
1786866544.6061265,-0.05,-82759
1786866544.626531,-0.05,-82780
1786866544.6473613,-0.06,-82802
1786866544.667861,-0.06,-82823
1786866544.688198,-0.06,-82846
1786866544.7084703,-0.06,-82868
1786866544.7293916,-0.06,-82889
1786866544.7501588,-0.06,-82907
1786866544.770096,-0.06,-82928
1786866544.7904708,-0.06,-82951
1786866544.811078,-0.06,-82975
1786866544.8315728,-0.06,-82997
1786866544.8521914,-0.06,-83019
1786866544.8725185,-0.06,-83041
1786866544.8931696,-0.07,-83062
1786866544.9135296,-0.07,-83085
1786866544.9341245,-0.07,-83106
1786866544.9545517,-0.07,-83126
1786866544.9749138,-0.06,-83148
1786866544.9957545,-0.07,-83169
1786866545.015758,-0.07,-83190
1786866545.0361738,-0.07,-83210
1786866545.0574157,-0.07,-83234
1786866545.0775938,-0.07,-83255
1786866545.0977857,-0.07,-83278
1786866545.1186872,-0.07,-83301
1786866545.1386967,-0.07,-83323
1786866545.159314,-0.07,-83345
1786866545.179737,-0.07,-83367
1786866545.2005937,-0.07,-83389
1786866545.2207565,-0.07,-83411
1786866545.2410398,-0.07,-83433
1786866545.261952,-0.06,-83454
1786866545.2820275,-0.06,-83476
1786866545.302571,-0.06,-83498
1786866545.323078,-0.06,-83520
1786866545.3434846,-0.06,-83542
1786866545.3638914,-0.06,-83564
1786866545.384543,-0.06,-83586
1786866545.4053652,-0.06,-83608
1786866545.425354,-0.06,-83630
1786866545.446316,-0.06,-83652
1786866545.4667966,-0.06,-83674
1786866545.4866707,-0.06,-83695
1786866545.507826,-0.06,-83717
1786866545.528265,-0.07,-83739
1786866545.5487852,-0.07,-83761
1786866545.5694487,-0.07,-83783
1786866545.589609,-0.07,-83805
1786866545.6097732,-0.07,-83826
1786866545.6303825,-0.07,-83848
1786866545.6511972,-0.06,-83870
1786866545.6712096,-0.06,-83891
1786866545.6916456,-0.06,-83913
1786866545.7123487,-0.06,-83935
1786866545.7326725,-0.06,-83957
1786866545.7532644,-0.05,-83978
1786866545.7737665,-0.05,-84000
1786866545.7946217,-0.05,-84022
1786866545.8150492,-0.05,-84043
1786866545.8353443,-0.05,-84065
1786866545.855697,-0.05,-84087
1786866545.8758397,-0.05,-84108
1786866545.8970163,-0.05,-84130
1786866545.9171357,-0.05,-84152
1786866545.9374416,-0.05,-84175
1786866545.9582171,-0.05,-84196
1786866545.9787543,-0.05,-84218
1786866545.99901,-0.05,-84239
1786866546.0193944,-0.05,-84260
1786866546.040112,-0.05,-84284
1786866546.0606806,-0.05,-84306
1786866546.0807402,-0.05,-84328
1786866546.1017416,-0.05,-84350
1786866546.121817,-0.05,-84371
1786866546.142277,-0.05,-84392
1786866546.162929,-0.05,-84413
1786866546.1833537,-0.05,-84435
1786866546.2043347,-0.05,-84455
1786866546.2241504,-0.05,-84477
1786866546.2454162,-0.05,-84499
1786866546.265427,-0.05,-84519
1786866546.2862911,-0.05,-84541
1786866546.3062794,-0.05,-84563
1786866546.3270419,-0.05,-84586
1786866546.347133,-0.05,-84609
1786866546.3680582,-0.05,-84627
1786866546.388403,-0.05,-84649
1786866546.4093957,-0.05,-84670
1786866546.429382,-0.05,-84691
1786866546.4495497,-0.05,-84713
1786866546.4702382,-0.05,-84735
1786866546.490826,-0.05,-84756
1786866546.5113516,-0.05,-84778
1786866546.5314972,-0.05,-84799
1786866546.552347,-0.05,-84821
1786866546.5724456,-0.05,-84843
1786866546.5933187,-0.05,-84865
1786866546.6120982,-0.05,-84886
1786866546.6341405,-0.05,-84908
1786866546.6544468,-0.05,-84930
1786866546.675327,-0.05,-84952
1786866546.6954217,-0.05,-84973
1786866546.7162364,-0.05,-84995
1786866546.7364688,-0.05,-85017
1786866546.7570279,-0.05,-85038
1786866546.7775471,-0.05,-85060
1786866546.7977905,-0.05,-85082
1786866546.8185484,-0.05,-85103
1786866546.838756,-0.05,-85125
1786866546.8595407,-0.06,-85147
1786866546.8797073,-0.06,-85167
1786866546.9001422,-0.06,-85189
1786866546.9209485,-0.06,-85211
1786866546.9412088,-0.06,-85233
1786866546.9619832,-0.06,-85255
1786866546.9821777,-0.06,-85276
1786866547.0029714,-0.06,-85299
1786866547.0233924,-0.05,-85321
1786866547.043691,-0.06,-85342
1786866547.0640848,-0.05,-85364
1786866547.085124,-0.05,-85385
1786866547.1054912,-0.05,-85407
1786866547.1257496,-0.05,-85429
1786866547.1462853,-0.05,-85450
1786866547.1663609,-0.06,-85472
1786866547.1872368,-0.05,-85494
1786866547.2077777,-0.05,-85515
1786866547.2278345,-0.05,-85537
1786866547.2484925,-0.05,-85559
1786866547.26883,-0.06,-85581
1786866547.2896323,-0.06,-85602
1786866547.3096364,-0.06,-85624
1786866547.3305283,-0.05,-85647
1786866547.3508983,-0.05,-85668
1786866547.3713427,-0.05,-85690
1786866547.3920019,-0.05,-85711
1786866547.412267,-0.05,-85733
1786866547.4314759,-0.05,-85755
1786866547.451715,-0.05,-85776
1786866547.4741533,-0.05,-85798
1786866547.494048,-0.06,-85819
1786866547.5149891,-0.06,-85841
1786866547.5351708,-0.06,-85862
1786866547.5517688,-0.06,-85883
1786866547.576058,-0.07,-85905
1786866547.5968885,-0.07,-85927
1786866547.612,-0.07,-85948
1786866547.6328175,-0.07,-85969
1786866547.6535628,-0.06,-85991
1786866547.6740916,-0.07,-86012
1786866547.6968455,-0.07,-86034
1786866547.7160814,-0.07,-86055
1786866547.7369943,-0.07,-86076
1786866547.7609034,-0.07,-86098
1786866547.778574,-0.06,-86119
1786866547.7989652,-0.06,-86141
1786866547.8217356,-0.06,-86162
1786866547.8425379,-0.07,-86184
1786866547.8619962,-0.07,-86206
1786866547.8832798,-0.07,-86227
1786866547.9036922,-0.07,-86248
1786866547.9238763,-0.07,-86270
1786866547.944663,-0.07,-86292
1786866547.9605007,-0.07,-86313
1786866547.9856524,-0.07,-86334
1786866548.0064635,-0.07,-86355
1786866548.0259328,-0.06,-86377
1786866548.042947,-0.06,-86398
1786866548.0634513,-0.06,-86420
1786866548.0840952,-0.07,-86441
1786866548.1051044,-0.06,-86465
1786866548.1257555,-0.06,-86487
1786866548.15013,-0.07,-86510
1786866548.1680143,-0.07,-86531
1786866548.1883683,-0.07,-86553
1786866548.2096832,-0.07,-86573
1786866548.2301385,-0.07,-86595
1786866548.2524307,-0.07,-86616
1786866548.2728148,-0.07,-86638
1786866548.2923007,-0.07,-86658
1786866548.3126664,-0.07,-86681
1786866548.334029,-0.07,-86702
1786866548.354204,-0.07,-86724
1786866548.3744605,-0.07,-86744
1786866548.395824,-0.07,-86765
1786866548.4161491,-0.07,-86789
1786866548.4343884,-0.07,-86806
1786866548.452286,-0.07,-86827
1786866548.4738874,-0.07,-86848
1786866548.4958622,-0.06,-86870
1786866548.5161333,-0.06,-86891
1786866548.535666,-0.06,-86913
1786866548.556661,-0.06,-86934
1786866548.5795565,-0.06,-86956
1786866548.600346,-0.06,-86976
1786866548.6214468,-0.06,-86998
1786866548.6414473,-0.06,-87019
1786866548.6617112,-0.06,-87042
1786866548.681039,-0.05,-87063
1786866548.7028217,-0.05,-87085
1786866548.7235267,-0.05,-87107
1786866548.7423992,-0.06,-87128
1786866548.7629485,-0.06,-87150
1786866548.784791,-0.06,-87171
1786866548.80481,-0.06,-87194
1786866548.8255599,-0.06,-87215
1786866548.8463755,-0.06,-87236
1786866548.8668466,-0.06,-87257
1786866548.8871005,-0.06,-87279
1786866548.9073362,-0.06,-87302
1786866548.92831,-0.06,-87323
1786866548.9486723,-0.06,-87345
1786866548.969175,-0.06,-87366
1786866548.9894893,-0.06,-87388
1786866549.0101666,-0.06,-87410
1786866549.0297582,-0.06,-87432
1786866549.0515625,-0.06,-87454
1786866549.0702171,-0.06,-87476
1786866549.0906038,-0.06,-87498
1786866549.1124709,-0.06,-87520
1786866549.13248,-0.06,-87541
1786866549.1528301,-0.06,-87562
1786866549.1740816,-0.06,-87584
1786866549.194314,-0.06,-87605
1786866549.2145827,-0.06,-87628
1786866549.2354286,-0.06,-87650
1786866549.256032,-0.06,-87670
1786866549.2759807,-0.06,-87694
1786866549.2967196,-0.06,-87715
1786866549.3171012,-0.06,-87736
1786866549.337878,-0.06,-87757
1786866549.3580782,-0.06,-87778
1786866549.3789358,-0.06,-87800
1786866549.3993204,-0.06,-87824
1786866549.4197533,-0.06,-87843
1786866549.4402432,-0.06,-87865
1786866549.460431,-0.06,-87886
1786866549.4812863,-0.06,-87908
1786866549.50184,-0.06,-87931
1786866549.521792,-0.06,-87953
1786866549.5428143,-0.06,-87974
1786866549.563129,-0.06,-87995
1786866549.5832448,-0.06,-88018
1786866549.6039295,-0.06,-88039
1786866549.6245058,-0.06,-88063
1786866549.6448598,-0.06,-88084
1786866549.665109,-0.06,-88107
1786866549.681146,-0.06,-88128
1786866549.703046,-0.06,-88147
1786866549.7228212,-0.06,-88170
1786866549.7423813,-0.06,-88191
1786866549.7674582,-0.06,-88213
1786866549.78596,-0.06,-88234
1786866549.8051775,-0.06,-88256
1786866549.828377,-0.06,-88278
1786866549.848255,-0.06,-88300
1786866549.868897,-0.06,-88322
1786866549.8891294,-0.06,-88344
1786866549.9103425,-0.06,-88366
1786866549.930424,-0.06,-88387
1786866549.951761,-0.06,-88411
1786866549.9721866,-0.06,-88433
1786866549.9935381,-0.06,-88453
1786866550.0135796,-0.06,-88475
1786866550.0338166,-0.05,-88497
1786866550.054667,-0.05,-88519
1786866550.0750332,-0.05,-88541
1786866550.0917928,-0.05,-88564
1786866550.1147227,-0.05,-88585
1786866550.1351507,-0.05,-88607
1786866550.1530452,-0.05,-88630
1786866550.1776514,-0.05,-88652
1786866550.196956,-0.05,-88674
1786866550.2155998,-0.05,-88695
1786866550.2363408,-0.05,-88719
1786866550.2582767,-0.05,-88741
1786866550.277932,-0.05,-88760
1786866550.2976797,-0.05,-88782
1786866550.320774,-0.05,-88806
1786866550.3408675,-0.05,-88831
1786866550.3614848,-0.05,-88854
1786866550.3754258,-0.05,-88875
1786866550.4028933,-0.05,-88897
1786866550.4226742,-0.05,-88919
1786866550.4430032,-0.05,-88941
1786866550.4643402,-0.05,-88965
1786866550.483128,-0.05,-88989
1786866550.501482,-0.05,-89012
1786866550.5206423,-0.05,-89034
1786866550.5419436,-0.05,-89057
1786866550.5651536,-0.05,-89079
1786866550.5835564,-0.05,-89100
1786866550.607381,-0.05,-89121
1786866550.6252885,-0.05,-89144
1786866550.6483521,-0.05,-89165
1786866550.6668403,-0.04,-89185
1786866550.68652,-0.04,-89208
1786866550.7085443,-0.04,-89229
1786866550.7303438,-0.04,-89251
1786866550.7502615,-0.04,-89271
1786866550.7711833,-0.04,-89293
1786866550.7910693,-0.04,-89314
1786866550.8126554,-0.04,-89336
1786866550.8323123,-0.04,-89358
1786866550.85027,-0.05,-89378
1786866550.8740277,-0.05,-89400
1786866550.8916755,-0.05,-89421
1786866550.9146268,-0.05,-89441
1786866550.9351482,-0.05,-89461
1786866550.9520552,-0.05,-89483
1786866550.9746969,-0.05,-89504
1786866550.9954064,-0.05,-89526
1786866551.0171206,-0.05,-89549
1786866551.0372603,-0.05,-89571
1786866551.0578303,-0.05,-89592
1786866551.078581,-0.05,-89615
1786866551.098198,-0.05,-89637
1786866551.1181965,-0.05,-89659
1786866551.1392334,-0.05,-89681
1786866551.158751,-0.05,-89703
1786866551.1808615,-0.05,-89725
1786866551.2015011,-0.05,-89747
1786866551.2211473,-0.05,-89768
1786866551.2427268,-0.05,-89790
1786866551.2633023,-0.05,-89811
1786866551.2805274,-0.05,-89834
1786866551.3043666,-0.05,-89854
1786866551.3242352,-0.05,-89876
1786866551.3424406,-0.05,-89896
1786866551.3649166,-0.05,-89917
1786866551.3832588,-0.05,-89938
1786866551.4047616,-0.05,-89961
1786866551.4249232,-0.05,-89982
1786866551.4460785,-0.05,-90004
1786866551.4649012,-0.05,-90026
1786866551.4885142,-0.05,-90048
1786866551.5081198,-0.05,-90072
1786866551.5285573,-0.05,-90094
1786866551.5489142,-0.05,-90118
1786866551.5695124,-0.05,-90141
1786866551.589946,-0.06,-90162
1786866551.6110744,-0.05,-90183
1786866551.6321251,-0.05,-90204
1786866551.6520789,-0.05,-90226
1786866551.6693304,-0.05,-90247
1786866551.6908607,-0.05,-90267
1786866551.7113621,-0.05,-90291
1786866551.7291858,-0.05,-90315
1786866551.7546372,-0.05,-90337
1786866551.7717555,-0.05,-90358
1786866551.7912614,-0.05,-90377
1786866551.814574,-0.05,-90401
1786866551.835923,-0.05,-90421
1786866551.8540878,-0.05,-90444
1786866551.877114,-0.05,-90463
1786866551.8957126,-0.05,-90486
1786866551.9183528,-0.05,-90507
1786866551.937529,-0.05,-90527
1786866551.9580765,-0.04,-90551
1786866551.9791853,-0.05,-90574
1786866552.0003326,-0.05,-90596
1786866552.019787,-0.05,-90618
1786866552.0417624,-0.05,-90641
1786866552.061997,-0.05,-90665
1786866552.07867,-0.05,-90685
1786866552.1029603,-0.05,-90706
1786866552.12152,-0.05,-90728
1786866552.1378317,-0.04,-90751
1786866552.159864,-0.05,-90774
1786866552.1803641,-0.05,-90796
1786866552.201508,-0.05,-90818
1786866552.2254987,-0.05,-90838
1786866552.2458103,-0.04,-90860
1786866552.2642179,-0.04,-90884
1786866552.2848396,-0.04,-90907
1786866552.3070302,-0.04,-90929
1786866552.3250842,-0.04,-90950
1786866552.347157,-0.04,-90972
1786866552.3667514,-0.04,-90993
1786866552.3898365,-0.04,-91016
1786866552.4093297,-0.04,-91037
1786866552.4304771,-0.03,-91059
1786866552.4500518,-0.03,-91081
1786866552.4709108,-0.03,-91103
1786866552.4917243,-0.03,-91125
1786866552.5085537,-0.03,-91147
1786866552.533368,-0.03,-91171
1786866552.5497713,-0.03,-91192
1786866552.5736876,-0.03,-91213
1786866552.5904493,-0.03,-91235
1786866552.6109731,-0.04,-91256
1786866552.6319122,-0.04,-91279
1786866552.6525965,-0.04,-91301
1786866552.6691318,-0.04,-91324
1786866552.6955926,-0.04,-91345
1786866552.7150555,-0.04,-91367
1786866552.7375312,-0.04,-91389
1786866552.7570055,-0.03,-91410
1786866552.770867,-0.04,-91432
1786866552.7993367,-0.04,-91453
1786866552.818271,-0.04,-91474
1786866552.8403032,-0.03,-91494
1786866552.8597195,-0.04,-91514
1786866552.8810086,-0.04,-91537
1786866552.9013696,-0.04,-91557
1786866552.922244,-0.04,-91581
1786866552.9425807,-0.04,-91603
1786866552.958372,-0.04,-91626
1786866552.9835172,-0.04,-91649
1786866553.001798,-0.04,-91672
1786866553.020739,-0.04,-91694
1786866553.0447013,-0.04,-91715
1786866553.0654962,-0.04,-91736
1786866553.083515,-0.04,-91758
1786866553.1062958,-0.04,-91780
1786866553.1235113,-0.04,-91803
1786866553.1462982,-0.04,-91827
1786866553.165855,-0.04,-91851
1786866553.1882741,-0.04,-91873
1786866553.2088113,-0.04,-91896
1786866553.2289903,-0.05,-91918
1786866553.248613,-0.05,-91940
1786866553.2705746,-0.05,-91961
1786866553.2911532,-0.05,-91983
1786866553.3107932,-0.05,-92005
1786866553.3316934,-0.05,-92028
1786866553.3526258,-0.05,-92051
1786866553.3720372,-0.05,-92074
1786866553.392252,-0.05,-92095
1786866553.4097135,-0.05,-92117
1786866553.4340746,-0.05,-92139
1786866553.4540114,-0.05,-92162
1786866553.4720662,-0.05,-92182
1786866553.495139,-0.05,-92205
1786866553.5129347,-0.05,-92225
1786866553.5333517,-0.05,-92247
1786866553.5561564,-0.05,-92269
1786866553.5771759,-0.05,-92291
1786866553.5960536,-0.05,-92313
1786866553.617928,-0.04,-92334
1786866553.6383295,-0.04,-92354
1786866553.6540854,-0.04,-92375
1786866553.679138,-0.04,-92396
1786866553.6998296,-0.04,-92418
1786866553.7142375,-0.04,-92439
1786866553.7391007,-0.04,-92461
1786866553.7622788,-0.04,-92482
1786866553.7804759,-0.04,-92504
1786866553.8024898,-0.04,-92526
1786866553.821533,-0.04,-92549
1786866553.8400173,-0.04,-92571
1786866553.8640876,-0.04,-92591
1786866553.8831909,-0.04,-92615
1786866553.9027379,-0.04,-92636
1786866553.9256153,-0.04,-92659
1786866553.9458327,-0.04,-92681
1786866553.9650342,-0.04,-92703
1786866553.9867601,-0.04,-92724
1786866554.00571,-0.04,-92746
1786866554.0275536,-0.04,-92770
1786866554.0479932,-0.04,-92791
1786866554.0692432,-0.04,-92812
1786866554.0887675,-0.04,-92835
1786866554.1094353,-0.04,-92858
1786866554.1304483,-0.04,-92881
1786866554.1495242,-0.04,-92903
1786866554.1653817,-0.04,-92928
1786866554.1873922,-0.04,-92949
1786866554.2123792,-0.03,-92971
1786866554.2291293,-0.03,-92992
1786866554.2534359,-0.03,-93015
1786866554.2733512,-0.03,-93037
1786866554.291767,-0.04,-93056
1786866554.3151007,-0.03,-93077
1786866554.3330483,-0.03,-93100
1786866554.3558917,-0.03,-93121
1786866554.3763075,-0.03,-93143
1786866554.3943021,-0.03,-93164
1786866554.416363,-0.03,-93186
1786866554.4368432,-0.03,-93208
1786866554.4579642,-0.04,-93230
1786866554.478606,-0.04,-93253
1786866554.4993534,-0.04,-93275
1786866554.5198908,-0.04,-93296
1786866554.536587,-0.04,-93318
1786866554.560806,-0.04,-93340
1786866554.5781808,-0.04,-93361
1786866554.6014254,-0.04,-93383
1786866554.6187847,-0.04,-93405
1786866554.640057,-0.04,-93426
1786866554.662346,-0.04,-93448
1786866554.680193,-0.04,-93471
1786866554.7039618,-0.04,-93493
1786866554.72218,-0.04,-93515
1786866554.7449567,-0.04,-93538
1786866554.7633808,-0.04,-93560
1786866554.786007,-0.04,-93581
1786866554.8042123,-0.04,-93604
1786866554.8258414,-0.04,-93624
1786866554.8462431,-0.05,-93645
1786866554.8674285,-0.04,-93666
1786866554.8884342,-0.04,-93691
1786866554.9091244,-0.05,-93713
1786866554.929661,-0.04,-93734
1786866554.946665,-0.04,-93756
1786866554.970442,-0.04,-93778
1786866554.9881606,-0.04,-93800
1786866555.006439,-0.05,-93822
1786866555.0294528,-0.05,-93845
1786866555.0480435,-0.05,-93866
1786866555.071587,-0.04,-93890
1786866555.090189,-0.04,-93913
1786866555.1133025,-0.04,-93936
1786866555.1312668,-0.04,-93958
1786866555.15245,-0.04,-93979
1786866555.1749232,-0.04,-94002
1786866555.1925645,-0.04,-94023
1786866555.2146716,-0.04,-94046
1786866555.2349753,-0.04,-94068
1786866555.2562823,-0.04,-94091
1786866555.277588,-0.04,-94111
1786866555.2966783,-0.04,-94133
1786866555.3175669,-0.04,-94153
1786866555.3356528,-0.05,-94176
1786866555.3595726,-0.05,-94200
1786866555.3764467,-0.05,-94224
1786866555.3979,-0.05,-94247
1786866555.416044,-0.05,-94270
1786866555.439569,-0.05,-94293
1786866555.4584,-0.05,-94314
1786866555.47873,-0.05,-94337
1786866555.5026317,-0.04,-94359
1786866555.5228362,-0.04,-94381
1786866555.540938,-0.05,-94404
1786866555.5614834,-0.05,-94427
1786866555.584634,-0.05,-94448
1786866555.6022217,-0.05,-94470
1786866555.62421,-0.05,-94491
1786866555.6458664,-0.05,-94513
1786866555.665661,-0.04,-94535
1786866555.6798823,-0.04,-94557
1786866555.7061965,-0.05,-94579
1786866555.7280953,-0.04,-94603
1786866555.7481298,-0.04,-94625
1786866555.7653906,-0.04,-94648
1786866555.7897048,-0.04,-94670
1786866555.8098626,-0.04,-94692
1786866555.830342,-0.04,-94715
1786866555.846528,-0.04,-94737
1786866555.8672464,-0.04,-94761
1786866555.892113,-0.04,-94783
1786866555.911808,-0.04,-94806
1786866555.9326956,-0.04,-94827
1786866555.9526417,-0.04,-94848
1786866555.9716122,-0.04,-94871
1786866555.9940035,-0.04,-94893
1786866556.0123827,-0.04,-94917
1786866556.033877,-0.04,-94940
1786866556.0559769,-0.04,-94962
1786866556.0745447,-0.04,-94983
1786866556.0963857,-0.04,-95006
1786866556.1168175,-0.04,-95027
1786866556.133892,-0.04,-95050
1786866556.1576784,-0.04,-95072
1786866556.1751606,-0.04,-95094
1786866556.1994047,-0.04,-95117
1786866556.2156637,-0.04,-95139
1786866556.2352295,-0.03,-95162
1786866556.258952,-0.03,-95184
1786866556.2758381,-0.03,-95208
1786866556.3006215,-0.03,-95232
1786866556.3189416,-0.03,-95254
1786866556.3386488,-0.03,-95275
1786866556.360188,-0.03,-95296
1786866556.383444,-0.03,-95318
1786866556.40192,-0.03,-95341
1786866556.421971,-0.03,-95363
1786866556.4435432,-0.03,-95384
1786866556.465803,-0.03,-95406
1786866556.4842198,-0.03,-95428
1786866556.5061092,-0.03,-95451
1786866556.5269392,-0.03,-95472
1786866556.546458,-0.03,-95495
1786866556.5678616,-0.03,-95517
1786866556.5853667,-0.03,-95539
1786866556.6089902,-0.03,-95561
1786866556.6264846,-0.03,-95582
1786866556.64484,-0.04,-95605
1786866556.667975,-0.04,-95628
1786866556.6904843,-0.04,-95649
1786866556.7102656,-0.03,-95671
1786866556.7282126,-0.04,-95695
1786866556.751424,-0.03,-95716
1786866556.7707362,-0.03,-95738
1786866556.7929256,-0.03,-95760
1786866556.810471,-0.03,-95782
1786866556.8326428,-0.03,-95802
1786866556.8531833,-0.03,-95824
1786866556.8748229,-0.03,-95846
1786866556.8948543,-0.03,-95868
1786866556.9161024,-0.03,-95891
1786866556.9345157,-0.03,-95912
1786866556.9557734,-0.03,-95933
1786866556.9755552,-0.03,-95955
1786866556.997768,-0.03,-95978
1786866557.0152333,-0.03,-96000
1786866557.0332563,-0.03,-96021
1786866557.056826,-0.03,-96043
1786866557.0753393,-0.02,-96064
1786866557.098389,-0.02,-96086
1786866557.1188076,-0.03,-96108
1786866557.1380706,-0.03,-96130
1786866557.1616883,-0.03,-96150
1786866557.1821802,-0.03,-96172
1786866557.2003229,-0.03,-96194
1786866557.2235243,-0.03,-96215
1786866557.2436838,-0.02,-96237
1786866557.262983,-0.02,-96259
1786866557.2828252,-0.03,-96281
1786866557.304494,-0.03,-96302
1786866557.3203025,-0.03,-96324
1786866557.3462834,-0.02,-96346
1786866557.3658006,-0.02,-96367
1786866557.3863382,-0.02,-96389
1786866557.4074292,-0.03,-96412
1786866557.4282978,-0.03,-96433
1786866557.44505,-0.03,-96455
1786866557.4643767,-0.03,-96477
1786866557.4875636,-0.03,-96499
1786866557.5100405,-0.03,-96520
1786866557.5270026,-0.03,-96542
1786866557.551259,-0.03,-96564
1786866557.5686603,-0.03,-96585
1786866557.5884304,-0.03,-96607
1786866557.6100283,-0.03,-96629
1786866557.6321082,-0.03,-96651
1786866557.6532674,-0.03,-96672
1786866557.6739688,-0.02,-96694
1786866557.6933486,-0.03,-96716
1786866557.714106,-0.03,-96737
1786866557.7350755,-0.03,-96759
1786866557.7546022,-0.03,-96782
1786866557.7748518,-0.03,-96802
1786866557.796258,-0.03,-96823
1786866557.815211,-0.03,-96845
1786866557.8344438,-0.03,-96867
1786866557.8531048,-0.02,-96889
1786866557.8738961,-0.02,-96912
1786866557.8990786,-0.02,-96933
1786866557.91563,-0.02,-96957
1786866557.9351208,-0.03,-96979
1786866557.9604287,-0.03,-97001
1786866557.981208,-0.02,-97023
1786866558.000909,-0.03,-97046
1786866558.0147402,-0.02,-97069
1786866558.0428932,-0.02,-97091
1786866558.062114,-0.02,-97114
1786866558.0818536,-0.02,-97136
1786866558.1029704,-0.02,-97157
1786866558.1247082,-0.02,-97179
1786866558.1451223,-0.02,-97201
1786866558.1646788,-0.02,-97223
1786866558.1851938,-0.02,-97245
1786866558.206701,-0.02,-97267
1786866558.2268054,-0.02,-97288
1786866558.2443147,-0.03,-97310
1786866558.268371,-0.02,-97331
1786866558.288928,-0.02,-97353
1786866558.304499,-0.02,-97374
1786866558.329382,-0.02,-97396
1786866558.3462694,-0.02,-97418
1786866558.3668945,-0.02,-97441
1786866558.3907979,-0.02,-97464
1786866558.409202,-0.02,-97488
1786866558.4287474,-0.02,-97509
1786866558.4499805,-0.02,-97531
1786866558.4697576,-0.02,-97551
1786866558.4916973,-0.02,-97572
1786866558.5113502,-0.02,-97594
1786866558.533437,-0.02,-97615
1786866558.5539412,-0.02,-97637
1786866558.5750976,-0.02,-97659
1786866558.5946207,-0.02,-97681
1786866558.6154206,-0.02,-97703
1786866558.636788,-0.02,-97725
1786866558.6572142,-0.02,-97748
1786866558.6722782,-0.02,-97770
1786866558.6973555,-0.02,-97791
1786866558.7160246,-0.02,-97814
1786866558.7347183,-0.02,-97837
1786866558.7555394,-0.02,-97860
1786866558.7797327,-0.01,-97881
1786866558.8000002,-0.02,-97903
1786866558.8173435,-0.02,-97925
1786866558.8410985,-0.01,-97946
1786866558.860486,-0.01,-97969
1786866558.881917,-0.02,-97990
1786866558.9027364,-0.02,-98011
1786866558.9210045,-0.02,-98032
1786866558.9430761,-0.01,-98056
1786866558.9639418,-0.01,-98078
1786866558.9847653,-0.01,-98099
1786866559.0050886,-0.01,-98121
1786866559.0251634,-0.01,-98142
1786866559.0459852,-0.02,-98164
1786866559.066846,-0.02,-98185
1786866559.0875845,-0.02,-98206
1786866559.1026359,-0.02,-98228
1786866559.1277702,-0.02,-98250
1786866559.1445189,-0.02,-98272
1786866559.1651797,-0.02,-98295
1786866559.1817422,-0.02,-98316
1786866559.2061384,-0.02,-98338
1786866559.2269537,-0.02,-98359
1786866559.2495527,-0.02,-98381
1786866559.2696738,-0.02,-98403
1786866559.2901716,-0.02,-98425
1786866559.3125167,-0.02,-98448
1786866559.3318412,-0.02,-98469
1786866559.3534708,-0.02,-98492
1786866559.3734686,-0.02,-98515
1786866559.3943307,-0.02,-98536
1786866559.414909,-0.03,-98559
1786866559.4341552,-0.02,-98582
1786866559.4555995,-0.03,-98603
1786866559.4744792,-0.02,-98625
1786866559.490433,-0.02,-98645
1786866559.5147443,-0.02,-98666
1786866559.5343716,-0.02,-98687
1786866559.5558453,-0.02,-98710
1786866559.574956,-0.01,-98733
1786866559.5955534,-0.02,-98754
1786866559.6165593,-0.02,-98774
1786866559.6391315,-0.02,-98797
1786866559.6582167,-0.02,-98819
1786866559.67876,-0.02,-98842
1786866559.6998498,-0.01,-98863
1786866559.722132,-0.02,-98884
1786866559.7415557,-0.01,-98905
1786866559.7618546,-0.02,-98927
1786866559.7831929,-0.02,-98947
1786866559.8032417,-0.02,-98969
1786866559.8247278,-0.02,-98990
1786866559.8452096,-0.02,-99012
1786866559.8618507,-0.02,-99033
1786866559.8861365,-0.02,-99054
1786866559.904049,-0.02,-99076
1786866559.9252224,-0.02,-99097
1786866559.9471657,-0.02,-99120
1786866559.9658747,-0.02,-99145
1786866559.9872653,-0.02,-99166
1786866560.0041966,-0.02,-99188
1786866560.0290532,-0.02,-99209
1786866560.0496097,-0.03,-99233
1786866560.0669951,-0.03,-99254
1786866560.0886323,-0.03,-99277
1786866560.1108437,-0.02,-99299
1786866560.1304567,-0.03,-99321
1786866560.1503773,-0.02,-99343
1786866560.172639,-0.03,-99365
1786866560.1928065,-0.03,-99387
1786866560.213101,-0.03,-99409
1786866560.234492,-0.03,-99430
1786866560.2540867,-0.03,-99455
1786866560.272068,-0.03,-99477
1786866560.2957876,-0.03,-99501
1786866560.3138041,-0.03,-99521
1786866560.3355072,-0.03,-99544
1786866560.356667,-0.03,-99564
1786866560.3733475,-0.03,-99586
1786866560.397181,-0.03,-99607
1786866560.4149492,-0.03,-99630
1786866560.438642,-0.03,-99652
1786866560.457424,-0.03,-99673
1786866560.4766998,-0.03,-99696
1786866560.4929166,-0.03,-99718
1786866560.517701,-0.03,-99740
1786866560.5417423,-0.03,-99761
1786866560.5615783,-0.03,-99783
1786866560.5823646,-0.03,-99805
1786866560.6026087,-0.03,-99827
1786866560.622501,-0.03,-99850
1786866560.6440556,-0.03,-99873
1786866560.664293,-0.03,-99896
1786866560.6816266,-0.03,-99920
1786866560.7054176,-0.03,-99942
1786866560.7226605,-0.03,-99963
1786866560.7413757,-0.03,-99985
1786866560.7652845,-0.03,-100006
1786866560.783794,-0.03,-100029
1786866560.802961,-0.03,-100049
1786866560.8246343,-0.03,-100071
1786866560.8481748,-0.03,-100093
1786866560.8681262,-0.03,-100117
1786866560.8898897,-0.04,-100140
1786866560.9068625,-0.03,-100164
1786866560.9309742,-0.04,-100186
1786866560.950861,-0.03,-100207
1786866560.9691844,-0.03,-100231
1786866560.9912786,-0.02,-100253
1786866561.01257,-0.02,-100276
1786866561.0330017,-0.02,-100297
1786866561.0533593,-0.02,-100320
1786866561.0733156,-0.02,-100342
1786866561.0947354,-0.02,-100363
1786866561.1150696,-0.02,-100384
1786866561.1352143,-0.02,-100408
1786866561.1536205,-0.02,-100429
1786866561.1761718,-0.02,-100450
1786866561.19484,-0.02,-100473
1786866561.2144375,-0.02,-100494
1786866561.2371955,-0.02,-100519
1786866561.25615,-0.02,-100540
1786866561.275908,-0.02,-100564
1786866561.2983575,-0.02,-100584
1786866561.3174295,-0.02,-100608
1786866561.3403292,-0.02,-100632
1786866561.357534,-0.02,-100652
1786866561.3788617,-0.02,-100677
1786866561.4012735,-0.02,-100700
1786866561.4209476,-0.03,-100723
1786866561.4426405,-0.02,-100743
1786866561.4625902,-0.02,-100766
1786866561.4838862,-0.02,-100788
1786866561.5038166,-0.02,-100809
1786866561.5196562,-0.03,-100831
1786866561.545411,-0.03,-100852
1786866561.565349,-0.03,-100876
1786866561.5859985,-0.03,-100898
1786866561.6035433,-0.03,-100924
1786866561.6222835,-0.03,-100947
1786866561.6467593,-0.03,-100967
1786866561.665914,-0.03,-100988
1786866561.687854,-0.03,-101010
1786866561.7067826,-0.03,-101032
1786866561.7274184,-0.03,-101055
1786866561.7496712,-0.03,-101079
1786866561.769137,-0.03,-101100
1786866561.789677,-0.03,-101126
1786866561.8093207,-0.03,-101148
1786866561.831355,-0.03,-101172
1786866561.8520324,-0.03,-101198
1786866561.8730412,-0.03,-101219
1786866561.8931825,-0.03,-101242
1786866561.9106333,-0.03,-101268
1786866561.9343357,-0.03,-101290
1786866561.9544268,-0.03,-101311
1786866561.9751608,-0.03,-101334
1786866561.9916859,-0.03,-101360
1786866562.0119011,-0.03,-101384
1786866562.03637,-0.04,-101406
1786866562.0536947,-0.04,-101431
1786866562.077334,-0.04,-101453
1786866562.0967922,-0.04,-101475
1786866562.116078,-0.04,-101497
1786866562.138543,-0.04,-101520
1786866562.1576848,-0.04,-101543
1786866562.1802268,-0.04,-101567
1786866562.200324,-0.04,-101590
1786866562.2210026,-0.04,-101612
1786866562.2409894,-0.04,-101635
1786866562.261117,-0.04,-101658
1786866562.282695,-0.04,-101681
1786866562.3023078,-0.04,-101704
1786866562.3225183,-0.04,-101726
1786866562.34395,-0.04,-101746
1786866562.3639133,-0.04,-101768
1786866562.3824744,-0.04,-101791
1786866562.4006774,-0.04,-101813
1786866562.4207847,-0.04,-101835
1786866562.4438374,-0.04,-101860
1786866562.4659889,-0.04,-101885
1786866562.4839954,-0.04,-101910
1786866562.5065186,-0.04,-101933
1786866562.5255692,-0.04,-101958
1786866562.5473063,-0.04,-101980
1786866562.5674875,-0.04,-102002
1786866562.589326,-0.04,-102025
1786866562.6090174,-0.04,-102050
1786866562.628627,-0.03,-102071
1786866562.6509883,-0.03,-102092
1786866562.6710918,-0.04,-102113
1786866562.6923103,-0.04,-102135
1786866562.7118905,-0.04,-102157
1786866562.7322862,-0.04,-102178
1786866562.7540717,-0.04,-102201
1786866562.7743483,-0.04,-102221
1786866562.794899,-0.03,-102244
1786866562.81262,-0.04,-102265
1786866562.8326306,-0.04,-102288
1786866562.8552947,-0.05,-102314
1786866562.8738902,-0.04,-102335
1786866562.8949032,-0.05,-102360
1786866562.9154541,-0.04,-102383
1786866562.9355848,-0.04,-102406
1786866562.9577453,-0.04,-102428
1786866562.9774797,-0.04,-102450
1786866562.999627,-0.04,-102471
1786866563.0186915,-0.04,-102493
1786866563.0394702,-0.04,-102516
1786866563.0609791,-0.04,-102538
1786866563.0809748,-0.04,-102558
1786866563.101216,-0.04,-102580
1786866563.1215904,-0.04,-102600
1786866563.1414154,-0.04,-102621
1786866563.163255,-0.05,-102642
1786866563.184037,-0.05,-102664
1786866563.1991525,-0.05,-102685
1786866563.2248566,-0.04,-102709
1786866563.240858,-0.05,-102731
1786866563.2645893,-0.05,-102752
1786866563.2819293,-0.04,-102775
1786866563.3056698,-0.04,-102797
1786866563.3249795,-0.04,-102818
1786866563.3473105,-0.05,-102842
1786866563.366269,-0.05,-102868
1786866563.3853996,-0.04,-102889
1786866563.4088094,-0.04,-102910
1786866563.4270911,-0.05,-102933
1786866563.44969,-0.05,-102956
1786866563.4691358,-0.05,-102978
1786866563.490759,-0.05,-103002
1786866563.5103827,-0.05,-103024
1786866563.527824,-0.04,-103046
1786866563.5525117,-0.04,-103069
1786866563.5729246,-0.04,-103091
1786866563.5896697,-0.04,-103112
1786866563.6134546,-0.04,-103135
1786866563.6296973,-0.04,-103156
1786866563.6531436,-0.05,-103179
1786866563.6727633,-0.05,-103200
1786866563.6930556,-0.05,-103223
1786866563.7156265,-0.05,-103247
1786866563.7364342,-0.05,-103268
1786866563.7568188,-0.04,-103290
1786866563.7778432,-0.04,-103311
1786866563.7980368,-0.05,-103333
1786866563.8184502,-0.04,-103354
1786866563.8380017,-0.04,-103376
1786866563.8593273,-0.04,-103398
1786866563.8794637,-0.05,-103420
1786866563.8996747,-0.05,-103442
1786866563.9200547,-0.05,-103463
1786866563.9416525,-0.05,-103486
1786866563.9621937,-0.05,-103506
1786866563.9825623,-0.05,-103528
1786866564.0020504,-0.05,-103550
1786866564.0184226,-0.05,-103572
1786866564.0416942,-0.05,-103593
1786866564.0641525,-0.05,-103615
1786866564.083626,-0.05,-103636
1786866564.1035051,-0.05,-103659
1786866564.1218197,-0.05,-103680
1786866564.1434379,-0.05,-103702
1786866564.1666467,-0.05,-103723
1786866564.1838684,-0.05,-103744
1786866564.2047215,-0.05,-103767
1786866564.2266872,-0.05,-103788
1786866564.2467098,-0.04,-103812
1786866564.2689614,-0.05,-103833
1786866564.289577,-0.05,-103855
1786866564.310083,-0.05,-103876
1786866564.3296728,-0.05,-103900
1786866564.3498673,-0.04,-103923
1786866564.3718073,-0.04,-103944
1786866564.3889174,-0.05,-103966
1786866564.412871,-0.05,-103988
1786866564.4282281,-0.05,-104011
1786866564.4512708,-0.05,-104032
1786866564.474208,-0.05,-104056
1786866564.494687,-0.05,-104078
1786866564.5141346,-0.05,-104099
1786866564.5330756,-0.05,-104121
1786866564.5560262,-0.05,-104142
1786866564.5747082,-0.05,-104166
1786866564.5959322,-0.05,-104188
1786866564.6155465,-0.05,-104211
1786866564.6379497,-0.05,-104232
1786866564.6560621,-0.06,-104253
1786866564.678072,-0.06,-104276
1786866564.6980805,-0.05,-104297
1786866564.7198453,-0.05,-104320
1786866564.7401676,-0.05,-104341
1786866564.757476,-0.05,-104364
1786866564.7783115,-0.05,-104386
1786866564.7994025,-0.05,-104409
1786866564.8227172,-0.05,-104430
1786866564.8390865,-0.05,-104452
1786866564.863168,-0.05,-104476
1786866564.8838332,-0.05,-104497
1786866564.9008436,-0.05,-104518
1786866564.9175048,-0.05,-104540
1786866564.9420955,-0.05,-104563
1786866564.9643943,-0.05,-104585
1786866564.9864361,-0.05,-104606
1786866565.0042038,-0.05,-104627
1786866565.0253713,-0.05,-104648
1786866565.0444617,-0.05,-104670
1786866565.0677655,-0.05,-104691
1786866565.0883455,-0.05,-104715
1786866565.1069582,-0.05,-104737
1786866565.1286151,-0.05,-104759
1786866565.1488955,-0.06,-104781
1786866565.1696978,-0.06,-104803
1786866565.1891372,-0.05,-104825
1786866565.211516,-0.06,-104846
1786866565.2322624,-0.06,-104869
1786866565.2512016,-0.06,-104890
1786866565.2725432,-0.06,-104913
1786866565.292145,-0.06,-104935
1786866565.3108275,-0.06,-104961
1786866565.3308916,-0.06,-104981
1786866565.35429,-0.06,-105003
1786866565.3749883,-0.07,-105025
1786866565.395525,-0.07,-105045
1786866565.4139237,-0.06,-105066
1786866565.4343576,-0.06,-105087
1786866565.4556146,-0.06,-105111
1786866565.4780118,-0.06,-105134
1786866565.4972594,-0.07,-105157
1786866565.5184667,-0.06,-105178
1786866565.5389316,-0.06,-105201
1786866565.5591123,-0.06,-105222
1786866565.5794332,-0.06,-105243
1786866565.6003368,-0.06,-105265
1786866565.6211338,-0.06,-105288
1786866565.6362062,-0.06,-105309
1786866565.6621654,-0.06,-105332
1786866565.6796515,-0.06,-105353
1786866565.6979153,-0.06,-105374
1786866565.7195406,-0.06,-105396
1786866565.7429154,-0.06,-105419
1786866565.7633924,-0.06,-105440
1786866565.7846546,-0.06,-105461
1786866565.8051012,-0.06,-105483
1786866565.825697,-0.06,-105506
1786866565.8446934,-0.06,-105530
1786866565.865353,-0.06,-105552
1786866565.8872507,-0.06,-105575
1786866565.906896,-0.06,-105596
1786866565.9281075,-0.05,-105617
1786866565.948594,-0.06,-105639
1786866565.9682655,-0.06,-105660
1786866565.9890332,-0.05,-105682
1786866566.009877,-0.05,-105704
1786866566.0307462,-0.05,-105728
1786866566.0472336,-0.05,-105752
1786866566.0666063,-0.05,-105773
1786866566.0887868,-0.05,-105795
1786866566.11078,-0.05,-105817
1786866566.1298254,-0.05,-105841
1786866566.1524742,-0.05,-105861
1786866566.173897,-0.05,-105883
1786866566.1916513,-0.05,-105903
1786866566.2123084,-0.05,-105925
1786866566.2324498,-0.06,-105947
1786866566.255653,-0.05,-105969
1786866566.2737565,-0.05,-105992
1786866566.295871,-0.06,-106016
1786866566.316593,-0.06,-106041
1786866566.3378985,-0.06,-106064
1786866566.3571897,-0.06,-106085
1786866566.379102,-0.06,-106107
1786866566.3952343,-0.06,-106125
1786866566.419527,-0.06,-106146
1786866566.440417,-0.06,-106169
1786866566.461174,-0.06,-106192
1786866566.481215,-0.06,-106214
1786866566.4997818,-0.06,-106236
1786866566.519948,-0.07,-106255
1786866566.539909,-0.06,-106276
1786866566.5630555,-0.07,-106298
1786866566.581102,-0.07,-106319
1786866566.6044471,-0.07,-106344
1786866566.6224048,-0.07,-106367
1786866566.6417427,-0.07,-106389
1786866566.6650455,-0.06,-106413
1786866566.6841466,-0.06,-106435
1786866566.7071507,-0.06,-106460
1786866566.7265453,-0.06,-106485
1786866566.7473943,-0.06,-106506
1786866566.7666368,-0.06,-106531
1786866566.7887175,-0.06,-106553
1786866566.8035195,-0.05,-106578
1786866566.8291466,-0.06,-106603
1786866566.8500566,-0.06,-106627
1786866566.8708465,-0.06,-106650
1786866566.8899186,-0.06,-106672
1786866566.908534,-0.06,-106698
1786866566.9298317,-0.06,-106723
1786866566.9504468,-0.06,-106743
1786866566.9705706,-0.06,-106765
1786866566.991572,-0.06,-106787
1786866567.0102355,-0.06,-106809
1786866567.0332491,-0.06,-106833
1786866567.052836,-0.06,-106851
1786866567.073376,-0.06,-106873
1786866567.0956101,-0.06,-106894
1786866567.115055,-0.06,-106914
1786866567.1359577,-0.06,-106936
1786866567.1572392,-0.06,-106958
1786866567.176344,-0.06,-106980
1786866567.198672,-0.06,-107004
1786866567.2187595,-0.06,-107027
1786866567.2388508,-0.06,-107048
1786866567.259417,-0.06,-107072
1786866567.2792814,-0.07,-107098
1786866567.2998893,-0.06,-107119
1786866567.3215835,-0.06,-107142
1786866567.3413749,-0.06,-107168
1786866567.3622413,-0.06,-107196
1786866567.3823674,-0.06,-107218
1786866567.4029586,-0.05,-107240
1786866567.423568,-0.06,-107263
1786866567.442809,-0.06,-107286
1786866567.4648585,-0.06,-107312
1786866567.4846046,-0.06,-107334
1786866567.5045102,-0.06,-107354
1786866567.5256886,-0.06,-107377
1786866567.5465019,-0.06,-107398
1786866567.5666668,-0.06,-107420
1786866567.586507,-0.06,-107443
1786866567.6081681,-0.06,-107469
1786866567.6275263,-0.06,-107494
1786866567.6489015,-0.06,-107518
1786866567.669174,-0.06,-107540
1786866567.6889925,-0.06,-107564
1786866567.7079406,-0.06,-107586
1786866567.726832,-0.06,-107610
1786866567.7513692,-0.06,-107633
1786866567.768666,-0.06,-107655
1786866567.7904687,-0.06,-107679
1786866567.8102772,-0.06,-107700
1786866567.8307562,-0.06,-107725
1786866567.852947,-0.06,-107751
1786866567.8721108,-0.06,-107774
1786866567.8921146,-0.06,-107800
1786866567.914692,-0.06,-107826
1786866567.9352248,-0.06,-107852
1786866567.9559324,-0.06,-107873
1786866567.9747784,-0.06,-107896
1786866567.996961,-0.06,-107919
1786866568.0164368,-0.06,-107943
1786866568.032318,-0.05,-107965
1786866568.0581534,-0.05,-107987
1786866568.0788665,-0.05,-108013
1786866568.0949545,-0.05,-108037
1786866568.1166887,-0.05,-108058
1786866568.1362736,-0.05,-108079
1786866568.1568198,-0.05,-108103
1786866568.179949,-0.05,-108126
1786866568.201574,-0.05,-108146
1786866568.2220042,-0.05,-108169
1786866568.241968,-0.05,-108191
1786866568.2606885,-0.05,-108213
1786866568.2832603,-0.04,-108237
1786866568.303597,-0.05,-108263
1786866568.323208,-0.05,-108286
1786866568.343567,-0.04,-108311
1786866568.3647058,-0.04,-108333
1786866568.3857884,-0.04,-108359
1786866568.4052298,-0.04,-108382
1786866568.4273162,-0.04,-108403
1786866568.447423,-0.04,-108424
1786866568.4643178,-0.04,-108448
1786866568.483658,-0.05,-108470
1786866568.5079868,-0.05,-108492
1786866568.5284963,-0.05,-108514
1786866568.5477245,-0.05,-108539
1786866568.566123,-0.05,-108562
1786866568.5907276,-0.05,-108587
1786866568.6096268,-0.06,-108609
