timestamp,headingDeg,encoderCount
1786866009.1109765,0.29,-96617
1786866009.1360257,0.29,-96651
1786866009.1550193,0.29,-96686
1786866009.176347,0.29,-96720
1786866009.196613,0.29,-96755
1786866009.2178628,0.29,-96791
1786866009.239095,0.30,-96825
1786866009.2586877,0.31,-96860
1786866009.2800865,0.31,-96894
1786866009.3004272,0.31,-96929
1786866009.3206415,0.31,-96963
1786866009.3417523,0.31,-96998
1786866009.3625367,0.30,-97031
1786866009.3831034,0.30,-97066
1786866009.4039419,0.30,-97100
1786866009.4246316,0.30,-97135
1786866009.4444513,0.30,-97169
1786866009.4615028,0.29,-97204
1786866009.4818587,0.29,-97238
1786866009.5024743,0.29,-97274
1786866009.5259993,0.30,-97308
1786866009.5443313,0.30,-97344
1786866009.5643346,0.30,-97378
1786866009.5879953,0.30,-97412
1786866009.608548,0.30,-97446
1786866009.6288514,0.30,-97481
1786866009.6482787,0.30,-97516
1786866009.6701384,0.30,-97551
1786866009.690578,0.30,-97585
1786866009.709567,0.30,-97621
1786866009.731344,0.30,-97657
1786866009.7525437,0.30,-97690
1786866009.767827,0.30,-97725
1786866009.7927449,0.30,-97758
1786866009.808884,0.30,-97793
1786866009.8285718,0.30,-97827
1786866009.8542457,0.30,-97863
1786866009.8703964,0.30,-97898
1786866009.895477,0.30,-97932
1786866009.9123766,0.30,-97967
1786866009.9344623,0.30,-98002
1786866009.9542184,0.30,-98037
1786866009.9745188,0.30,-98071
1786866009.994827,0.31,-98107
1786866010.0161867,0.30,-98142
1786866010.0381114,0.31,-98177
1786866010.057773,0.31,-98212
1786866010.0780709,0.31,-98247
1786866010.1002064,0.31,-98282
1786866010.1195736,0.31,-98317
1786866010.1399012,0.31,-98351
1786866010.1603274,0.31,-98386
1786866010.1823523,0.30,-98421
1786866010.2007964,0.30,-98455
1786866010.219333,0.30,-98489
1786866010.240553,0.29,-98523
1786866010.257887,0.30,-98557
1786866010.2807412,0.29,-98592
1786866010.3014815,0.29,-98628
1786866010.3223746,0.29,-98663
1786866010.343083,0.30,-98698
1786866010.3639655,0.30,-98732
1786866010.3848622,0.30,-98768
1786866010.4057639,0.30,-98803
1786866010.4259584,0.30,-98838
1786866010.447173,0.30,-98873
1786866010.468127,0.30,-98907
1786866010.4889617,0.30,-98942
1786866010.5096467,0.30,-98977
1786866010.5303771,0.30,-99012
1786866010.5502977,0.31,-99046
1786866010.5703666,0.31,-99081
1786866010.591205,0.31,-99116
1786866010.6120486,0.31,-99150
1786866010.632352,0.32,-99184
1786866010.6489897,0.32,-99219
1786866010.6696188,0.32,-99254
1786866010.6907773,0.32,-99289
1786866010.7122402,0.32,-99323
1786866010.7348566,0.32,-99358
1786866010.7553298,0.32,-99393
1786866010.7758062,0.32,-99427
1786866010.7946885,0.31,-99463
1786866010.8151639,0.31,-99498
1786866010.836234,0.31,-99531
1786866010.8582242,0.31,-99567
1786866010.878458,0.30,-99603
1786866010.8983743,0.30,-99638
1786866010.9195726,0.30,-99673
1786866010.9400828,0.30,-99708
1786866010.9605813,0.30,-99743
1786866010.980012,0.30,-99777
1786866010.9997733,0.31,-99812
1786866011.0216932,0.30,-99846
1786866011.042478,0.31,-99881
1786866011.0605333,0.31,-99915
1786866011.077749,0.31,-99949
1786866011.1008165,0.31,-99983
1786866011.1204321,0.31,-100018
1786866011.1418896,0.31,-100053
1786866011.1605093,0.31,-100088
1786866011.185537,0.31,-100124
1786866011.2034256,0.30,-100158
1786866011.2241511,0.30,-100194
1786866011.2454202,0.29,-100228
1786866011.264697,0.29,-100263
1786866011.2866764,0.29,-100298
1786866011.3005724,0.29,-100332
1786866011.3286083,0.29,-100367
1786866011.349065,0.29,-100403
1786866011.3687491,0.29,-100437
1786866011.3889725,0.29,-100473
1786866011.4103596,0.30,-100507
1786866011.4310157,0.30,-100541
1786866011.4520783,0.30,-100576
1786866011.472457,0.30,-100610
1786866011.4922264,0.30,-100645
1786866011.5089457,0.30,-100680
1786866011.533146,0.29,-100713
1786866011.554057,0.30,-100748
1786866011.5716221,0.29,-100781
1786866011.5922418,0.29,-100815
1786866011.6126113,0.29,-100850
1786866011.6338117,0.29,-100883
1786866011.656862,0.29,-100917
1786866011.6770194,0.29,-100953
1786866011.6951554,0.29,-100987
1786866011.7172544,0.29,-101021
1786866011.7385375,0.29,-101056
1786866011.7589014,0.30,-101090
1786866011.7798114,0.30,-101125
1786866011.8000937,0.30,-101159
1786866011.8165755,0.30,-101194
1786866011.8409789,0.30,-101229
1786866011.8615575,0.31,-101264
1786866011.8818777,0.31,-101298
1786866011.8981273,0.31,-101333
1786866011.921876,0.31,-101368
1786866011.9428957,0.30,-101403
1786866011.960637,0.30,-101437
1786866011.9833806,0.30,-101472
1786866012.002097,0.30,-101508
1786866012.0253055,0.30,-101542
1786866012.0439897,0.30,-101577
1786866012.0653932,0.30,-101611
1786866012.0868924,0.30,-101646
1786866012.107123,0.30,-101681
1786866012.1275973,0.30,-101716
1786866012.1479125,0.30,-101750
1786866012.168338,0.30,-101785
1786866012.1895242,0.30,-101820
1786866012.2099488,0.31,-101855
1786866012.227186,0.31,-101890
1786866012.2508044,0.31,-101925
1786866012.27085,0.31,-101960
1786866012.2866385,0.31,-101994
1786866012.310007,0.31,-102029
1786866012.328298,0.31,-102064
1786866012.3529048,0.31,-102099
1786866012.370226,0.31,-102134
1786866012.3910022,0.30,-102168
1786866012.4118574,0.30,-102203
1786866012.4323804,0.30,-102238
1786866012.4552634,0.30,-102272
1786866012.4755635,0.30,-102307
1786866012.496167,0.30,-102342
1786866012.515764,0.30,-102376
1786866012.5296814,0.30,-102411
1786866012.556201,0.31,-102446
1786866012.5783765,0.31,-102480
1786866012.5977466,0.31,-102515
1786866012.6185966,0.31,-102550
1786866012.639455,0.31,-102585
1786866012.6603072,0.31,-102619
1786866012.6772866,0.32,-102654
1786866012.6964154,0.31,-102690
1786866012.7171333,0.31,-102724
1786866012.7421281,0.31,-102759
1786866012.758884,0.31,-102795
1786866012.7833612,0.31,-102830
1786866012.7999122,0.31,-102864
1786866012.8215127,0.30,-102899
1786866012.8436472,0.30,-102934
1786866012.8652549,0.30,-102970
1786866012.8837345,0.30,-103005
1786866012.9042044,0.30,-103038
1786866012.9264262,0.29,-103073
1786866012.945848,0.29,-103108
1786866012.9674795,0.29,-103143
1786866012.9882965,0.29,-103178
1786866013.007514,0.29,-103213
1786866013.0289297,0.30,-103249
1786866013.0461953,0.30,-103283
1786866013.069917,0.30,-103319
1786866013.0907211,0.30,-103353
1786866013.1077292,0.30,-103388
1786866013.1276906,0.31,-103423
1786866013.1476865,0.31,-103458
1786866013.1723945,0.31,-103492
1786866013.1890874,0.31,-103527
1786866013.2057457,0.31,-103561
1786866013.2301314,0.31,-103596
1786866013.254389,0.31,-103632
1786866013.2733808,0.31,-103667
1786866013.2936194,0.31,-103702
1786866013.3144937,0.31,-103737
1786866013.3354197,0.32,-103772
1786866013.3559349,0.32,-103806
1786866013.376235,0.32,-103841
1786866013.39752,0.32,-103876
1786866013.4106908,0.31,-103911
1786866013.4381108,0.31,-103945
1786866013.458691,0.30,-103980
1786866013.4754605,0.30,-104014
1786866013.4983802,0.30,-104049
1786866013.5158734,0.30,-104082
1786866013.5363042,0.30,-104116
1786866013.5608797,0.30,-104151
1786866013.581863,0.31,-104185
1786866013.600085,0.31,-104220
1786866013.6227553,0.31,-104254
1786866013.6404657,0.31,-104289
1786866013.6613274,0.31,-104325
1786866013.6842124,0.30,-104359
1786866013.6950011,0.30,-104394
1786866013.7228875,0.30,-104429
1786866013.7454605,0.30,-104464
1786866013.7661903,0.30,-104499
1786866013.7863111,0.29,-104534
1786866013.806709,0.29,-104569
1786866013.8279593,0.29,-104603
1786866013.8486466,0.29,-104638
1786866013.8653667,0.29,-104674
1786866013.8893678,0.29,-104708
1786866013.9095855,0.29,-104743
1786866013.930041,0.30,-104778
1786866013.9464138,0.30,-104813
1786866013.9711676,0.30,-104847
1786866013.9900997,0.30,-104883
1786866014.0085738,0.30,-104918
1786866014.032323,0.30,-104953
1786866014.0531836,0.30,-104987
1786866014.071408,0.30,-105022
1786866014.0933611,0.30,-105056
1786866014.1129048,0.30,-105091
1786866014.1335995,0.31,-105125
1786866014.155466,0.31,-105160
1786866014.1757586,0.31,-105195
1786866014.1961596,0.31,-105230
1786866014.2170334,0.31,-105265
1786866014.236694,0.31,-105299
1786866014.256535,0.31,-105334
1786866014.278004,0.30,-105369
1786866014.2989266,0.30,-105404
1786866014.319638,0.30,-105439
1786866014.3350697,0.31,-105474
1786866014.3560765,0.31,-105509
1786866014.3766365,0.31,-105544
1786866014.4008408,0.31,-105577
1786866014.4216223,0.30,-105612
1786866014.4418507,0.31,-105646
1786866014.462657,0.31,-105680
1786866014.479836,0.31,-105713
1786866014.5031605,0.31,-105747
1786866014.522652,0.31,-105782
1786866014.5445988,0.32,-105818
1786866014.5643218,0.32,-105853
1786866014.585033,0.32,-105888
1786866014.6061366,0.33,-105924
1786866014.6265357,0.32,-105961
1786866014.6461504,0.32,-105996
1786866014.667723,0.32,-106031
1786866014.6881862,0.32,-106065
1786866014.7086246,0.32,-106100
1786866014.7269156,0.32,-106135
1786866014.749371,0.32,-106169
1786866014.7684743,0.32,-106202
1786866014.7866535,0.32,-106237
1786866014.8094347,0.31,-106271
1786866014.8284388,0.31,-106305
1786866014.848811,0.31,-106339
1786866014.8698509,0.31,-106374
1786866014.8900511,0.31,-106408
1786866014.9129517,0.31,-106443
1786866014.9307673,0.32,-106477
1786866014.953142,0.31,-106512
1786866014.9736662,0.32,-106546
1786866014.9940083,0.32,-106581
1786866015.015198,0.32,-106616
1786866015.0366485,0.33,-106650
1786866015.0556018,0.33,-106685
1786866015.0764282,0.33,-106719
1786866015.0972714,0.33,-106754
1786866015.1181352,0.33,-106789
1786866015.1357434,0.33,-106825
1786866015.1592033,0.32,-106859
1786866015.1770627,0.32,-106895
1786866015.195716,0.32,-106930
1786866015.2168446,0.31,-106964
1786866015.2373443,0.31,-107000
1786866015.261343,0.31,-107035
1786866015.2817132,0.31,-107069
1786866015.3018541,0.31,-107104
1786866015.3205886,0.30,-107141
1786866015.3407266,0.30,-107173
1786866015.3621552,0.30,-107209
1786866015.382859,0.31,-107243
1786866015.4039233,0.31,-107278
1786866015.4245312,0.32,-107315
1786866015.4456203,0.32,-107349
1786866015.465243,0.32,-107384
1786866015.4869854,0.32,-107419
1786866015.5040145,0.32,-107453
1786866015.5240774,0.32,-107488
1786866015.5485451,0.32,-107523
1786866015.5662603,0.32,-107558
1786866015.584395,0.32,-107593
1786866015.6081982,0.32,-107627
1786866015.6300008,0.31,-107662
1786866015.6472228,0.31,-107697
1786866015.6678126,0.31,-107730
1786866015.690958,0.31,-107765
1786866015.7094536,0.31,-107800
1786866015.7325706,0.30,-107834
1786866015.7529588,0.30,-107869
1786866015.7721927,0.30,-107904
1786866015.7927146,0.29,-107939
1786866015.8123972,0.29,-107972
1786866015.8344524,0.29,-108007
1786866015.855166,0.30,-108042
1786866015.8761618,0.30,-108076
1786866015.8957233,0.29,-108111
1786866015.9169872,0.30,-108146
1786866015.9337614,0.30,-108181
1786866015.9582016,0.30,-108216
1786866015.9761968,0.31,-108250
1786866015.9942317,0.31,-108285
1786866016.0180328,0.31,-108320
1786866016.0401475,0.31,-108354
1786866016.058669,0.31,-108388
1786866016.0774782,0.31,-108423
1786866016.0985074,0.31,-108457
1786866016.121444,0.31,-108492
1786866016.1404939,0.31,-108527
1786866016.1629195,0.31,-108562
1786866016.181655,0.31,-108597
1786866016.2035027,0.31,-108633
1786866016.2240555,0.31,-108667
1786866016.2442968,0.31,-108703
1786866016.2641146,0.31,-108739
1786866016.2857459,0.31,-108773
1786866016.3053622,0.31,-108807
1786866016.323364,0.31,-108843
1786866016.347048,0.32,-108877
1786866016.3672564,0.32,-108912
1786866016.3827887,0.32,-108947
1786866016.4062912,0.33,-108982
1786866016.4250739,0.33,-109017
1786866016.4483085,0.33,-109052
1786866016.4662368,0.33,-109087
1786866016.4891126,0.33,-109122
1786866016.5085104,0.33,-109157
1786866016.5287488,0.33,-109193
1786866016.5519395,0.34,-109227
1786866016.5703788,0.33,-109262
1786866016.590047,0.34,-109297
1786866016.6120636,0.33,-109331
1786866016.6338418,0.33,-109367
1786866016.6537535,0.33,-109401
1786866016.673341,0.32,-109436
1786866016.6942062,0.32,-109470
1786866016.7150223,0.33,-109504
1786866016.7358744,0.32,-109538
1786866016.7566588,0.32,-109571
1786866016.7774253,0.32,-109605
1786866016.79748,0.32,-109638
1786866016.8150437,0.32,-109674
1786866016.8384387,0.32,-109708
1786866016.859141,0.32,-109741
1786866016.8752325,0.32,-109774
1786866016.8999584,0.32,-109808
1786866016.9164805,0.32,-109842
1786866016.9409962,0.32,-109876
1786866016.9571402,0.32,-109911
1786866016.981695,0.33,-109945
1786866016.99854,0.33,-109980
1786866017.0227323,0.33,-110014
1786866017.040129,0.33,-110048
1786866017.0640056,0.33,-110083
1786866017.0828097,0.33,-110117
1786866017.1049066,0.33,-110156
1786866017.1249893,0.33,-110189
1786866017.1454628,0.33,-110224
1786866017.1614988,0.33,-110257
1786866017.187135,0.33,-110292
1786866017.206162,0.34,-110325
1786866017.2229264,0.34,-110360
1786866017.2466476,0.33,-110394
1786866017.268562,0.33,-110429
1786866017.2858372,0.33,-110461
1786866017.3065042,0.34,-110494
1786866017.3295324,0.33,-110528
1786866017.3491662,0.33,-110561
1786866017.3697612,0.33,-110595
1786866017.389642,0.33,-110628
1786866017.409297,0.33,-110662
1786866017.4319956,0.33,-110695
1786866017.4532971,0.34,-110727
1786866017.4730933,0.34,-110760
1786866017.4934635,0.33,-110798
1786866017.5147579,0.33,-110832
1786866017.5351286,0.33,-110867
1786866017.5551336,0.34,-110902
1786866017.57223,0.34,-110936
1786866017.596787,0.34,-110971
1786866017.611834,0.34,-111004
1786866017.6323044,0.34,-111039
1786866017.6534963,0.34,-111073
1786866017.67857,0.34,-111110
1786866017.69868,0.34,-111144
1786866017.7162428,0.34,-111179
1786866017.7369387,0.34,-111212
1786866017.760811,0.34,-111249
1786866017.7788026,0.34,-111284
1786866017.79862,0.34,-111318
1786866017.8201544,0.34,-111351
1786866017.8405743,0.33,-111385
1786866017.8622491,0.33,-111421
1786866017.8827593,0.33,-111455
1786866017.9031088,0.33,-111490
1786866017.9243734,0.33,-111526
1786866017.9447885,0.33,-111560
1786866017.9647286,0.33,-111595
1786866017.9855752,0.33,-111629
1786866018.0060647,0.33,-111663
1786866018.0264676,0.33,-111698
1786866018.0416458,0.34,-111733
1786866018.0652933,0.34,-111768
1786866018.0841138,0.34,-111801
1786866018.104921,0.35,-111837
1786866018.1256845,0.35,-111871
1786866018.14608,0.35,-111905
1786866018.1673317,0.35,-111940
1786866018.190379,0.35,-111973
1786866018.2089424,0.35,-112009
1786866018.2312994,0.35,-112042
1786866018.2509353,0.35,-112074
1786866018.2721164,0.35,-112110
1786866018.2929718,0.35,-112144
1786866018.313299,0.35,-112176
1786866018.334033,0.35,-112209
1786866018.3544238,0.35,-112242
1786866018.3714218,0.35,-112276
1786866018.389358,0.35,-112310
1786866018.4131799,0.34,-112345
1786866018.4310641,0.35,-112378
1786866018.456085,0.35,-112411
1786866018.472747,0.35,-112445
1786866018.4924319,0.34,-112480
1786866018.5149379,0.35,-112513
1786866018.5353801,0.35,-112547
1786866018.5560925,0.35,-112581
1786866018.5793083,0.35,-112612
1786866018.597759,0.34,-112646
1786866018.620889,0.34,-112681
1786866018.6394417,0.34,-112711
1786866018.661826,0.35,-112747
1786866018.6811302,0.35,-112782
1786866018.7027633,0.35,-112815
1786866018.7228608,0.35,-112848
1786866018.7433367,0.35,-112880
1786866018.7596393,0.35,-112914
1786866018.7844884,0.36,-112947
1786866018.8019502,0.36,-112981
1786866018.8257189,0.35,-113016
1786866018.840323,0.35,-113048
1786866018.8616273,0.36,-113082
1786866018.8853447,0.36,-113116
1786866018.905878,0.36,-113152
1786866018.9269524,0.36,-113185
1786866018.94809,0.36,-113217
1786866018.9661255,0.36,-113251
1786866018.9866126,0.36,-113284
1786866019.0096285,0.36,-113318
1786866019.0301104,0.36,-113354
1786866019.0478773,0.36,-113387
1786866019.0710678,0.36,-113420
1786866019.0908947,0.36,-113454
1786866019.1107855,0.36,-113490
1786866019.1324153,0.36,-113524
1786866019.152031,0.37,-113558
1786866019.1738057,0.37,-113593
1786866019.194454,0.37,-113626
1786866019.2116888,0.36,-113660
1786866019.2346003,0.36,-113696
1786866019.253741,0.36,-113730
1786866019.273603,0.36,-113763
1786866019.292175,0.36,-113795
1786866019.3150342,0.37,-113827
1786866019.3338034,0.37,-113861
1786866019.3568125,0.37,-113895
1786866019.375295,0.36,-113929
1786866019.3983104,0.36,-113963
1786866019.4170945,0.36,-113997
1786866019.4401073,0.36,-114031
1786866019.458878,0.37,-114066
1786866019.479673,0.37,-114099
1786866019.500074,0.36,-114134
1786866019.521433,0.36,-114167
1786866019.542653,0.36,-114203
1786866019.5631456,0.36,-114237
1786866019.5835998,0.36,-114271
1786866019.6032917,0.37,-114306
1786866019.6242957,0.36,-114341
1786866019.6449342,0.36,-114376
1786866019.6607587,0.36,-114410
1786866019.685198,0.36,-114444
1786866019.7019646,0.36,-114477
1786866019.7265358,0.36,-114511
1786866019.7438998,0.36,-114546
1786866019.7662358,0.36,-114581
1786866019.787423,0.36,-114616
1786866019.8061128,0.36,-114651
1786866019.828899,0.36,-114684
1786866019.8495305,0.36,-114718
1786866019.8684375,0.36,-114751
1786866019.8889077,0.37,-114784
1786866019.9110937,0.37,-114817
1786866019.930076,0.37,-114851
1786866019.9517398,0.37,-114886
1786866019.9713008,0.37,-114920
1786866019.9889834,0.37,-114953
1786866020.0133765,0.37,-114986
1786866020.0309157,0.38,-115019
1786866020.0544693,0.38,-115051
1786866020.0699196,0.38,-115086
1786866020.0904841,0.38,-115118
1786866020.111926,0.38,-115152
1786866020.132419,0.38,-115186
1786866020.1559365,0.37,-115220
1786866020.1763406,0.38,-115255
1786866020.1942039,0.38,-115289
1786866020.2154577,0.38,-115324
1786866020.2355838,0.38,-115355
1786866020.2572203,0.38,-115388
1786866020.279896,0.39,-115422
1786866020.2993631,0.39,-115455
1786866020.3191447,0.39,-115489
1786866020.3406935,0.39,-115523
1786866020.3609169,0.39,-115557
1786866020.3820999,0.38,-115593
1786866020.40216,0.39,-115629
1786866020.419361,0.39,-115664
1786866020.4404056,0.39,-115700
1786866020.4636314,0.39,-115734
1786866020.4815483,0.39,-115767
1786866020.5000966,0.38,-115802
1786866020.5207775,0.38,-115836
1786866020.5418775,0.38,-115871
1786866020.5647125,0.38,-115905
1786866020.5867445,0.38,-115938
1786866020.607078,0.38,-115973
1786866020.627708,0.38,-116006
1786866020.6462286,0.38,-116043
1786866020.6685734,0.38,-116078
1786866020.6876485,0.38,-116113
1786866020.7099595,0.38,-116152
1786866020.730182,0.38,-116185
1786866020.7505913,0.38,-116219
1786866020.77073,0.38,-116253
1786866020.7906508,0.38,-116287
1786866020.806819,0.38,-116319
1786866020.8311179,0.38,-116352
1786866020.8501318,0.38,-116385
1786866020.8715208,0.38,-116419
1786866020.891505,0.38,-116453
1786866020.9139721,0.38,-116486
1786866020.9321504,0.37,-116520
1786866020.9524195,0.37,-116555
1786866020.9725869,0.37,-116590
1786866020.9942572,0.37,-116624
1786866021.0160437,0.37,-116659
1786866021.0369048,0.37,-116694
1786866021.0571427,0.37,-116727
1786866021.0763915,0.37,-116762
1786866021.0961783,0.37,-116795
1786866021.116866,0.37,-116829
1786866021.139767,0.37,-116863
1786866021.158514,0.37,-116899
1786866021.1811469,0.38,-116933
1786866021.2002804,0.38,-116966
1786866021.2193277,0.38,-117001
1786866021.241888,0.37,-117036
1786866021.2615888,0.38,-117071
1786866021.2835572,0.38,-117106
1786866021.3035605,0.38,-117140
1786866021.3221822,0.38,-117174
1786866021.3445024,0.38,-117207
1786866021.3634844,0.38,-117242
1786866021.3829029,0.37,-117277
1786866021.4015539,0.37,-117310
1786866021.424462,0.37,-117346
1786866021.4461417,0.37,-117380
1786866021.46551,0.37,-117414
1786866021.4861321,0.37,-117448
1786866021.5083869,0.37,-117482
1786866021.5282578,0.37,-117515
1786866021.5493248,0.36,-117552
1786866021.5694456,0.36,-117586
1786866021.5899503,0.37,-117621
1786866021.611119,0.37,-117653
1786866021.6313324,0.37,-117688
1786866021.6515155,0.37,-117722
1786866021.672404,0.37,-117754
1786866021.6902115,0.37,-117789
1786866021.7121787,0.37,-117824
1786866021.7317946,0.36,-117859
1786866021.74994,0.36,-117893
1786866021.7736247,0.36,-117927
1786866021.7916121,0.37,-117962
1786866021.8146453,0.37,-117999
1786866021.8361588,0.37,-118034
1786866021.856141,0.37,-118068
1786866021.874933,0.37,-118103
1786866021.8954678,0.36,-118137
1786866021.9164865,0.36,-118171
1786866021.936564,0.36,-118205
1786866021.9582403,0.36,-118239
1786866021.9799757,0.36,-118274
1786866021.9998856,0.36,-118308
1786866022.019529,0.36,-118343
1786866022.0411608,0.36,-118377
1786866022.0616422,0.37,-118412
1786866022.0791242,0.37,-118445
1786866022.0970106,0.37,-118479
1786866022.1215162,0.37,-118513
1786866022.1387634,0.36,-118547
1786866022.1616497,0.36,-118581
1786866022.181111,0.36,-118615
1786866022.2033682,0.37,-118650
1786866022.2221603,0.37,-118684
1786866022.2431157,0.37,-118718
1786866022.2662153,0.37,-118752
1786866022.2867613,0.37,-118786
1786866022.3054037,0.37,-118821
1786866022.3272033,0.37,-118855
1786866022.3469648,0.37,-118890
1786866022.3682272,0.37,-118925
1786866022.3890405,0.37,-118959
1786866022.4096053,0.37,-118992
1786866022.4296348,0.38,-119025
1786866022.4464314,0.38,-119059
1786866022.4708612,0.38,-119093
1786866022.48787,0.38,-119127
1786866022.5124862,0.39,-119160
1786866022.5277493,0.38,-119195
1786866022.550641,0.38,-119229
1786866022.5693471,0.39,-119263
1786866022.5925233,0.38,-119295
1786866022.6112144,0.38,-119327
1786866022.6352937,0.38,-119360
1786866022.6525464,0.39,-119394
1786866022.6721792,0.39,-119427
1786866022.6942353,0.38,-119460
1786866022.7138433,0.38,-119494
1786866022.736005,0.38,-119527
1786866022.756265,0.39,-119562
1786866022.7776933,0.39,-119596
1786866022.7979236,0.39,-119629
1786866022.819456,0.39,-119663
1786866022.8342283,0.39,-119697
1786866022.8596377,0.40,-119729
1786866022.8804607,0.39,-119763
1786866022.9013076,0.40,-119797
1786866022.917929,0.40,-119831
1786866022.9373164,0.39,-119866
1786866022.958841,0.39,-119900
1786866022.9791663,0.40,-119934
1786866023.0002055,0.40,-119970
1786866023.0243123,0.40,-120003
1786866023.0431192,0.40,-120037
1786866023.0615141,0.40,-120071
1786866023.0817633,0.40,-120105
1786866023.1038368,0.40,-120139
1786866023.1264465,0.40,-120173
1786866023.146055,0.41,-120209
1786866023.1678016,0.41,-120241
1786866023.1873255,0.40,-120275
1786866023.2081397,0.40,-120309
1786866023.2283154,0.40,-120343
1786866023.2496517,0.41,-120376
1786866023.2701113,0.41,-120410
1786866023.2866266,0.42,-120445
1786866023.311009,0.41,-120477
1786866023.328997,0.41,-120508
1786866023.351748,0.40,-120541
1786866023.369773,0.40,-120575
1786866023.3927252,0.40,-120609
1786866023.4096344,0.41,-120644
1786866023.4302557,0.41,-120680
1786866023.45357,0.40,-120716
1786866023.4718397,0.40,-120751
1786866023.49483,0.40,-120785
1786866023.5156796,0.40,-120819
1786866023.5365405,0.39,-120853
1786866023.5551515,0.39,-120888
1786866023.5769777,0.40,-120922
1786866023.5969985,0.40,-120955
1786866023.6177979,0.40,-120991
1786866023.6380236,0.40,-121025
1786866023.659311,0.40,-121061
1786866023.6789174,0.40,-121096
1786866023.6969051,0.40,-121129
1786866023.7198753,0.40,-121163
1786866023.7386448,0.39,-121197
1786866023.7565029,0.40,-121232
1786866023.7803361,0.40,-121266
1786866023.798075,0.40,-121299
1786866023.8192422,0.40,-121333
1786866023.8397434,0.40,-121366
1786866023.8636045,0.39,-121400
1786866023.881497,0.39,-121435
1786866023.9042945,0.40,-121469
1786866023.923177,0.40,-121504
1786866023.9460282,0.40,-121537
1786866023.9649386,0.40,-121570
1786866023.9857345,0.40,-121604
1786866024.0071537,0.41,-121639
1786866024.0273585,0.41,-121673
1786866024.0484717,0.41,-121705
1786866024.068938,0.41,-121739
1786866024.089196,0.42,-121771
1786866024.1093862,0.41,-121805
1786866024.1302478,0.41,-121838
1786866024.1481884,0.41,-121872
1786866024.1690521,0.41,-121906
1786866024.1892555,0.41,-121940
1786866024.2077644,0.40,-121974
1786866024.2281907,0.41,-122008
1786866024.2494738,0.41,-122042
1786866024.2730033,0.41,-122075
1786866024.2911768,0.41,-122109
1786866024.3142614,0.42,-122145
1786866024.3343847,0.41,-122179
1786866024.3558033,0.41,-122214
1786866024.374454,0.41,-122248
1786866024.3961048,0.41,-122283
1786866024.4162908,0.41,-122317
1786866024.4377503,0.41,-122352
1786866024.4576967,0.41,-122386
1786866024.4781697,0.41,-122420
1786866024.494532,0.42,-122453
1786866024.5181155,0.42,-122485
1786866024.5362577,0.42,-122519
1786866024.554991,0.42,-122552
1786866024.5745828,0.41,-122585
1786866024.5969613,0.42,-122616
1786866024.617482,0.42,-122649
1786866024.6403894,0.42,-122682
1786866024.6591365,0.42,-122717
1786866024.6823056,0.42,-122752
1786866024.7008402,0.42,-122788
1786866024.7236626,0.42,-122819
1786866024.7423768,0.42,-122852
1786866024.7628188,0.41,-122886
1786866024.7841036,0.41,-122918
1786866024.8060951,0.41,-122952
1786866024.8256795,0.41,-122986
1786866024.8465624,0.41,-123019
1786866024.8666108,0.41,-123053
1786866024.8882377,0.41,-123088
1786866024.9085665,0.41,-123121
1786866024.925051,0.42,-123153
1786866024.9491713,0.42,-123188
1786866024.9703226,0.41,-123222
1786866024.987481,0.41,-123255
1786866025.0090942,0.41,-123290
1786866025.0270746,0.41,-123324
1786866025.0507116,0.41,-123358
1786866025.0690117,0.42,-123392
1786866025.092443,0.42,-123426
1786866025.113215,0.42,-123459
1786866025.1334789,0.42,-123493
1786866025.1522381,0.41,-123528
1786866025.1749697,0.41,-123562
1786866025.1936963,0.41,-123596
1786866025.215745,0.42,-123629
1786866025.2357242,0.42,-123663
1786866025.2562735,0.42,-123695
1786866025.2773736,0.41,-123728
1786866025.2978988,0.41,-123761
1786866025.317466,0.42,-123793
1786866025.3383079,0.42,-123827
1786866025.3592143,0.42,-123861
1786866025.380065,0.42,-123893
1786866025.3954737,0.42,-123926
1786866025.4206758,0.42,-123960
1786866025.4372928,0.42,-123993
1786866025.4539223,0.43,-124027
1786866025.4800966,0.42,-124059
1786866025.5019925,0.42,-124094
1786866025.520797,0.42,-124128
1786866025.5414462,0.42,-124163
1786866025.562145,0.42,-124197
1786866025.583627,0.42,-124231
1786866025.6037662,0.42,-124266
1786866025.622836,0.42,-124299
1786866025.6449888,0.42,-124334
1786866025.6653686,0.43,-124369
1786866025.6829798,0.43,-124404
1786866025.7076602,0.44,-124438
1786866025.72716,0.43,-124473
1786866025.7480366,0.42,-124510
1786866025.7651844,0.42,-124544
1786866025.7891393,0.42,-124577
1786866025.8085332,0.42,-124611
1786866025.829605,0.43,-124646
1786866025.8464358,0.43,-124682
1786866025.8704894,0.43,-124716
1786866025.8888779,0.43,-124753
1786866025.909028,0.42,-124787
1786866025.9303832,0.42,-124821
1786866025.9525437,0.42,-124855
1786866025.9712045,0.43,-124889
1786866025.991373,0.43,-124924
1786866026.0130017,0.43,-124957
1786866026.0348835,0.42,-124991
1786866026.054669,0.42,-125025
1786866026.0752368,0.43,-125059
1786866026.0962358,0.42,-125094
1786866026.116401,0.43,-125125
1786866026.1330764,0.42,-125159
1786866026.1580338,0.43,-125194
1786866026.1773512,0.42,-125226
1786866026.199252,0.42,-125260
1786866026.21589,0.42,-125293
1786866026.2379422,0.42,-125327
1786866026.2562468,0.42,-125359
1786866026.2810755,0.42,-125392
1786866026.297628,0.42,-125426
1786866026.3211882,0.43,-125459
1786866026.3393397,0.43,-125493
1786866026.3622794,0.42,-125527
1786866026.3810556,0.42,-125561
1786866026.4040158,0.42,-125596
1786866026.4226542,0.43,-125632
1786866026.444832,0.43,-125666
1786866026.4645658,0.42,-125701
1786866026.4853303,0.42,-125734
1786866026.5058103,0.43,-125768
1786866026.5270073,0.43,-125803
1786866026.5467296,0.43,-125834
1786866026.5607073,0.42,-125868
1786866026.5833247,0.43,-125902
1786866026.6053042,0.43,-125936
1786866026.6268306,0.43,-125969
1786866026.6447833,0.43,-126000
1786866026.6658459,0.43,-126036
1786866026.68856,0.43,-126069
1786866026.7098317,0.44,-126104
1786866026.7312942,0.43,-126137
1786866026.7513309,0.43,-126172
1786866026.769872,0.43,-126206
1786866026.7926445,0.44,-126241
1786866026.8114524,0.44,-126275
1786866026.8336487,0.44,-126309
1786866026.853041,0.44,-126343
1786866026.8740506,0.44,-126377
1786866026.8940341,0.45,-126410
1786866026.9155192,0.45,-126444
1786866026.9360292,0.44,-126479
1786866026.9538295,0.44,-126512
1786866026.977634,0.44,-126546
1786866026.994087,0.44,-126579
1786866027.0185273,0.44,-126612
1786866027.0357997,0.44,-126646
1786866027.0544438,0.44,-126682
1786866027.0774696,0.44,-126716
1786866027.0963757,0.45,-126750
1786866027.1198423,0.44,-126783
1786866027.1377943,0.44,-126816
1786866027.1614003,0.44,-126850
1786866027.1796367,0.44,-126883
1786866027.2005641,0.44,-126918
1786866027.2232177,0.44,-126953
1786866027.2420714,0.44,-126985
1786866027.2639093,0.43,-127020
1786866027.2823699,0.44,-127053
1786866027.3044171,0.44,-127089
1786866027.324797,0.44,-127123
1786866027.3461323,0.43,-127157
1786866027.3665454,0.44,-127191
1786866027.386564,0.44,-127224
1786866027.4073658,0.44,-127257
1786866027.425328,0.44,-127292
1786866027.4437315,0.44,-127327
1786866027.464889,0.44,-127360
1786866027.48522,0.43,-127394
1786866027.5096629,0.44,-127431
1786866027.526623,0.44,-127464
1786866027.5469115,0.44,-127498
1786866027.568259,0.43,-127532
1786866027.5919402,0.43,-127565
1786866027.6102748,0.44,-127597
1786866027.6321795,0.44,-127631
1786866027.6516626,0.44,-127664
1786866027.673213,0.43,-127699
1786866027.693242,0.43,-127732
1786866027.713658,0.43,-127767
1786866027.7351854,0.43,-127801
1786866027.7560828,0.42,-127834
1786866027.7758996,0.42,-127869
1786866027.7915914,0.43,-127905
1786866027.8171961,0.43,-127942
1786866027.8377767,0.43,-127978
1786866027.8528476,0.43,-128012
1786866027.87818,0.43,-128046
1786866027.8945684,0.43,-128080
1786866027.9191644,0.44,-128114
1786866027.9355094,0.43,-128151
1786866027.9579573,0.43,-128183
1786866027.9779558,0.43,-128218
1786866027.9981744,0.43,-128251
1786866028.0197144,0.43,-128285
1786866028.0420177,0.42,-128318
1786866028.0611756,0.42,-128352
1786866028.082118,0.43,-128386
1786866028.1023674,0.43,-128421
1786866028.1236408,0.43,-128455
1786866028.1442099,0.43,-128490
1786866028.1653743,0.43,-128526
1786866028.1849763,0.43,-128560
1786866028.2027571,0.43,-128595
1786866028.2266586,0.43,-128629
1786866028.2474635,0.43,-128663
1786866028.2671056,0.43,-128697
1786866028.2833695,0.43,-128731
1786866028.3041224,0.43,-128765
1786866028.327726,0.42,-128798
1786866028.3493965,0.42,-128833
1786866028.3690517,0.42,-128867
1786866028.3875172,0.42,-128901
1786866028.407615,0.42,-128937
1786866028.4290996,0.42,-128971
1786866028.4492133,0.42,-129004
1786866028.4720285,0.42,-129038
1786866028.4910643,0.42,-129072
1786866028.5126996,0.42,-129105
1786866028.5333295,0.42,-129139
1786866028.5544868,0.42,-129172
1786866028.5738995,0.42,-129206
1786866028.5947804,0.42,-129243
1786866028.6161418,0.42,-129277
1786866028.6364062,0.42,-129310
1786866028.657259,0.42,-129347
1786866028.6756341,0.43,-129382
1786866028.693379,0.43,-129415
1786866028.7161186,0.43,-129451
1786866028.7387762,0.43,-129485
1786866028.7578053,0.43,-129519
1786866028.7798283,0.44,-129553
1786866028.7997215,0.44,-129587
1786866028.818241,0.44,-129621
1786866028.839213,0.44,-129655
1786866028.8585477,0.43,-129687
1786866028.88065,0.43,-129721
1786866028.9025326,0.43,-129755
1786866028.9224443,0.44,-129788
1786866028.9432452,0.44,-129823
1786866028.9635687,0.44,-129858
1786866028.9799726,0.44,-129893
1786866029.004319,0.44,-129928
1786866029.0250888,0.44,-129962
1786866029.0460572,0.44,-129997
1786866029.0667448,0.44,-130033
1786866029.081827,0.44,-130067
1786866029.1019285,0.44,-130101
1786866029.1244278,0.44,-130134
1786866029.1469946,0.43,-130168
1786866029.1664827,0.43,-130201
1786866029.186066,0.44,-130233
1786866029.206363,0.44,-130267
1786866029.2293746,0.44,-130302
1786866029.248584,0.44,-130336
1786866029.269724,0.43,-130371
1786866029.2902708,0.43,-130404
1786866029.3055384,0.43,-130437
1786866029.3307722,0.43,-130470
1786866029.338418,0.43,-130503
1786866029.3721898,0.43,-130538
1786866029.3925111,0.43,-130570
1786866029.4139364,0.43,-130603
1786866029.4350557,0.42,-130635
1786866029.4526627,0.42,-130667
1786866029.4735897,0.42,-130699
1786866029.491813,0.42,-130732
1786866029.5125766,0.42,-130765
1786866029.536167,0.42,-130799
1786866029.556042,0.42,-130832
1786866029.5786464,0.42,-130865
1786866029.5929759,0.43,-130897
1786866029.6186905,0.42,-130932
1786866029.6380172,0.42,-130965
1786866029.6578307,0.42,-131000
1786866029.6811013,0.42,-131031
1786866029.7000031,0.43,-131065
1786866029.7205245,0.42,-131099
1786866029.7419612,0.42,-131134
1786866029.7624679,0.42,-131168
1786866029.783291,0.43,-131202
1786866029.8031542,0.43,-131235
1786866029.823589,0.43,-131270
1786866029.844971,0.43,-131304
1786866029.8617845,0.43,-131339
1786866029.8860915,0.43,-131373
1786866029.90356,0.43,-131406
1786866029.9267359,0.43,-131439
1786866029.9450135,0.43,-131474
1786866029.9666061,0.43,-131507
1786866029.9866984,0.43,-131541
1786866030.0054848,0.43,-131575
1786866030.0284774,0.43,-131609
1786866030.0471203,0.43,-131643
1786866030.0702562,0.43,-131676
1786866030.0905252,0.43,-131710
1786866030.1098692,0.44,-131744
1786866030.1305592,0.44,-131779
1786866030.1510203,0.44,-131813
1786866030.1721356,0.43,-131849
1786866030.1917179,0.43,-131882
1786866030.2137146,0.43,-131915
1786866030.23316,0.43,-131949
1786866030.2540476,0.44,-131983
1786866030.2748222,0.44,-132017
1786866030.2958379,0.44,-132052
1786866030.3109238,0.44,-132087
1786866030.3314807,0.43,-132119
1786866030.356569,0.43,-132153
1786866030.3753214,0.43,-132189
1786866030.3931031,0.44,-132222
1786866030.4181724,0.44,-132257
1786866030.4361558,0.44,-132290
1786866030.4592707,0.43,-132323
1786866030.477522,0.43,-132359
1786866030.4985218,0.44,-132393
1786866030.519402,0.44,-132428
1786866030.539961,0.44,-132458
1786866030.5604637,0.44,-132492
1786866030.5816326,0.44,-132525
1786866030.601318,0.44,-132560
1786866030.6233625,0.44,-132594
1786866030.6438735,0.44,-132628
1786866030.6600337,0.45,-132662
1786866030.6846604,0.45,-132694
1786866030.702753,0.45,-132728
1786866030.7209964,0.44,-132761
1786866030.7440631,0.45,-132798
1786866030.762307,0.45,-132832
1786866030.7832155,0.45,-132864
1786866030.8039138,0.45,-132898
1786866030.8275054,0.45,-132931
1786866030.845626,0.45,-132965
1786866030.8675458,0.45,-132999
1786866030.887444,0.46,-133032
1786866030.908159,0.45,-133067
1786866030.9288886,0.45,-133100
1786866030.9497654,0.45,-133135
1786866030.9697685,0.45,-133169
1786866030.9901161,0.45,-133203
1786866031.012037,0.45,-133236
1786866031.0316415,0.44,-133272
1786866031.0534515,0.45,-133305
1786866031.0732899,0.45,-133338
1786866031.0941143,0.45,-133368
1786866031.114535,0.45,-133401
1786866031.1302178,0.45,-133434
1786866031.1551802,0.45,-133467
1786866031.1748872,0.45,-133502
1786866031.1924787,0.45,-133538
1786866031.2128906,0.45,-133572
1786866031.2363937,0.45,-133608
1786866031.2547696,0.45,-133643
1786866031.2777672,0.45,-133676
1786866031.2988243,0.45,-133712
1786866031.3178039,0.45,-133744
1786866031.3399704,0.45,-133778
1786866031.3594234,0.45,-133812
1786866031.3801239,0.46,-133846
1786866031.4006283,0.46,-133879
1786866031.421722,0.46,-133914
1786866031.4414394,0.47,-133947
1786866031.4622178,0.47,-133981
1786866031.483054,0.47,-134016
1786866031.503452,0.46,-134051
1786866031.5217705,0.46,-134085
1786866031.54087,0.46,-134120
1786866031.5646186,0.46,-134155
1786866031.5848594,0.46,-134192
1786866031.6020157,0.47,-134225
1786866031.6232674,0.46,-134260
1786866031.6441746,0.45,-134296
1786866031.66689,0.45,-134329
1786866031.6880016,0.45,-134363
1786866031.7066665,0.45,-134395
1786866031.7293909,0.45,-134427
1786866031.7482135,0.45,-134460
1786866031.7700546,0.46,-134493
1786866031.7899354,0.46,-134524
1786866031.8107245,0.47,-134559
1786866031.8312426,0.47,-134591
1786866031.852244,0.46,-134629
1786866031.8722172,0.47,-134662
1786866031.8926837,0.47,-134696
1786866031.9080024,0.47,-134731
1786866031.9314854,0.47,-134765
1786866031.9495506,0.47,-134799
1786866031.9735925,0.47,-134833
1786866031.9954305,0.47,-134868
1786866032.014084,0.47,-134902
1786866032.0327725,0.48,-134934
1786866032.0569017,0.48,-134967
1786866032.075006,0.48,-135000
1786866032.0973847,0.48,-135035
1786866032.1165655,0.47,-135071
1786866032.1372337,0.47,-135106
1786866032.1579833,0.47,-135138
1786866032.1773584,0.47,-135172
1786866032.1994195,0.47,-135205
1786866032.2203183,0.47,-135240
1786866032.2412996,0.47,-135274
1786866032.262028,0.47,-135308
1786866032.2824335,0.47,-135340
1786866032.2987022,0.47,-135374
1786866032.3203673,0.46,-135408
1786866032.343897,0.46,-135441
1786866032.3620222,0.46,-135475
1786866032.3834095,0.46,-135507
1786866032.400693,0.46,-135540
1786866032.425823,0.47,-135574
1786866032.44478,0.47,-135608
1786866032.4668467,0.46,-135640
1786866032.4866061,0.46,-135674
1786866032.5047722,0.47,-135709
1786866032.5261865,0.47,-135742
1786866032.5465493,0.47,-135778
1786866032.5674376,0.47,-135812
1786866032.5892973,0.47,-135846
1786866032.608652,0.47,-135881
1786866032.6297238,0.47,-135916
1786866032.6508248,0.47,-135949
1786866032.6710417,0.47,-135982
1786866032.6910574,0.47,-136017
1786866032.7118537,0.47,-136050
1786866032.7322338,0.47,-136083
1786866032.7535238,0.47,-136117
1786866032.7682216,0.47,-136152
1786866032.7913344,0.47,-136184
1786866032.811593,0.47,-136219
1786866032.8314588,0.47,-136253
1786866032.8555079,0.47,-136287
1786866032.8721538,0.47,-136321
1786866032.8939047,0.47,-136355
1786866032.916065,0.47,-136389
1786866032.935249,0.47,-136419
1786866032.9582522,0.47,-136454
1786866032.976535,0.47,-136489
1786866032.9967332,0.47,-136521
1786866033.0189502,0.47,-136553
1786866033.039318,0.47,-136587
1786866033.059986,0.47,-136621
1786866033.0812438,0.47,-136656
1786866033.1008303,0.47,-136690
1786866033.1182432,0.47,-136724
1786866033.1413312,0.47,-136758
1786866033.1633291,0.47,-136792
1786866033.178474,0.47,-136827
1786866033.2017896,0.47,-136861
1786866033.223433,0.47,-136895
1786866033.2438855,0.48,-136928
1786866033.2617533,0.48,-136959
1786866033.2832475,0.48,-136992
1786866033.3034077,0.48,-137026
1786866033.3265471,0.47,-137061
1786866033.3454084,0.47,-137094
1786866033.3679633,0.48,-137129
1786866033.3879035,0.48,-137163
1786866033.4068127,0.48,-137198
1786866033.4283988,0.47,-137230
1786866033.4488878,0.47,-137262
1786866033.4690542,0.47,-137298
1786866033.4895985,0.47,-137332
1786866033.5096982,0.48,-137365
1786866033.5312896,0.48,-137398
1786866033.5519366,0.47,-137431
1786866033.5729208,0.47,-137466
1786866033.5927024,0.48,-137500
1786866033.609018,0.48,-137532
1786866033.6332033,0.48,-137567
1786866033.6532872,0.47,-137600
1786866033.6717186,0.48,-137635
1786866033.6925278,0.47,-137668
1786866033.7159245,0.47,-137701
1786866033.7340438,0.48,-137732
1786866033.7569776,0.48,-137765
1786866033.7756977,0.48,-137797
1786866033.79639,0.48,-137831
1786866033.8181863,0.48,-137865
1786866033.8378534,0.48,-137899
1786866033.858218,0.48,-137932
1786866033.8795505,0.48,-137962
1786866033.8998775,0.47,-137997
1786866033.917025,0.48,-138030
1786866033.9407885,0.48,-138063
1786866033.9583023,0.48,-138097
1786866033.982458,0.48,-138129
1786866033.9994783,0.48,-138162
1786866034.0208082,0.48,-138196
1786866034.0419652,0.48,-138229
1786866034.059952,0.48,-138262
1786866034.0811274,0.48,-138295
1786866034.1048734,0.48,-138326
1786866034.125432,0.49,-138357
1786866034.1453626,0.48,-138389
1786866034.1642282,0.49,-138421
1786866034.1870172,0.49,-138454
1786866034.2057326,0.49,-138487
1786866034.226728,0.49,-138520
1786866034.2470484,0.48,-138554
1786866034.2683227,0.48,-138588
1786866034.2876108,0.48,-138622
1786866034.3101032,0.48,-138657
1786866034.3286262,0.48,-138691
1786866034.3505838,0.49,-138724
1786866034.3707278,0.49,-138762
1786866034.392064,0.49,-138794
1786866034.4096987,0.49,-138827
1786866034.4278793,0.49,-138863
1786866034.451307,0.49,-138898
1786866034.4737575,0.49,-138933
1786866034.4909077,0.49,-138966
1786866034.5105386,0.49,-139000
1786866034.5344508,0.49,-139034
1786866034.5552194,0.50,-139068
1786866034.5763829,0.49,-139102
1786866034.5942945,0.49,-139136
1786866034.61508,0.49,-139168
1786866034.6365051,0.49,-139201
1786866034.6574516,0.50,-139235
1786866034.6784146,0.50,-139267
1786866034.6990283,0.49,-139300
1786866034.718592,0.50,-139335
1786866034.7360866,0.50,-139369
1786866034.7606912,0.50,-139403
1786866034.7783837,0.49,-139435
1786866034.7963345,0.49,-139468
1786866034.8169518,0.49,-139501
1786866034.8376734,0.50,-139537
1786866034.8602257,0.50,-139568
1786866034.8793118,0.49,-139604
1786866034.9003766,0.50,-139636
1786866034.9208856,0.50,-139670
1786866034.9444537,0.51,-139704
1786866034.9632354,0.50,-139737
1786866034.9835076,0.50,-139772
1786866035.0049999,0.50,-139805
1786866035.025225,0.50,-139839
1786866035.0462022,0.50,-139873
1786866035.0669556,0.51,-139908
1786866035.0871542,0.50,-139942
1786866035.10843,0.50,-139976
1786866035.1286948,0.50,-140010
1786866035.1449578,0.50,-140044
1786866035.169698,0.50,-140078
1786866035.1876478,0.50,-140112
1786866035.2083285,0.50,-140144
1786866035.2253745,0.49,-140178
1786866035.2491775,0.49,-140215
1786866035.2670166,0.49,-140248
1786866035.2928267,0.49,-140281
1786866035.3123555,0.49,-140314
1786866035.3306336,0.48,-140348
1786866035.354197,0.49,-140381
1786866035.3729234,0.49,-140415
1786866035.3926241,0.49,-140449
1786866035.4139853,0.48,-140483
1786866035.4362893,0.48,-140517
1786866035.4564261,0.49,-140552
1786866035.476935,0.49,-140583
1786866035.4972785,0.49,-140616
1786866035.5172532,0.49,-140649
1786866035.5389428,0.49,-140682
1786866035.558504,0.49,-140714
1786866035.57561,0.49,-140749
1786866035.599293,0.49,-140779
1786866035.6171865,0.49,-140813
1786866035.63611,0.48,-140851
1786866035.6596987,0.49,-140884
1786866035.6776512,0.48,-140919
1786866035.7013087,0.47,-140953
1786866035.721133,0.48,-140986
1786866035.7402198,0.48,-141020
1786866035.7630925,0.48,-141055
1786866035.781882,0.47,-141088
1786866035.801934,0.47,-141119
1786866035.823483,0.48,-141151
1786866035.8439198,0.48,-141185
1786866035.8652365,0.48,-141218
1786866035.8856502,0.47,-141250
1786866035.906853,0.47,-141284
1786866035.9278448,0.48,-141317
1786866035.9469872,0.48,-141350
1786866035.968985,0.48,-141383
1786866035.9853072,0.48,-141415
1786866036.0098717,0.48,-141450
1786866036.0306504,0.48,-141484
1786866036.046447,0.48,-141519
1786866036.069596,0.48,-141553
1786866036.0863276,0.48,-141586
1786866036.1110349,0.48,-141620
1786866036.1290622,0.48,-141653
1786866036.149454,0.48,-141689
1786866036.1735523,0.47,-141722
1786866036.193584,0.48,-141754
1786866036.2130377,0.48,-141792
1786866036.2327123,0.48,-141826
1786866036.254042,0.48,-141858
1786866036.2761683,0.48,-141891
1786866036.2955043,0.48,-141924
1786866036.3165975,0.48,-141958
1786866036.336894,0.47,-141991
1786866036.3581975,0.47,-142024
1786866036.3784587,0.47,-142059
1786866036.398633,0.47,-142093
1786866036.4195373,0.48,-142126
1786866036.4365816,0.47,-142159
1786866036.4556375,0.47,-142193
1786866036.4788787,0.47,-142228
1786866036.4973624,0.47,-142263
1786866036.5199723,0.47,-142296
1786866036.5389636,0.47,-142330
1786866036.5630429,0.47,-142364
1786866036.5808494,0.47,-142399
1786866036.603706,0.47,-142435
1786866036.624261,0.47,-142470
1786866036.6430607,0.47,-142504
1786866036.6637456,0.47,-142538
1786866036.6846895,0.48,-142572
1786866036.7052,0.48,-142605
1786866036.7264006,0.47,-142637
1786866036.7470052,0.47,-142671
1786866036.7666242,0.47,-142704
1786866036.7881114,0.47,-142735
1786866036.8072855,0.47,-142768
1786866036.8291752,0.48,-142800
1786866036.8499196,0.48,-142832
1786866036.8650641,0.48,-142870
1786866036.8885484,0.47,-142902
1786866036.9067016,0.48,-142935
1786866036.9304159,0.48,-142968
1786866036.9509459,0.48,-143001
1786866036.96871,0.48,-143035
1786866036.9915078,0.48,-143070
1786866037.0134044,0.48,-143103
1786866037.0316234,0.48,-143138
1786866037.0526857,0.47,-143171
1786866037.0752459,0.48,-143205
1786866037.094244,0.48,-143236
1786866037.1149595,0.47,-143270
1786866037.1365905,0.47,-143303
1786866037.1566055,0.48,-143337
1786866037.171444,0.48,-143371
1786866037.1971018,0.48,-143404
1786866037.2179449,0.47,-143437
1786866037.2388341,0.47,-143472
1786866037.2566574,0.47,-143507
1786866037.277859,0.47,-143540
1786866037.2955925,0.47,-143571
1786866037.3166177,0.46,-143606
1786866037.3379598,0.47,-143639
1786866037.3611312,0.48,-143672
1786866037.3792286,0.47,-143705
1786866037.40271,0.47,-143739
1786866037.4205122,0.48,-143773
1786866037.441392,0.48,-143810
1786866037.4621568,0.48,-143846
1786866037.4830313,0.48,-143881
1786866037.505008,0.48,-143912
1786866037.5248137,0.48,-143943
1786866037.5442448,0.48,-143978
1786866037.5666702,0.48,-144012
1786866037.5866528,0.49,-144042
1786866037.607936,0.48,-144075
1786866037.6275537,0.49,-144110
1786866037.6484547,0.49,-144139
1786866037.6672413,0.48,-144174
1786866037.6853366,0.48,-144205
1786866037.7044036,0.48,-144239
1786866037.7279568,0.48,-144271
1786866037.7494774,0.48,-144305
1786866037.7668362,0.48,-144340
1786866037.7881598,0.48,-144373
1786866037.8111646,0.49,-144407
1786866037.8302162,0.48,-144440
1786866037.8510218,0.48,-144472
1786866037.873028,0.48,-144505
1786866037.8942547,0.49,-144538
1786866037.9066572,0.49,-144574
1786866037.9346485,0.49,-144607
1786866037.9546843,0.48,-144638
1786866037.9759712,0.48,-144672
1786866037.9955351,0.48,-144706
1786866038.0156841,0.49,-144741
1786866038.037626,0.49,-144774
1786866038.0580723,0.48,-144809
1786866038.072054,0.49,-144842
1786866038.0959866,0.49,-144876
1786866038.1156697,0.49,-144911
1786866038.1376374,0.48,-144944
1786866038.160317,0.48,-144979
1786866038.1799176,0.48,-145012
1786866038.201293,0.49,-145047
1786866038.2217119,0.49,-145083
1786866038.2396638,0.49,-145117
1786866038.2625399,0.49,-145151
1786866038.2833326,0.49,-145185
1786866038.3024604,0.49,-145218
1786866038.3242664,0.49,-145252
1786866038.3426943,0.49,-145286
1786866038.3649378,0.49,-145321
1786866038.3862839,0.50,-145356
1786866038.4063082,0.50,-145388
1786866038.4260144,0.50,-145421
1786866038.4475868,0.49,-145455
1786866038.464206,0.49,-145489
1786866038.4885046,0.50,-145522
1786866038.502821,0.49,-145555
1786866038.5243192,0.49,-145588
1786866038.5454895,0.49,-145622
1786866038.5661137,0.49,-145657
1786866038.5904245,0.49,-145691
1786866038.610048,0.49,-145726
1786866038.62892,0.49,-145760
1786866038.6518993,0.50,-145795
1786866038.6722467,0.49,-145828
1786866038.6909697,0.49,-145862
1786866038.7138636,0.49,-145895
1786866038.7327032,0.49,-145929
1786866038.7543926,0.49,-145962
1786866038.774877,0.49,-145994
1786866038.7953148,0.49,-146026
1786866038.815212,0.50,-146058
1786866038.835639,0.50,-146090
1786866038.856938,0.50,-146125
1786866038.873625,0.50,-146157
1786866038.8941212,0.50,-146189
1786866038.9180725,0.50,-146222
1786866038.9368675,0.50,-146254
1786866038.9551737,0.51,-146288
1786866038.9759614,0.51,-146322
1786866039.0001066,0.51,-146354
1786866039.0199265,0.50,-146389
1786866039.0382323,0.50,-146422
1786866039.0598803,0.50,-146456
1786866039.079811,0.50,-146490
1786866039.1012237,0.50,-146524
1786866039.1214817,0.50,-146557
1786866039.1415887,0.49,-146593
1786866039.1633105,0.49,-146627
1786866039.184815,0.50,-146661
1786866039.204961,0.50,-146693
1786866039.2252228,0.49,-146728
1786866039.2415903,0.50,-146762
1786866039.2667956,0.49,-146796
1786866039.2859812,0.49,-146829
1786866039.3014925,0.49,-146863
1786866039.3251836,0.49,-146898
1786866039.3437107,0.49,-146931
1786866039.36428,0.49,-146965
1786866039.3854136,0.48,-146999
1786866039.4082751,0.48,-147030
1786866039.4277668,0.49,-147064
1786866039.4475963,0.49,-147096
1786866039.4678867,0.49,-147129
1786866039.492129,0.49,-147162
1786866039.5092113,0.49,-147195
1786866039.5299656,0.49,-147227
1786866039.551987,0.49,-147263
1786866039.5720644,0.49,-147297
1786866039.593669,0.49,-147332
1786866039.6132646,0.49,-147365
1786866039.6340828,0.49,-147396
1786866039.6547947,0.49,-147431
1786866039.6765282,0.48,-147463
1786866039.6966424,0.48,-147497
1786866039.7136467,0.49,-147532
1786866039.7324345,0.48,-147565
1786866039.7530391,0.48,-147598
1786866039.7781184,0.48,-147632
1786866039.7951243,0.48,-147662
1786866039.8158226,0.49,-147696
1786866039.839993,0.49,-147731
1786866039.8575034,0.49,-147763
1786866039.8779178,0.49,-147797
1786866039.8991616,0.48,-147833
1786866039.9220018,0.48,-147868
1786866039.9407277,0.48,-147901
1786866039.9617298,0.49,-147936
1786866039.98231,0.49,-147971
1786866040.0034537,0.48,-148005
1786866040.02267,0.48,-148039
1786866040.042733,0.48,-148073
1786866040.0653708,0.48,-148107
1786866040.08557,0.49,-148140
1786866040.1009145,0.48,-148172
1786866040.1272712,0.48,-148208
1786866040.142794,0.49,-148241
1786866040.1633325,0.49,-148276
1786866040.1839755,0.49,-148311
1786866040.204475,0.48,-148346
1786866040.2280924,0.48,-148381
1786866040.2495763,0.48,-148413
1786866040.2675507,0.49,-148446
1786866040.2901554,0.49,-148481
1786866040.3089757,0.49,-148514
1786866040.3316073,0.49,-148546
1786866040.3520308,0.49,-148578
1786866040.371531,0.49,-148609
1786866040.3918383,0.49,-148643
1786866040.4132864,0.49,-148678
1786866040.4340641,0.49,-148711
1786866040.4535072,0.49,-148744
1786866040.4752562,0.49,-148780
1786866040.4914718,0.49,-148811
1786866040.5143657,0.49,-148842
1786866040.5368593,0.48,-148874
1786866040.551996,0.49,-148909
1786866040.5753577,0.49,-148941
1786866040.5936687,0.49,-148971
1786866040.6175182,0.49,-149003
1786866040.6354623,0.49,-149034
1786866040.6588702,0.48,-149067
1786866040.6798575,0.49,-149101
1786866040.699723,0.49,-149133
1786866040.7174706,0.48,-149170
1786866040.7414336,0.48,-149204
1786866040.7605815,0.49,-149238
1786866040.7811055,0.48,-149272
1786866040.801533,0.48,-149305
1786866040.8228068,0.48,-149336
1786866040.8423665,0.48,-149368
1786866040.8625436,0.48,-149400
1786866040.8846395,0.48,-149431
1786866040.9046135,0.48,-149463
1786866040.9255092,0.48,-149496
1786866040.945482,0.48,-149529
1786866040.9616897,0.47,-149562
1786866040.9863052,0.48,-149594
1786866041.004202,0.48,-149628
1786866041.0255377,0.48,-149657
1786866041.0448523,0.48,-149691
1786866041.0651538,0.48,-149724
1786866041.0880325,0.47,-149758
1786866041.1075535,0.48,-149790
1786866041.1281955,0.48,-149822
1786866041.1485107,0.48,-149853
1786866041.1686778,0.48,-149886
1786866041.1894171,0.47,-149919
1786866041.2105792,0.48,-149955
1786866041.232136,0.47,-149989
1786866041.2529304,0.48,-150022
1786866041.2741075,0.48,-150054
1786866041.2943645,0.48,-150088
1786866041.3144634,0.48,-150123
1786866041.3328104,0.47,-150157
1786866041.356149,0.47,-150189
1786866041.3713565,0.47,-150220
1786866041.392285,0.47,-150252
1786866041.4128025,0.47,-150286
1786866041.4354703,0.48,-150319
1786866041.4546082,0.47,-150350
1786866041.475028,0.47,-150380
1786866041.49663,0.47,-150411
1786866041.5191064,0.47,-150443
1786866041.5377674,0.47,-150479
1786866041.5584476,0.46,-150509
1786866041.5810518,0.47,-150542
1786866041.5934732,0.47,-150577
1786866041.6202364,0.48,-150611
1786866041.641997,0.47,-150645
1786866041.6616511,0.47,-150679
1786866041.6831343,0.47,-150714
1786866041.7041843,0.47,-150749
1786866041.7204306,0.47,-150784
1786866041.7449622,0.48,-150818
1786866041.7630386,0.48,-150850
1786866041.785873,0.48,-150884
1786866041.8020344,0.47,-150918
1786866041.8224764,0.47,-150947
1786866041.8426654,0.47,-150980
1786866041.864271,0.47,-151013
1786866041.8845224,0.47,-151048
1786866041.9048827,0.48,-151081
1786866041.9288394,0.48,-151117
1786866041.9474227,0.48,-151147
1786866041.9639976,0.49,-151181
1786866041.9883518,0.49,-151212
1786866042.0101724,0.48,-151245
1786866042.0305805,0.49,-151280
1786866042.0516138,0.49,-151311
1786866042.0726142,0.49,-151345
1786866042.0928564,0.49,-151376
1786866042.1127763,0.49,-151409
1786866042.134303,0.49,-151442
1786866042.1507585,0.49,-151473
1786866042.1755238,0.49,-151507
1786866042.193532,0.49,-151539
1786866042.2154615,0.49,-151573
1786866042.2342331,0.49,-151606
1786866042.2530494,0.49,-151641
1786866042.2762003,0.49,-151673
1786866042.294855,0.49,-151704
1786866042.3174956,0.49,-151738
1786866042.3366575,0.49,-151769
1786866042.3572302,0.49,-151803
1786866042.3784943,0.49,-151835
1786866042.3933117,0.48,-151868
1786866042.4207008,0.48,-151901
1786866042.4404871,0.48,-151940
1786866042.4599562,0.48,-151976
1786866042.482171,0.49,-152009
1786866042.5024872,0.49,-152041
1786866042.5224657,0.49,-152076
1786866042.5432663,0.49,-152108
1786866042.5642357,0.49,-152143
1786866042.5813046,0.49,-152178
1786866042.600224,0.49,-152215
1786866042.6231432,0.49,-152244
1786866042.6425977,0.49,-152278
1786866042.6620584,0.49,-152313
1786866042.6833777,0.49,-152344
1786866042.704015,0.49,-152380
1786866042.7265048,0.48,-152411
1786866042.7458434,0.48,-152445
1786866042.7658896,0.48,-152477
1786866042.7876163,0.48,-152509
1786866042.8095589,0.48,-152543
1786866042.8293798,0.49,-152578
1786866042.8511796,0.49,-152611
1786866042.8710043,0.49,-152645
1786866042.8904378,0.50,-152678
1786866042.9120364,0.49,-152713
1786866042.9284031,0.50,-152742
1786866042.9529207,0.49,-152777
1786866042.973447,0.49,-152810
1786866042.9877915,0.49,-152843
1786866043.0118306,0.49,-152880
1786866043.033273,0.49,-152912
1786866043.055922,0.49,-152945
1786866043.0762594,0.49,-152978
1786866043.0960758,0.49,-153011
1786866043.1142678,0.49,-153041
1786866043.137626,0.49,-153078
1786866043.155891,0.48,-153108
1786866043.178755,0.49,-153141
1786866043.1975338,0.49,-153176
1786866043.2184765,0.49,-153209
1786866043.2390068,0.49,-153242
1786866043.2590666,0.49,-153277
1786866043.280636,0.49,-153309
1786866043.3014107,0.50,-153337
1786866043.3220496,0.50,-153368
1786866043.3427718,0.50,-153403
1786866043.3626406,0.50,-153434
1786866043.382713,0.50,-153465
1786866043.400623,0.50,-153496
1786866043.423605,0.49,-153530
1786866043.444535,0.49,-153563
1786866043.4610982,0.49,-153597
1786866043.4835103,0.50,-153626
1786866043.5027776,0.50,-153659
1786866043.5260897,0.50,-153692
1786866043.5474594,0.50,-153724
1786866043.567442,0.49,-153755
1786866043.5850735,0.50,-153791
1786866043.6089735,0.49,-153826
1786866043.628093,0.49,-153861
1786866043.6487975,0.49,-153897
1786866043.66968,0.49,-153931
1786866043.690864,0.49,-153964
1786866043.710771,0.49,-154000
1786866043.7319086,0.49,-154035
1786866043.7518058,0.49,-154064
1786866043.7723253,0.48,-154097
1786866043.787619,0.49,-154131
1786866043.8110461,0.49,-154160
1786866043.8289995,0.49,-154194
1786866043.8547618,0.49,-154226
1786866043.8709927,0.49,-154260
1786866043.8915002,0.49,-154293
1786866043.9154925,0.49,-154325
1786866043.93216,0.49,-154358
1786866043.9561498,0.50,-154390
1786866043.9751558,0.49,-154423
1786866043.9959056,0.49,-154460
1786866044.0166545,0.49,-154494
1786866044.036995,0.49,-154526
1786866044.057325,0.49,-154558
1786866044.0790908,0.49,-154592
1786866044.0989847,0.49,-154625
1786866044.1207032,0.49,-154658
1786866044.141548,0.49,-154692
1786866044.161678,0.49,-154722
1786866044.1819453,0.50,-154758
1786866044.2027478,0.49,-154792
1786866044.2220328,0.49,-154825
1786866044.2409687,0.49,-154859
1786866044.259674,0.49,-154893
1786866044.28073,0.49,-154925
1786866044.305582,0.49,-154957
1786866044.3234487,0.50,-154996
1786866044.3443592,0.49,-155032
1786866044.363627,0.49,-155066
1786866044.3856955,0.49,-155099
1786866044.4057097,0.49,-155131
1786866044.428191,0.49,-155164
1786866044.4468582,0.49,-155200
1786866044.467641,0.49,-155232
1786866044.488701,0.49,-155267
1786866044.5099611,0.48,-155299
1786866044.530207,0.49,-155333
1786866044.5507236,0.49,-155366
1786866044.5708318,0.49,-155402
1786866044.591969,0.49,-155435
1786866044.6090043,0.50,-155470
1786866044.6333194,0.49,-155500
1786866044.653971,0.49,-155532
1786866044.669369,0.49,-155569
1786866044.6931858,0.49,-155603
1786866044.7098587,0.49,-155640
1786866044.7346976,0.49,-155672
1786866044.7525163,0.49,-155706
1786866044.775693,0.49,-155740
1786866044.7931645,0.49,-155774
1786866044.8170516,0.49,-155809
1786866044.8378077,0.49,-155844
1786866044.8568535,0.50,-155880
1786866044.8773894,0.50,-155914
1786866044.897877,0.50,-155948
1786866044.9192548,0.50,-155982
1786866044.9395974,0.50,-156016
1786866044.9608786,0.50,-156051
1786866044.9804494,0.50,-156087
1786866044.9994164,0.50,-156120
1786866045.015608,0.50,-156158
1786866045.040034,0.50,-156191
1786866045.0636573,0.49,-156224
1786866045.0817392,0.50,-156255
1786866045.1002073,0.50,-156289
1786866045.123034,0.50,-156323
1786866045.1403773,0.50,-156358
1786866045.1643188,0.50,-156390
1786866045.1855636,0.50,-156424
1786866045.20341,0.50,-156457
1786866045.2237287,0.50,-156488
1786866045.2473187,0.50,-156523
1786866045.266437,0.50,-156559
1786866045.2868328,0.50,-156594
1786866045.308009,0.50,-156628
1786866045.3293374,0.50,-156664
1786866045.3496623,0.50,-156699
1786866045.3702626,0.50,-156732
1786866045.3899589,0.50,-156763
1786866045.4108186,0.50,-156796
1786866045.4286094,0.50,-156830
1786866045.4527557,0.51,-156865
1786866045.4679558,0.50,-156896
1786866045.4900029,0.50,-156929
1786866045.5096464,0.50,-156963
1786866045.529139,0.51,-156995
1786866045.5537179,0.50,-157029
1786866045.5725756,0.50,-157064
1786866045.5929084,0.50,-157098
1786866045.6136377,0.50,-157131
1786866045.6363437,0.50,-157164
1786866045.6550877,0.50,-157198
1786866045.6777096,0.50,-157231
1786866045.6957781,0.50,-157265
1786866045.7176547,0.50,-157298
1786866045.738038,0.50,-157333
1786866045.759318,0.49,-157366
1786866045.7797499,0.49,-157399
1786866045.8005362,0.49,-157434
1786866045.8168843,0.49,-157470
1786866045.8413363,0.50,-157503
1786866045.8620262,0.50,-157535
1786866045.877323,0.50,-157568
1786866045.9010866,0.50,-157599
1786866045.9179955,0.50,-157631
1786866045.9400637,0.50,-157664
1786866045.9609601,0.51,-157696
1786866045.9820352,0.51,-157727
1786866046.002984,0.51,-157758
1786866046.0231,0.51,-157791
1786866046.044017,0.51,-157823
1786866046.0649283,0.52,-157857
1786866046.086817,0.51,-157892
1786866046.1057808,0.51,-157924
1786866046.1274316,0.51,-157959
1786866046.1484182,0.52,-157993
1786866046.168928,0.51,-158027
1786866046.189227,0.51,-158062
1786866046.2072124,0.51,-158094
1786866046.2245474,0.50,-158126
1786866046.2502842,0.51,-158160
1786866046.2717085,0.51,-158194
1786866046.2917507,0.51,-158228
1786866046.3105574,0.50,-158261
1786866046.3291154,0.51,-158291
1786866046.3494604,0.51,-158327
1786866046.3734412,0.51,-158357
1786866046.3910902,0.51,-158388
1786866046.4111147,0.51,-158421
1786866046.4346108,0.51,-158455
1786866046.454592,0.51,-158488
1786866046.475279,0.51,-158523
1786866046.495067,0.51,-158555
1786866046.5161493,0.51,-158592
1786866046.536765,0.51,-158629
1786866046.5583134,0.51,-158664
1786866046.5783942,0.51,-158697
1786866046.5980062,0.51,-158732
1786866046.6188555,0.51,-158764
1786866046.6403966,0.52,-158798
1786866046.6604872,0.51,-158832
1786866046.6805139,0.51,-158864
1786866046.7014034,0.51,-158897
1786866046.7197618,0.51,-158932
1786866046.7381086,0.51,-158965
1786866046.7617095,0.51,-158998
1786866046.7833047,0.51,-159030
1786866046.8025532,0.51,-159062
1786866046.8213909,0.51,-159094
1786866046.8415098,0.51,-159129
1786866046.863702,0.51,-159163
1786866046.8830998,0.52,-159195
1786866046.9047365,0.51,-159230
1786866046.927135,0.51,-159262
1786866046.9462702,0.51,-159296
1786866046.9674332,0.52,-159327
1786866046.988203,0.52,-159359
1786866047.0079708,0.52,-159393
1786866047.0297315,0.53,-159429
1786866047.0493412,0.53,-159464
1786866047.0687802,0.52,-159496
1786866047.0909646,0.53,-159527
1786866047.109362,0.53,-159561
1786866047.127138,0.53,-159594
1786866047.1492682,0.53,-159630
1786866047.1686883,0.53,-159665
1786866047.1934319,0.53,-159699
1786866047.2109466,0.53,-159732
1786866047.2309983,0.53,-159765
1786866047.2506976,0.53,-159797
1786866047.2747293,0.53,-159830
1786866047.293876,0.53,-159862
1786866047.313907,0.53,-159896
1786866047.334853,0.53,-159929
1786866047.3560202,0.53,-159964
1786866047.3770237,0.53,-159995
1786866047.3978848,0.53,-160029
1786866047.4185774,0.53,-160062
1786866047.4386623,0.53,-160094
1786866047.458948,0.53,-160129
1786866047.4798474,0.52,-160162
1786866047.500475,0.52,-160195
1786866047.521059,0.53,-160230
1786866047.5368414,0.53,-160263
1786866047.559146,0.53,-160293
1786866047.5822263,0.53,-160325
1786866047.6008964,0.52,-160358
1786866047.6202316,0.52,-160393
1786866047.6405783,0.52,-160428
1786866047.6608467,0.52,-160460
1786866047.6827688,0.53,-160494
1786866047.7023392,0.53,-160528
1786866047.7232485,0.53,-160557
1786866047.7437756,0.52,-160592
1786866047.765907,0.52,-160623
1786866047.7865965,0.52,-160658
1786866047.8060927,0.52,-160690
1786866047.8262067,0.52,-160720
1786866047.8482702,0.52,-160754
1786866047.8686044,0.52,-160788
1786866047.8894837,0.52,-160824
1786866047.9065745,0.53,-160856
1786866047.925792,0.53,-160888
1786866047.9504042,0.52,-160920
1786866047.9668493,0.52,-160954
1786866047.991636,0.52,-160988
1786866048.012321,0.52,-161021
1786866048.0318038,0.53,-161056
1786866048.052981,0.53,-161090
1786866048.0710912,0.53,-161125
1786866048.0916615,0.53,-161157
1786866048.1128693,0.53,-161190
1786866048.1338825,0.53,-161222
1786866048.1544228,0.53,-161256
1786866048.1749837,0.53,-161287
1786866048.1967325,0.53,-161317
1786866048.2161238,0.53,-161348
1786866048.2377565,0.53,-161381
1786866048.258104,0.53,-161414
1786866048.2744172,0.52,-161447
1786866048.2922573,0.53,-161480
1786866048.316231,0.53,-161514
1786866048.3349175,0.53,-161548
1786866048.355441,0.53,-161581
1786866048.3806226,0.53,-161615
1786866048.4002063,0.53,-161646
1786866048.4183035,0.53,-161679
1786866048.4411101,0.53,-161714
1786866048.4599168,0.53,-161746
1786866048.482813,0.53,-161780
1786866048.5016465,0.52,-161810
1786866048.5226665,0.52,-161846
1786866048.54318,0.52,-161878
1786866048.5628982,0.52,-161912
1786866048.5849109,0.52,-161945
1786866048.6060383,0.52,-161976
1786866048.6262953,0.53,-162011
1786866048.6475918,0.52,-162044
1786866048.667057,0.52,-162077
1786866048.6855145,0.52,-162111
1786866048.708735,0.53,-162142
1786866048.7273138,0.53,-162178
1786866048.7495866,0.53,-162213
1786866048.7674282,0.53,-162246
1786866048.7862697,0.53,-162278
1786866048.806845,0.53,-162311
1786866048.8315072,0.53,-162347
1786866048.851639,0.53,-162380
1786866048.8715565,0.53,-162413
1786866048.8924377,0.53,-162444
1786866048.9112644,0.53,-162475
1786866048.9313285,0.52,-162509
1786866048.9533694,0.53,-162542
1786866048.9741232,0.53,-162573
1786866048.994738,0.53,-162608
1786866049.0151465,0.53,-162643
1786866049.036281,0.53,-162676
1786866049.056664,0.54,-162710
1786866049.07477,0.53,-162743
1786866049.0975878,0.53,-162775
1786866049.1158488,0.53,-162805
1786866049.135791,0.53,-162838
1786866049.1565282,0.53,-162871
1786866049.1756413,0.54,-162906
1786866049.1988685,0.54,-162940
1786866049.2208903,0.54,-162973
1786866049.2380311,0.54,-163005
1786866049.2586532,0.54,-163039
1786866049.2804654,0.54,-163073
1786866049.300662,0.54,-163107
1786866049.319751,0.54,-163141
1786866049.3407662,0.54,-163176
1786866049.3549285,0.53,-163211
1786866049.382583,0.53,-163244
1786866049.4049175,0.53,-163279
1786866049.4255583,0.53,-163316
1786866049.4464045,0.53,-163350
1786866049.4657717,0.53,-163386
1786866049.4869637,0.53,-163418
1786866049.503957,0.53,-163451
1786866049.5281014,0.53,-163484
1786866049.5490067,0.54,-163520
1786866049.5697007,0.54,-163555
1786866049.5867758,0.54,-163587
1786866049.6057668,0.54,-163620
1786866049.628976,0.54,-163654
1786866049.6464803,0.54,-163688
1786866049.6703644,0.54,-163723
1786866049.6890955,0.54,-163755
1786866049.712233,0.54,-163786
1786866049.729835,0.55,-163819
1786866049.7535372,0.55,-163855
1786866049.7732887,0.55,-163888
1786866049.792842,0.54,-163921
1786866049.8140225,0.54,-163954
1786866049.8332567,0.55,-163988
1786866049.8557982,0.55,-164022
1786866049.8757894,0.55,-164054
1786866049.8932593,0.55,-164087
1786866049.9169688,0.55,-164121
1786866049.9349349,0.54,-164151
1786866049.9559958,0.55,-164181
1786866049.9766364,0.55,-164214
1786866049.994591,0.55,-164247
1786866050.0196939,0.54,-164282
1786866050.038322,0.55,-164316
1786866050.0570135,0.54,-164348
1786866050.0801578,0.54,-164379
1786866050.099696,0.54,-164413
1786866050.119589,0.55,-164447
1786866050.1426525,0.55,-164484
1786866050.161359,0.54,-164521
1786866050.183309,0.54,-164555
1786866050.203484,0.54,-164589
1786866050.2233517,0.54,-164622
1786866050.244528,0.54,-164655
1786866050.2656014,0.54,-164687
1786866050.286126,0.55,-164722
1786866050.3066812,0.55,-164756
1786866050.3229778,0.55,-164791
1786866050.3477786,0.55,-164827
1786866050.3650055,0.55,-164858
1786866050.3885047,0.54,-164892
1786866050.4065857,0.54,-164923
1786866050.4250872,0.55,-164957
1786866050.4481604,0.55,-164993
1786866050.4701958,0.55,-165027
1786866050.4903808,0.55,-165062
1786866050.508466,0.55,-165095
1786866050.5291355,0.55,-165126
1786866050.5500531,0.55,-165161
1786866050.5704381,0.55,-165194
1786866050.5915632,0.55,-165229
1786866050.6121483,0.55,-165262
1786866050.6333504,0.56,-165293
1786866050.6537902,0.56,-165327
1786866050.6753893,0.55,-165359
1786866050.6954684,0.56,-165391
1786866050.7143283,0.56,-165428
1786866050.7361145,0.56,-165462
1786866050.7532654,0.56,-165498
1786866050.7720022,0.56,-165532
1786866050.7956557,0.56,-165567
1786866050.8136764,0.56,-165603
1786866050.8337955,0.56,-165635
1786866050.8567755,0.56,-165666
1786866050.876341,0.56,-165701
1786866050.8968916,0.56,-165735
1786866050.9130921,0.56,-165764
1786866050.9397848,0.57,-165801
1786866050.958783,0.57,-165834
1786866050.9824822,0.57,-165867
1786866051.0019622,0.57,-165898
1786866051.021332,0.58,-165935
1786866051.043692,0.57,-165968
1786866051.0635774,0.57,-166004
1786866051.0842245,0.58,-166039
1786866051.1048024,0.58,-166074
1786866051.1249099,0.58,-166109
1786866051.1452367,0.58,-166141
1786866051.1666152,0.58,-166174
1786866051.1838033,0.58,-166208
1786866051.2051456,0.58,-166240
1786866051.2228823,0.58,-166275
1786866051.2440453,0.57,-166309
1786866051.264193,0.58,-166343
1786866051.2865431,0.57,-166377
1786866051.3066366,0.58,-166413
1786866051.331075,0.58,-166448
1786866051.351274,0.58,-166478
1786866051.3717718,0.57,-166510
1786866051.3922648,0.58,-166543
1786866051.4109452,0.58,-166579
1786866051.4332173,0.58,-166612
1786866051.4528263,0.57,-166643
1786866051.4729338,0.57,-166675
1786866051.4942403,0.57,-166709
1786866051.514666,0.57,-166742
1786866051.5353346,0.57,-166774
1786866051.555742,0.57,-166807
1786866051.5730927,0.57,-166838
1786866051.5970092,0.57,-166874
1786866051.6140964,0.57,-166909
1786866051.636019,0.57,-166940
1786866051.6537929,0.57,-166973
1786866051.6738555,0.58,-167007
1786866051.6990194,0.58,-167043
1786866051.7189736,0.58,-167076
1786866051.7399735,0.59,-167108
1786866051.7581763,0.58,-167140
1786866051.777661,0.58,-167174
1786866051.801482,0.58,-167210
1786866051.8204298,0.58,-167243
1786866051.842699,0.58,-167275
1786866051.862087,0.58,-167310
1786866051.88316,0.58,-167343
1786866051.9038694,0.59,-167376
1786866051.9243417,0.59,-167411
1786866051.944189,0.59,-167445
1786866051.9650228,0.58,-167480
1786866051.985834,0.58,-167511
1786866052.0066195,0.58,-167541
1786866052.0237336,0.58,-167571
1786866052.0428495,0.59,-167605
1786866052.0662348,0.59,-167636
1786866052.0877795,0.59,-167666
1786866052.1079152,0.60,-167700
1786866052.125879,0.59,-167735
1786866052.1466534,0.60,-167770
1786866052.1695411,0.60,-167805
1786866052.188332,0.60,-167837
1786866052.2085788,0.60,-167871
1786866052.2316172,0.60,-167905
1786866052.2520216,0.60,-167939
1786866052.2716293,0.60,-167970
1786866052.2921422,0.59,-168002
1786866052.313445,0.59,-168036
1786866052.3330264,0.60,-168070
1786866052.3530161,0.59,-168103
1786866052.3747017,0.60,-168135
1786866052.395436,0.60,-168165
1786866052.4162774,0.60,-168197
1786866052.4310684,0.60,-168228
1786866052.4541698,0.60,-168259
1786866052.4732382,0.60,-168292
1786866052.494383,0.60,-168327
1786866052.5153449,0.60,-168359
1786866052.5358372,0.60,-168391
1786866052.5577881,0.60,-168423
1786866052.5773313,0.59,-168455
1786866052.5993655,0.60,-168489
1786866052.6189206,0.60,-168526
1786866052.639744,0.60,-168560
1786866052.6617546,0.61,-168591
1786866052.6815166,0.60,-168627
1786866052.695357,0.60,-168661
1786866052.7231343,0.60,-168695
1786866052.7426724,0.60,-168730
1786866052.7639754,0.60,-168763
1786866052.7807226,0.60,-168796
1786866052.8051486,0.60,-168829
1786866052.8259385,0.60,-168863
1786866052.8429463,0.60,-168896
1786866052.8622797,0.61,-168929
1786866052.88532,0.60,-168962
1786866052.9030936,0.61,-168997
1786866052.9280517,0.61,-169028
1786866052.94543,0.61,-169059
1786866052.9687622,0.61,-169094
1786866052.9872408,0.61,-169125
1786866053.0101938,0.61,-169159
1786866053.0277386,0.60,-169192
1786866053.0482523,0.60,-169223
1786866053.0703883,0.60,-169255
1786866053.0918598,0.60,-169286
1786866053.1120436,0.60,-169319
1786866053.131623,0.60,-169352
1786866053.1518188,0.60,-169386
1786866053.1741283,0.60,-169421
1786866053.1910195,0.60,-169453
1786866053.2144308,0.60,-169486
1786866053.2350957,0.60,-169520
1786866053.2529051,0.61,-169554
1786866053.2716959,0.60,-169585
1786866053.2959387,0.60,-169619
1786866053.3136108,0.60,-169651
1786866053.3369367,0.60,-169686
1786866053.3549995,0.60,-169722
1786866053.3755991,0.60,-169757
1786866053.396603,0.60,-169791
1786866053.4198086,0.60,-169824
1786866053.437395,0.60,-169858
1786866053.4579294,0.60,-169890
1786866053.4812226,0.60,-169926
1786866053.500981,0.60,-169959
1786866053.5216708,0.60,-169993
1786866053.5420802,0.60,-170028
1786866053.5633442,0.60,-170061
1786866053.583495,0.60,-170101
1786866053.6037729,0.60,-170138
1786866053.6245844,0.60,-170170
1786866053.6421468,0.60,-170204
1786866053.6649275,0.60,-170239
1786866053.6842217,0.60,-170272
1786866053.7021801,0.60,-170305
1786866053.726375,0.60,-170337
1786866053.747641,0.60,-170367
1786866053.77019,0.61,-170403
1786866053.78765,0.61,-170435
1786866053.8052456,0.60,-170469
1786866053.82748,0.60,-170503
1786866053.8480935,0.60,-170537
1786866053.8701842,0.59,-170570
1786866053.8899682,0.59,-170607
1786866053.9105139,0.60,-170641
1786866053.9309404,0.60,-170675
1786866053.9519749,0.61,-170706
1786866053.9726245,0.61,-170738
1786866053.9924881,0.61,-170772
1786866054.0138571,0.61,-170804
1786866054.0308118,0.61,-170838
1786866054.0516086,0.61,-170876
1786866054.0721116,0.61,-170907
1786866054.0942638,0.61,-170938
1786866054.1146095,0.61,-170971
1786866054.1326087,0.61,-171006
1786866054.1557193,0.61,-171038
1786866054.1771245,0.61,-171069
1786866054.1947207,0.61,-171101
1786866054.218111,0.61,-171134
1786866054.2360666,0.61,-171167
1786866054.2575839,0.61,-171203
1786866054.278483,0.62,-171236
1786866054.3004556,0.62,-171268
1786866054.3211398,0.61,-171299
1786866054.3402054,0.62,-171333
1786866054.360496,0.62,-171366
1786866054.3826685,0.62,-171398
1786866054.4022157,0.62,-171434
1786866054.4222958,0.62,-171468
1786866054.4381778,0.62,-171501
1786866054.4646957,0.62,-171532
1786866054.4854224,0.62,-171563
1786866054.5049186,0.62,-171595
1786866054.5241477,0.62,-171627
1786866054.542263,0.62,-171658
1786866054.5623791,0.62,-171691
1786866054.5839813,0.62,-171724
1786866054.6043823,0.62,-171757
1786866054.628276,0.62,-171791
1786866054.648558,0.62,-171824
1786866054.6674345,0.62,-171858
1786866054.6876514,0.62,-171888
1786866054.708864,0.61,-171922
1786866054.730595,0.62,-171953
1786866054.7496126,0.62,-171986
1786866054.7714539,0.62,-172021
1786866054.7919116,0.62,-172051
1786866054.8087094,0.62,-172083
1786866054.8331413,0.62,-172114
1786866054.849863,0.61,-172149
1786866054.8743646,0.61,-172180
1786866054.8947296,0.62,-172216
1786866054.9149363,0.62,-172252
1786866054.9304059,0.63,-172285
1786866054.9546819,0.62,-172319
1786866054.972774,0.62,-172352
1786866054.9953785,0.62,-172384
1786866055.0141199,0.62,-172419
1786866055.0345464,0.62,-172453
1786866055.0581865,0.62,-172485
1786866055.0767796,0.62,-172520
1786866055.0973542,0.63,-172557
1786866055.118622,0.62,-172588
1786866055.1402154,0.62,-172622
1786866055.1603696,0.62,-172656
1786866055.1807256,0.62,-172689
1786866055.2018259,0.62,-172723
1786866055.222445,0.61,-172757
1786866055.242263,0.61,-172794
1786866055.263075,0.61,-172825
1786866055.281534,0.62,-172859
1786866055.3020244,0.62,-172896
1786866055.3194764,0.62,-172928
1786866055.342709,0.62,-172962
1786866055.364653,0.61,-172997
1786866055.3814209,0.61,-173032
1786866055.405735,0.61,-173066
1786866055.4230874,0.61,-173098
1786866055.4469118,0.61,-173133
1786866055.4657516,0.61,-173168
1786866055.4883392,0.62,-173201
1786866055.5086236,0.61,-173235
1786866055.5285048,0.62,-173268
1786866055.5490723,0.62,-173297
1786866055.5695863,0.61,-173335
1786866055.590726,0.61,-173369
1786866055.611243,0.62,-173402
1786866055.6311207,0.62,-173437
1786866055.6519272,0.62,-173467
1786866055.6694217,0.62,-173501
1786866055.686972,0.62,-173536
1786866055.7120545,0.61,-173567
1786866055.7297082,0.61,-173603
1786866055.7523625,0.61,-173635
1786866055.7701747,0.61,-173667
1786866055.7940493,0.61,-173699
1786866055.812976,0.62,-173733
1786866055.833791,0.61,-173767
1786866055.8545632,0.62,-173797
1786866055.8751671,0.62,-173829
1786866055.895772,0.61,-173862
1786866055.9184525,0.61,-173895
1786866055.936615,0.61,-173927
1786866055.9589062,0.61,-173962
1786866055.979591,0.61,-173998
1786866055.9999282,0.61,-174031
1786866056.0212138,0.62,-174066
1786866056.040639,0.62,-174099
1786866056.0589743,0.62,-174132
1786866056.0822809,0.62,-174163
1786866056.1030846,0.62,-174196
1786866056.1223435,0.62,-174232
1786866056.143637,0.62,-174265
1786866056.160206,0.62,-174299
1786866056.1807523,0.62,-174333
1786866056.2039552,0.62,-174365
1786866056.2257848,0.62,-174401
1786866056.2462082,0.62,-174435
1786866056.2642,0.62,-174468
1786866056.2846372,0.62,-174503
1786866056.3077974,0.62,-174531
1786866056.325434,0.62,-174565
1786866056.347508,0.62,-174599
1786866056.369165,0.62,-174633
1786866056.3893838,0.62,-174668
1786866056.4101708,0.61,-174699
1786866056.429448,0.61,-174732
1786866056.4502273,0.62,-174764
1786866056.4712389,0.62,-174797
1786866056.4914258,0.62,-174825
1786866056.5124283,0.62,-174857
1786866056.530399,0.62,-174888
1786866056.5478146,0.61,-174927
1786866056.5722392,0.62,-174959
1786866056.5905435,0.62,-174992
1786866056.6124036,0.62,-175028
1786866056.6323776,0.63,-175059
1786866056.6529841,0.62,-175092
1786866056.6738324,0.62,-175125
1786866056.6942332,0.63,-175159
1786866056.7149847,0.62,-175192
1786866056.7357764,0.61,-175225
1786866056.7569733,0.62,-175258
1786866056.778801,0.62,-175292
1786866056.7987049,0.62,-175326
1786866056.8191395,0.62,-175361
1786866056.8402672,0.62,-175395
1786866056.860287,0.62,-175429
1786866056.8776743,0.62,-175465
1786866056.9016285,0.62,-175498
1786866056.9223452,0.62,-175534
1786866056.9404426,0.62,-175565
1786866056.9611917,0.62,-175598
1786866056.9791155,0.62,-175632
1786866057.002045,0.62,-175665
1786866057.0206695,0.63,-175699
1786866057.044814,0.63,-175734
1786866057.0654128,0.62,-175768
1786866057.0852702,0.62,-175801
1786866057.1040485,0.63,-175835
1786866057.1241367,0.63,-175866
1786866057.144992,0.63,-175896
1786866057.1667511,0.63,-175930
1786866057.186697,0.63,-175962
1786866057.2082548,0.63,-175992
1786866057.2279084,0.63,-176026
1786866057.2499554,0.63,-176060
1786866057.2699354,0.63,-176091
1786866057.2903585,0.63,-176126
1786866057.3055327,0.64,-176160
1786866057.3319912,0.64,-176194
1786866057.3490703,0.64,-176229
1786866057.3682182,0.64,-176260
1786866057.3888376,0.64,-176289
1786866057.413454,0.64,-176322
1786866057.4305568,0.64,-176357
1786866057.4535143,0.64,-176389
1786866057.472266,0.64,-176420
1786866057.4930332,0.64,-176452
1786866057.5130022,0.64,-176486
1786866057.5363438,0.64,-176517
1786866057.5556922,0.64,-176549
1786866057.5763679,0.64,-176581
1786866057.597149,0.64,-176614
1786866057.6182358,0.64,-176646
1786866057.637503,0.63,-176682
1786866057.6577487,0.64,-176713
1786866057.679625,0.63,-176746
1786866057.7006266,0.64,-176776
1786866057.720879,0.64,-176808
1786866057.7416437,0.64,-176840
1786866057.7608232,0.64,-176873
1786866057.7797067,0.63,-176906
1786866057.7984502,0.63,-176942
1786866057.8208303,0.64,-176978
1786866057.8401318,0.64,-177009
1786866057.8605902,0.64,-177044
1786866057.883196,0.64,-177081
1786866057.9027228,0.65,-177112
1786866057.9234326,0.65,-177144
1786866057.9437783,0.65,-177179
1786866057.9643376,0.64,-177211
1786866057.9859228,0.64,-177242
1786866058.0076406,0.64,-177274
1786866058.0275786,0.64,-177304
1786866058.0479674,0.64,-177337
1786866058.0691576,0.64,-177369
1786866058.0895133,0.64,-177402
1786866058.1077495,0.65,-177436
1786866058.1304944,0.65,-177468
1786866058.1512828,0.65,-177501
1786866058.1663785,0.65,-177532
1786866058.1893806,0.65,-177563
1786866058.2079988,0.65,-177599
1786866058.2316813,0.64,-177634
1786866058.2497,0.65,-177668
1786866058.2727342,0.65,-177705
1786866058.291455,0.65,-177738
1786866058.314515,0.64,-177772
1786866058.332997,0.64,-177806
1786866058.3560522,0.65,-177845
1786866058.3747172,0.64,-177880
1786866058.396423,0.64,-177914
1786866058.4166338,0.64,-177950
1786866058.4365013,0.64,-177984
1786866058.4567435,0.64,-178018
1786866058.4780667,0.64,-178052
1786866058.4994843,0.64,-178083
1786866058.5200036,0.64,-178118
1786866058.5401282,0.64,-178150
1786866058.5541608,0.64,-178183
1786866058.578686,0.63,-178218
1786866058.5970397,0.64,-178255
1786866058.6210423,0.64,-178290
1786866058.6414618,0.64,-178324
1786866058.6598492,0.64,-178359
1786866058.6803408,0.65,-178392
1786866058.7037191,0.64,-178426
1786866058.722199,0.64,-178458
1786866058.7443974,0.64,-178492
1786866058.7636163,0.64,-178526
1786866058.7843783,0.64,-178560
1786866058.806458,0.64,-178593
1786866058.8262022,0.63,-178627
1786866058.8469446,0.63,-178661
1786866058.8668022,0.64,-178696
1786866058.8864024,0.64,-178730
1786866058.9081316,0.64,-178764
1786866058.9294715,0.63,-178796
1786866058.9498303,0.63,-178830
1786866058.9696088,0.64,-178860
1786866058.9859126,0.64,-178894
1786866059.011624,0.64,-178929
1786866059.0270412,0.64,-178963
1786866059.048717,0.64,-178995
1786866059.0725772,0.64,-179030
1786866059.0899823,0.64,-179064
1786866059.1135495,0.64,-179095
1786866059.1334574,0.64,-179126
1786866059.1523194,0.65,-179157
1786866059.1750674,0.65,-179190
1786866059.1938894,0.65,-179224
1786866059.2144213,0.65,-179260
1786866059.2356527,0.65,-179295
1786866059.256907,0.66,-179331
1786866059.2771482,0.65,-179365
1786866059.2980301,0.65,-179398
1786866059.3185709,0.65,-179432
1786866059.3349059,0.65,-179466
1786866059.3543775,0.66,-179499
1786866059.3773706,0.66,-179532
1786866059.3982205,0.66,-179565
1786866059.4188375,0.66,-179597
1786866059.4368963,0.66,-179632
1786866059.460782,0.66,-179666
1786866059.482219,0.66,-179697
1786866059.5021465,0.66,-179728
1786866059.5231736,0.66,-179760
1786866059.5412636,0.66,-179790
1786866059.5619326,0.67,-179825
1786866059.5827725,0.67,-179858
1786866059.6054366,0.67,-179891
1786866059.6237135,0.67,-179925
1786866059.644187,0.67,-179959
1786866059.6663291,0.67,-179992
1786866059.6873534,0.67,-180024
1786866059.708174,0.67,-180060
1786866059.7280934,0.67,-180092
1786866059.744704,0.66,-180125
1786866059.7691553,0.66,-180158
1786866059.7898216,0.66,-180195
1786866059.8049884,0.66,-180228
1786866059.8285031,0.66,-180260
1786866059.8509028,0.66,-180293
1786866059.8714614,0.66,-180326
1786866059.88828,0.67,-180358
1786866059.9086463,0.66,-180391
1786866059.93314,0.66,-180424
1786866059.9505298,0.67,-180458
1786866059.9718208,0.66,-180491
1786866059.994581,0.66,-180523
1786866060.0139947,0.66,-180556
1786866060.034922,0.66,-180588
1786866060.05513,0.65,-180623
1786866060.0765595,0.66,-180656
1786866060.0968084,0.66,-180687
1786866060.11766,0.66,-180721
1786866060.1362011,0.66,-180755
1786866060.1552732,0.66,-180786
1786866060.1732554,0.66,-180818
1786866060.1968148,0.66,-180853
1786866060.2148776,0.66,-180886
1786866060.2348862,0.66,-180918
1786866060.2564704,0.66,-180951
1786866060.2793164,0.66,-180989
1786866060.2978191,0.66,-181020
1786866060.3214097,0.67,-181053
1786866060.339808,0.67,-181086
1786866060.36036,0.67,-181118
1786866060.3807757,0.67,-181150
1786866060.402197,0.67,-181184
1786866060.4227486,0.67,-181219
1786866060.443934,0.67,-181253
1786866060.4656715,0.67,-181285
1786866060.4858263,0.67,-181319
1786866060.506432,0.67,-181355
1786866060.5273836,0.66,-181389
1786866060.5435014,0.66,-181424
1786866060.568163,0.67,-181455
1786866060.585557,0.66,-181487
1786866060.6093369,0.67,-181520
1786866060.6294332,0.68,-181551
1786866060.6473389,0.68,-181584
1786866060.6662354,0.67,-181615
1786866060.6864989,0.67,-181650
1786866060.7112522,0.67,-181684
1786866060.7297034,0.66,-181714
1786866060.751876,0.66,-181747
1786866060.7704034,0.66,-181780
1786866060.7906635,0.66,-181813
1786866060.812003,0.66,-181847
1786866060.8335686,0.66,-181881
1786866060.8534994,0.66,-181919
1786866060.8742769,0.66,-181954
1786866060.8946905,0.66,-181988
1786866060.9159899,0.66,-182022
1786866060.9369256,0.66,-182054
1786866060.9562976,0.66,-182086
1786866060.976114,0.67,-182120
1786866060.9923887,0.67,-182156
1786866061.0187712,0.67,-182190
1786866061.0354843,0.67,-182222
1786866061.0548375,0.68,-182257
1786866061.0755982,0.67,-182289
1786866061.0965354,0.67,-182321
1786866061.1210577,0.67,-182355
1786866061.1406481,0.68,-182393
1786866061.1592214,0.68,-182427
1786866061.179989,0.68,-182459
1786866061.202753,0.68,-182490
1786866061.2233994,0.67,-182526
1786866061.241136,0.67,-182559
1786866061.2643218,0.68,-182594
1786866061.2843723,0.68,-182626
1786866061.3048377,0.68,-182660
1786866061.3255305,0.69,-182695
1786866061.3465257,0.69,-182728
1786866061.3660574,0.68,-182761
1786866061.3837004,0.68,-182795
1786866061.4080553,0.68,-182830
1786866061.4283917,0.68,-182864
1786866061.4435349,0.68,-182902
1786866061.4665928,0.69,-182933
1786866061.4894598,0.69,-182964
1786866061.508772,0.69,-182996
1786866061.5267868,0.69,-183028
1786866061.551317,0.69,-183062
1786866061.5694423,0.69,-183095
1786866061.5886118,0.69,-183130
1786866061.6123009,0.69,-183166
1786866061.6320932,0.69,-183201
1786866061.650607,0.70,-183234
1786866061.6725962,0.70,-183268
1786866061.693491,0.69,-183302
1786866061.7141957,0.69,-183334
1786866061.7350812,0.69,-183368
1786866061.7547836,0.69,-183400
1786866061.7726438,0.69,-183436
1786866061.7964416,0.69,-183471
1786866061.8173532,0.70,-183504
1786866061.8380556,0.70,-183537
1786866061.8530786,0.70,-183569
1786866061.8742778,0.69,-183602
1786866061.8976822,0.70,-183636
1786866061.915626,0.69,-183668
1786866061.9356916,0.69,-183702
1786866061.960563,0.69,-183737
1786866061.9803984,0.69,-183772
1786866062.0015988,0.69,-183809
1786866062.0218499,0.69,-183842
1786866062.0425518,0.69,-183877
1786866062.0633974,0.69,-183910
1786866062.0811696,0.69,-183943
1786866062.1031427,0.70,-183978
1786866062.1236706,0.70,-184009
1786866062.144938,0.69,-184044
1786866062.1654038,0.70,-184078
1786866062.186345,0.69,-184112
1786866062.206481,0.69,-184142
1786866062.223897,0.69,-184175
1786866062.2449925,0.69,-184207
1786866062.2655106,0.69,-184239
1786866062.2856731,0.68,-184271
1786866062.306519,0.68,-184304
1786866062.3285134,0.69,-184337
1786866062.3459852,0.68,-184372
1786866062.3694227,0.68,-184406
1786866062.3878562,0.69,-184440
1786866062.4086964,0.69,-184476
1786866062.4282382,0.68,-184512
1786866062.4503431,0.68,-184547
1786866062.4727902,0.68,-184581
1786866062.4928823,0.69,-184615
1786866062.5127294,0.68,-184648
1786866062.5267625,0.68,-184685
1786866062.5545464,0.68,-184718
1786866062.5740542,0.69,-184753
1786866062.594305,0.69,-184788
1786866062.616462,0.69,-184826
1786866062.636046,0.68,-184861
1786866062.657398,0.69,-184898
1786866062.672821,0.69,-184931
1786866062.6949253,0.69,-184963
1786866062.7143064,0.69,-184997
1786866062.7349014,0.69,-185028
1786866062.7576625,0.69,-185062
1786866062.7769332,0.69,-185096
1786866062.7974954,0.69,-185131
1786866062.817774,0.69,-185166
1786866062.841663,0.69,-185202
1786866062.861494,0.69,-185238
1786866062.8814988,0.69,-185271
1786866062.9016542,0.68,-185304
1786866062.915573,0.68,-185340
1786866062.9433486,0.69,-185373
1786866062.962852,0.69,-185402
1786866062.9849522,0.69,-185435
1786866063.000962,0.69,-185469
1786866063.0255077,0.68,-185503
1786866063.0434587,0.69,-185535
1786866063.0675888,0.69,-185569
1786866063.0831556,0.69,-185601
1786866063.107684,0.69,-185635
1786866063.1259136,0.69,-185668
1786866063.1489189,0.69,-185701
1786866063.1689544,0.69,-185736
1786866063.1864636,0.69,-185769
1786866063.2073183,0.69,-185803
1786866063.2292075,0.69,-185840
1786866063.2482667,0.69,-185871
1786866063.2695868,0.69,-185906
1786866063.2901518,0.69,-185938
1786866063.3100102,0.69,-185973
1786866063.3323398,0.68,-186008
1786866063.3520687,0.68,-186042
1786866063.3737066,0.68,-186076
1786866063.3933325,0.69,-186108
1786866063.414215,0.69,-186142
1786866063.4357734,0.69,-186178
1786866063.4559178,0.69,-186211
1786866063.4766273,0.69,-186248
1786866063.4937801,0.70,-186282
1786866063.5136514,0.70,-186316
1786866063.5356977,0.71,-186351
1786866063.554914,0.70,-186385
1786866063.5779,0.70,-186419
1786866063.5948257,0.70,-186454
1786866063.618793,0.70,-186488
1786866063.6373982,0.70,-186521
1786866063.6604226,0.70,-186555
1786866063.6811337,0.71,-186587
1786866063.7002478,0.71,-186620
1786866063.720893,0.71,-186654
1786866063.7417245,0.70,-186686
1786866063.763257,0.70,-186719
1786866063.7832465,0.71,-186753
1786866063.804321,0.70,-186785
1786866063.8245254,0.70,-186820
1786866063.8416681,0.70,-186853
1786866063.8654377,0.71,-186890
1786866063.8851106,0.71,-186924
1786866063.9017074,0.70,-186958
1786866063.9225466,0.70,-186990
1786866063.9466844,0.70,-187025
1786866063.9641356,0.70,-187054
1786866063.9881425,0.70,-187088
1786866064.0059407,0.70,-187121
1786866064.0294538,0.70,-187156
1786866064.0476458,0.70,-187191
1786866064.0682135,0.71,-187225
1786866064.090678,0.71,-187258
1786866064.1100013,0.70,-187293
1786866064.1308248,0.71,-187327
1786866064.152256,0.71,-187361
1786866064.1720386,0.71,-187394
1786866064.192619,0.71,-187429
1786866064.2138531,0.71,-187462
1786866064.2342243,0.70,-187498
1786866064.2505355,0.70,-187532
1786866064.269247,0.70,-187566
1786866064.292863,0.70,-187601
1786866064.3138947,0.70,-187635
1786866064.3316414,0.70,-187669
1786866064.3528874,0.70,-187706
1786866064.372665,0.71,-187739
1786866064.3965752,0.71,-187771
1786866064.414384,0.71,-187804
1786866064.4382586,0.70,-187839
1786866064.457385,0.71,-187875
1786866064.4780755,0.71,-187909
1786866064.4976032,0.71,-187940
1786866064.5182877,0.71,-187971
1786866064.5402846,0.71,-188002
1786866064.560455,0.72,-188036
1786866064.5816622,0.71,-188069
1786866064.602851,0.71,-188104
1786866064.6232848,0.72,-188138
1786866064.6432614,0.72,-188171
1786866064.6645436,0.72,-188204
1786866064.684904,0.72,-188238
1786866064.7002015,0.71,-188271
1786866064.7264464,0.71,-188306
1786866064.7437007,0.71,-188342
1786866064.765435,0.72,-188376
1786866064.7872114,0.71,-188409
1786866064.806987,0.71,-188443
1786866064.825006,0.71,-188476
1786866064.8483255,0.71,-188508
1786866064.8669417,0.72,-188539
1786866064.8865414,0.71,-188572
1786866064.9104476,0.71,-188604
1786866064.9291654,0.72,-188638
1786866064.950954,0.71,-188671
1786866064.970895,0.71,-188706
1786866064.9916809,0.71,-188737
1786866065.0120437,0.72,-188770
1786866065.033185,0.71,-188801
1786866065.053657,0.71,-188835
1786866065.0708637,0.72,-188868
1786866065.0945845,0.72,-188904
1786866065.11306,0.72,-188936
1786866065.130806,0.72,-188968
1786866065.1560292,0.72,-189003
1786866065.1747956,0.73,-189036
1786866065.1927068,0.73,-189069
1786866065.2154396,0.73,-189100
1786866065.2356875,0.72,-189133
1786866065.25825,0.72,-189169
1786866065.2782922,0.73,-189202
1786866065.2969925,0.73,-189234
1786866065.3196256,0.73,-189267
1786866065.33782,0.74,-189302
1786866065.3600845,0.74,-189335
1786866065.379982,0.73,-189369
1786866065.401957,0.74,-189405
1786866065.4219925,0.74,-189438
1786866065.4417024,0.74,-189471
1786866065.4634638,0.74,-189505
1786866065.4838161,0.74,-189539
1786866065.503784,0.74,-189573
1786866065.5250273,0.73,-189606
1786866065.5435278,0.74,-189634
1786866065.5609455,0.74,-189668
1786866065.5841694,0.74,-189701
1786866065.6016507,0.75,-189735
1786866065.6271546,0.74,-189770
1786866065.6443136,0.74,-189801
1786866065.6675317,0.74,-189832
1786866065.6861703,0.74,-189865
1786866065.708808,0.74,-189899
1786866065.727617,0.74,-189932
1786866065.7501187,0.74,-189966
1786866065.7702968,0.74,-189998
1786866065.790234,0.74,-190032
1786866065.8112721,0.74,-190066
1786866065.8318238,0.74,-190101
1786866065.8521552,0.74,-190131
1786866065.8721237,0.73,-190167
1786866065.887528,0.73,-190197
1786866065.91365,0.74,-190232
1786866065.934652,0.74,-190266
1786866065.9491966,0.74,-190299
1786866065.9754963,0.74,-190332
1786866065.9940002,0.74,-190365
1786866066.012039,0.73,-190397
1786866066.0348957,0.73,-190432
1786866066.056605,0.73,-190464
1786866066.0772917,0.74,-190496
1786866066.0953898,0.73,-190531
1786866066.1183681,0.73,-190564
1786866066.137398,0.74,-190596
1786866066.1588507,0.74,-190624
1786866066.1789064,0.74,-190658
1786866066.2007215,0.74,-190690
1786866066.2208195,0.75,-190721
1786866066.2397375,0.74,-190752
1786866066.2621753,0.74,-190783
1786866066.2825544,0.74,-190817
1786866066.2988605,0.74,-190849
1786866066.3234153,0.75,-190877
1786866066.3441226,0.74,-190908
1786866066.3607676,0.74,-190944
1786866066.3829193,0.74,-190976
1786866066.4033122,0.74,-191010
1786866066.424465,0.74,-191043
1786866066.4461527,0.75,-191079
1786866066.466175,0.75,-191112
1786866066.484181,0.75,-191145
1786866066.5050852,0.76,-191178
1786866066.5258746,0.76,-191210
1786866066.5462017,0.76,-191242
1786866066.5674362,0.76,-191276
1786866066.5879097,0.76,-191310
1786866066.6092196,0.76,-191342
1786866066.6301498,0.75,-191379
1786866066.6508677,0.75,-191410
1786866066.6711454,0.75,-191446
1786866066.6920524,0.75,-191480
1786866066.7121513,0.75,-191516
1786866066.7303905,0.75,-191550
1786866066.7509975,0.76,-191586
1786866066.7738562,0.76,-191619
1786866066.7900002,0.76,-191650
1786866066.8105905,0.76,-191681
1786866066.8341959,0.77,-191715
1786866066.8523312,0.77,-191745
1786866066.875809,0.77,-191778
1786866066.8938842,0.76,-191811
1786866066.9169838,0.76,-191844
1786866066.9358764,0.76,-191875
1786866066.9584174,0.76,-191905
1786866066.9779131,0.75,-191938
1786866066.9980946,0.75,-191969
1786866067.019513,0.75,-192002
1786866067.0396764,0.75,-192034
1786866067.0600963,0.75,-192067
1786866067.0811942,0.75,-192100
1786866067.100921,0.75,-192134
1786866067.122508,0.75,-192168
1786866067.142639,0.75,-192195
1786866067.163402,0.74,-192231
1786866067.178087,0.74,-192263
1786866067.1993968,0.74,-192300
1786866067.224339,0.75,-192334
1786866067.2402325,0.74,-192369
1786866067.2640872,0.74,-192403
1786866067.282851,0.75,-192439
1786866067.3061004,0.75,-192474
1786866067.326747,0.75,-192511
1786866067.345419,0.75,-192542
1786866067.366126,0.75,-192577
1786866067.388143,0.75,-192611
1786866067.4078991,0.75,-192644
1786866067.4273245,0.75,-192679
1786866067.4501512,0.75,-192710
1786866067.4699335,0.75,-192744
1786866067.489519,0.75,-192779
1786866067.511901,0.75,-192810
1786866067.531374,0.75,-192843
1786866067.5522058,0.75,-192879
1786866067.5726063,0.76,-192914
1786866067.589657,0.76,-192951
1786866067.6092732,0.76,-192984
1786866067.6334877,0.75,-193017
1786866067.651672,0.76,-193050
1786866067.6706645,0.75,-193086
1786866067.6943169,0.75,-193120
1786866067.713036,0.75,-193156
1786866067.7366436,0.76,-193189
1786866067.7548087,0.76,-193223
1786866067.7744174,0.76,-193258
1786866067.7967365,0.76,-193291
1786866067.8185167,0.76,-193325
1786866067.838228,0.76,-193360
1786866067.8521297,0.76,-193395
1786866067.8798745,0.76,-193426
1786866067.8994083,0.76,-193459
1786866067.919911,0.75,-193494
1786866067.9418762,0.75,-193527
1786866067.9620275,0.75,-193561
1786866067.9827158,0.76,-193596
1786866068.002816,0.76,-193627
1786866068.0199482,0.76,-193658
1786866068.0396347,0.75,-193694
1786866068.0620694,0.75,-193727
1786866068.081403,0.75,-193760
1786866068.1020703,0.76,-193795
1786866068.12207,0.76,-193828
1786866068.1461458,0.75,-193861
1786866068.1662593,0.75,-193892
1786866068.1875224,0.76,-193925
1786866068.2077668,0.76,-193963
1786866068.2258909,0.75,-193997
1786866068.247889,0.75,-194030
1786866068.2689674,0.76,-194064
1786866068.289608,0.76,-194098
1786866068.309202,0.76,-194131
1786866068.330724,0.76,-194165
1786866068.3513272,0.75,-194199
1786866068.3687391,0.75,-194230
1786866068.3910763,0.75,-194263
1786866068.4096014,0.75,-194295
1786866068.4284427,0.74,-194326
1786866068.4516373,0.75,-194359
1786866068.4689176,0.76,-194392
1786866068.4912236,0.76,-194428
1786866068.5143547,0.75,-194461
1786866068.5349317,0.75,-194497
1786866068.553552,0.75,-194530
1786866068.5755446,0.75,-194564
1786866068.5953512,0.75,-194597
1786866068.6156304,0.75,-194632
1786866068.636417,0.74,-194666
1786866068.6582923,0.75,-194695
1786866068.67797,0.75,-194730
1786866068.699068,0.75,-194762
1786866068.7197402,0.74,-194793
1786866068.7405164,0.75,-194827
1786866068.7607143,0.75,-194862
1786866068.7782848,0.75,-194894
1786866068.796214,0.75,-194924
1786866068.819072,0.75,-194958
1786866068.837825,0.75,-194992
1786866068.860796,0.75,-195028
1786866068.8795161,0.75,-195061
1786866068.8999474,0.75,-195096
1786866068.9212503,0.75,-195129
1786866068.941411,0.75,-195161
1786866068.9618242,0.75,-195195
1786866068.9859343,0.75,-195230
1786866069.004457,0.75,-195264
1786866069.0241497,0.75,-195298
1786866069.0462024,0.75,-195331
1786866069.067932,0.75,-195363
1786866069.087719,0.74,-195397
1786866069.1085746,0.75,-195430
1786866069.1295323,0.74,-195464
1786866069.1498623,0.74,-195497
1786866069.1702285,0.74,-195530
1786866069.19117,0.75,-195566
1786866069.2084863,0.75,-195600
1786866069.2256587,0.74,-195635
1786866069.2504275,0.74,-195668
1786866069.2704887,0.74,-195701
1786866069.28895,0.73,-195737
1786866069.3100066,0.73,-195772
1786866069.3306148,0.73,-195808
1786866069.3518417,0.74,-195840
1786866069.3750775,0.74,-195873
1786866069.3933346,0.74,-195907
1786866069.4129755,0.74,-195942
1786866069.4297616,0.74,-195975
1786866069.457092,0.73,-196010
1786866069.4769344,0.74,-196044
1786866069.49797,0.74,-196078
1786866069.5186641,0.73,-196112
1786866069.5393903,0.73,-196147
1786866069.5598752,0.73,-196178
1786866069.5797634,0.73,-196212
1786866069.595098,0.74,-196249
1786866069.6185577,0.73,-196283
1786866069.642155,0.73,-196314
1786866069.657377,0.73,-196344
1786866069.6815383,0.73,-196376
1786866069.7004023,0.73,-196409
1786866069.7225943,0.74,-196443
1786866069.7408564,0.74,-196476
1786866069.7617,0.73,-196509
1786866069.782313,0.73,-196542
1786866069.8057158,0.73,-196572
1786866069.824395,0.73,-196604
1786866069.8436217,0.73,-196639
1786866069.8661184,0.74,-196671
1786866069.8862813,0.73,-196705
1786866069.9059138,0.73,-196737
1786866069.928754,0.73,-196767
1786866069.9488158,0.73,-196801
1786866069.9685478,0.73,-196834
1786866069.9898517,0.73,-196870
1786866070.010589,0.73,-196901
1786866070.030855,0.73,-196936
1786866070.0486186,0.73,-196973
1786866070.0707893,0.73,-197006
1786866070.0895414,0.74,-197039
1786866070.1084383,0.74,-197071
1786866070.1320617,0.74,-197105
1786866070.153403,0.74,-197139
1786866070.1740806,0.74,-197172
1786866070.1916764,0.74,-197205
1786866070.2118533,0.74,-197244
1786866070.2333636,0.74,-197278
1786866070.2540956,0.74,-197312
1786866070.275029,0.74,-197346
1786866070.2955143,0.74,-197383
1786866070.316738,0.74,-197417
1786866070.337114,0.74,-197450
1786866070.3584712,0.74,-197480
1786866070.3785238,0.74,-197511
1786866070.3989437,0.74,-197547
1786866070.4197924,0.74,-197579
1786866070.4375873,0.74,-197611
1786866070.4556549,0.73,-197644
1786866070.4793763,0.74,-197679
1786866070.497656,0.74,-197712
1786866070.520202,0.74,-197750
1786866070.5378954,0.74,-197786
1786866070.56206,0.74,-197820
1786866070.5806067,0.74,-197856
1786866070.601054,0.74,-197889
1786866070.6222558,0.74,-197927
1786866070.6433032,0.74,-197959
1786866070.6639771,0.74,-197996
1786866070.6842813,0.74,-198033
1786866070.705549,0.74,-198068
1786866070.7256372,0.74,-198101
1786866070.7472665,0.75,-198134
1786866070.767322,0.75,-198168
1786866070.786503,0.75,-198202
1786866070.80853,0.75,-198233
1786866070.82628,0.74,-198267
1786866070.8501697,0.74,-198303
1786866070.867559,0.74,-198339
1786866070.8864088,0.74,-198372
1786866070.9113908,0.74,-198405
1786866070.928018,0.74,-198438
1786866070.95256,0.74,-198472
1786866070.9697514,0.73,-198507
1786866070.993084,0.74,-198542
1786866071.0112772,0.74,-198576
1786866071.034002,0.74,-198606
1786866071.0534081,0.74,-198637
1786866071.0753078,0.74,-198670
1786866071.094599,0.74,-198704
1786866071.1152742,0.75,-198741
1786866071.135686,0.75,-198775
1786866071.156947,0.75,-198804
1786866071.1779222,0.75,-198839
1786866071.1973653,0.75,-198871
1786866071.218753,0.75,-198903
1786866071.239136,0.75,-198936
1786866071.2542605,0.75,-198970
1786866071.2784157,0.75,-199004
1786866071.2957208,0.76,-199037
1786866071.3162751,0.76,-199071
1786866071.3373997,0.76,-199106
1786866071.3609176,0.76,-199138
1786866071.3779638,0.76,-199172
1786866071.4019163,0.76,-199204
1786866071.423379,0.76,-199237
1786866071.443565,0.76,-199271
1786866071.4643364,0.76,-199305
1786866071.4852426,0.76,-199339
1786866071.5053504,0.76,-199370
1786866071.5241299,0.76,-199404
1786866071.5456846,0.76,-199436
1786866071.5653398,0.76,-199470
1786866071.5872085,0.76,-199504
1786866071.6070178,0.76,-199536
1786866071.6250122,0.76,-199571
1786866071.6448703,0.76,-199604
1786866071.6665316,0.77,-199641
1786866071.6846454,0.77,-199674
1786866071.7087364,0.76,-199705
1786866071.7265933,0.76,-199737
1786866071.7509086,0.76,-199770
1786866071.7699473,0.76,-199805
1786866071.7915893,0.76,-199839
1786866071.8097847,0.77,-199875
1786866071.8303142,0.77,-199908
1786866071.8532357,0.77,-199942
1786866071.8722327,0.76,-199976
1786866071.8949032,0.77,-200007
1786866071.913728,0.77,-200041
1786866071.935393,0.77,-200077
1786866071.9554179,0.77,-200114
1786866071.9758391,0.77,-200148
1786866071.9970188,0.77,-200183
1786866072.0173554,0.77,-200216
1786866072.037466,0.77,-200252
1786866072.058553,0.77,-200282
1786866072.0758698,0.77,-200316
1786866072.094185,0.77,-200350
1786866072.1170566,0.77,-200383
1786866072.135853,0.77,-200418
1786866072.1563604,0.77,-200451
1786866072.1801603,0.77,-200484
1786866072.1998925,0.77,-200519
1786866072.2205725,0.77,-200552
1786866072.2403185,0.77,-200586
1786866072.2620056,0.77,-200620
1786866072.282263,0.77,-200653
1786866072.3017502,0.77,-200687
1786866072.3221424,0.77,-200721
1786866072.3441758,0.77,-200755
1786866072.3580852,0.77,-200789
1786866072.3859422,0.77,-200823
1786866072.40515,0.77,-200857
1786866072.4262881,0.77,-200893
1786866072.4480293,0.77,-200928
1786866072.4656792,0.76,-200962
1786866072.4887488,0.77,-200996
1786866072.5086453,0.77,-201031
1786866072.5248306,0.77,-201066
1786866072.5502293,0.77,-201100
1786866072.5651965,0.77,-201136
1786866072.5892124,0.77,-201169
1786866072.6109934,0.77,-201205
1786866072.6291525,0.77,-201239
1786866072.6497624,0.77,-201271
1786866072.6693192,0.77,-201304
1786866072.6914024,0.77,-201339
1786866072.711392,0.77,-201373
1786866072.7333865,0.77,-201406
1786866072.754125,0.76,-201441
1786866072.774683,0.77,-201475
1786866072.796393,0.77,-201510
1786866072.8090847,0.77,-201543
1786866072.8359277,0.77,-201577
1786866072.856762,0.77,-201610
1786866072.8768847,0.77,-201645
1786866072.8928518,0.77,-201677
1786866072.9135177,0.78,-201710
1786866072.9344106,0.78,-201742
1786866072.9594004,0.78,-201775
1786866072.97611,0.77,-201809
1786866072.9987836,0.78,-201840
1786866073.0208948,0.77,-201874
1786866073.0410674,0.78,-201907
1786866073.0597851,0.78,-201940
1786866073.081707,0.78,-201974
1786866073.1008651,0.77,-202008
1786866073.121012,0.77,-202041
1786866073.1425343,0.78,-202074
1786866073.1626658,0.78,-202107
1786866073.184835,0.78,-202140
1786866073.2051802,0.78,-202174
1786866073.224729,0.78,-202208
1786866073.246521,0.78,-202243
1786866073.2671266,0.78,-202276
1786866073.2872732,0.78,-202311
1786866073.3021195,0.77,-202346
1786866073.3251987,0.77,-202378
1786866073.345675,0.77,-202412
1786866073.3691041,0.77,-202446
1786866073.3883305,0.77,-202477
1786866073.4100192,0.77,-202510
1786866073.4300928,0.77,-202543
1786866073.4480748,0.77,-202575
1786866073.4711094,0.77,-202609
1786866073.4920745,0.77,-202641
1786866073.512616,0.76,-202672
1786866073.5330324,0.77,-202704
1786866073.5510545,0.77,-202736
1786866073.5733764,0.77,-202769
1786866073.5941389,0.77,-202803
1786866073.6147552,0.76,-202837
1786866073.6351204,0.77,-202870
1786866073.6515915,0.77,-202904
1786866073.676022,0.77,-202938
1786866073.6932454,0.77,-202974
1786866073.7118144,0.76,-203008
1786866073.7354429,0.77,-203045
