timestamp,headingDeg,encoderCount
1786866265.1509,-0.13,0
1786866265.1509,-0.13,0
1786866265.1617496,-0.13,0
1786866265.1806734,-0.13,0
1786866265.2041824,-0.13,0
1786866265.2246358,-0.13,0
1786866265.2427185,-0.13,0
1786866265.2651167,-0.13,0
1786866265.2843533,-0.13,0
1786866265.3063154,-0.13,0
1786866265.326492,-0.13,0
1786866265.3433757,-0.13,0
1786866265.3676624,-0.13,0
1786866265.3871818,-0.13,0
1786866265.409191,-0.13,0
1786866265.4237583,-0.13,0
1786866265.4452257,-0.12,0
1786866265.4647021,-0.12,0
1786866265.4856186,-0.12,0
1786866265.5079582,-0.12,0
1786866265.5303178,-0.12,0
1786866265.5516465,-0.12,0
1786866265.5709946,-0.12,0
1786866265.5909724,-0.12,0
1786866265.6105525,-0.12,0
1786866265.6339867,-0.12,0
1786866265.652922,-0.12,0
1786866265.6743693,-0.11,0
1786866265.6938758,-0.11,0
1786866265.7161474,-0.11,0
1786866265.7360308,-0.11,0
1786866265.756296,-0.11,0
1786866265.7776184,-0.12,0
1786866265.7979524,-0.12,0
1786866265.8175297,-0.12,0
1786866265.8376703,-0.12,0
1786866265.856429,-0.12,0
1786866265.8796864,-0.12,0
1786866265.8999045,-0.11,0
1786866265.91933,-0.12,0
1786866265.939603,-0.11,0
1786866265.960201,-0.11,0
1786866265.9798312,-0.11,0
1786866266.0009732,-0.11,0
1786866266.023076,-0.11,0
1786866266.0423763,-0.12,0
1786866266.0642588,-0.12,0
1786866266.0839288,-0.12,0
1786866266.103972,-0.12,0
1786866266.1255877,-0.12,0
1786866266.145195,-0.12,0
1786866266.1655095,-0.12,0
1786866266.1812224,-0.12,0
1786866266.2073717,-0.12,0
1786866266.2250745,-0.12,0
1786866266.2434986,-0.12,0
1786866266.2685785,-0.12,0
1786866266.2851794,-0.12,0
1786866266.3075862,-0.12,0
1786866266.3279757,-0.12,0
1786866266.3487406,-0.12,0
1786866266.3694263,-0.12,0
1786866266.3904276,-0.12,0
1786866266.4108777,-0.12,0
1786866266.432831,-0.12,0
1786866266.4528224,-0.12,0
1786866266.4737666,-0.12,0
1786866266.4946043,-0.12,0
1786866266.5140774,-0.12,0
1786866266.5340319,-0.12,0
1786866266.5555274,-0.12,0
1786866266.5756905,-0.12,0
1786866266.5961754,-0.12,0
1786866266.6170082,-0.12,0
1786866266.6377404,-0.12,0
1786866266.6539516,-0.13,0
1786866266.6748333,-0.13,0
1786866266.6957579,-0.12,0
1786866266.7197285,-0.12,0
1786866266.7401977,-0.13,0
1786866266.760688,-0.12,0
1786866266.7797527,-0.12,0
1786866266.8008454,-0.12,0
1786866266.8205235,-0.12,0
1786866266.8414958,-0.12,0
1786866266.8621716,-0.12,0
1786866266.8829243,-0.12,0
1786866266.9039307,-0.13,0
1786866266.9247482,-0.12,0
1786866266.945346,-0.13,0
1786866266.9655387,-0.13,0
1786866266.9851208,-0.13,0
1786866267.00129,-0.13,0
1786866267.026971,-0.13,0
1786866267.0426989,-0.12,0
1786866267.0636556,-0.12,0
1786866267.087476,-0.12,0
1786866267.1062055,-0.12,0
1786866267.1257992,-0.13,0
1786866267.1458507,-0.13,0
1786866267.167581,-0.13,0
1786866267.1896093,-0.13,0
1786866267.2112892,-0.13,0
1786866267.231574,-0.13,0
1786866267.2503953,-0.13,0
1786866267.2726803,-0.13,0
1786866267.2923641,-0.13,0
1786866267.3124855,-0.13,0
1786866267.3340852,-0.13,0
1786866267.3546236,-0.13,0
1786866267.3741262,-0.13,0
1786866267.394968,-0.13,0
1786866267.416208,-0.13,0
1786866267.4331264,-0.13,0
1786866267.4573715,-0.13,0
1786866267.4720283,-0.14,0
1786866267.4938688,-0.14,0
1786866267.5143645,-0.14,0
1786866267.535104,-0.14,0
1786866267.5596192,-0.14,0
1786866267.5769374,-0.14,0
1786866267.5988054,-0.14,0
1786866267.618329,-0.14,0
1786866267.6391952,-0.14,0
1786866267.659466,-0.15,0
1786866267.6823766,-0.15,0
1786866267.7019057,-0.15,0
1786866267.722567,-0.15,0
1786866267.7364109,-0.15,0
1786866267.7637746,-0.15,0
1786866267.7837546,-0.15,0
1786866267.8041153,-0.15,0
1786866267.8259928,-0.15,0
1786866267.8463738,-0.15,0
1786866267.8639967,-0.15,0
1786866267.882531,-0.15,0
1786866267.9031231,-0.15,0
1786866267.9230115,-0.15,0
1786866267.9461834,-0.15,0
1786866267.9658077,-0.16,0
1786866267.9889264,-0.16,0
1786866268.00746,-0.16,0
1786866268.0281932,-0.16,0
1786866268.0490165,-0.16,0
1786866268.0698292,-0.16,0
1786866268.0915654,-0.16,0
1786866268.1116865,-0.16,0
1786866268.132992,-0.16,0
1786866268.1529202,-0.16,0
1786866268.1738153,-0.16,0
1786866268.194022,-0.15,0
1786866268.2106419,-0.15,0
1786866268.2350535,-0.15,0
1786866268.2548468,-0.15,0
1786866268.2709496,-0.15,0
1786866268.2946765,-0.15,0
1786866268.3127236,-0.15,0
1786866268.3366742,-0.16,0
1786866268.3582015,-0.16,0
1786866268.3780332,-0.16,0
1786866268.3994076,-0.16,0
1786866268.4162707,-0.16,0
1786866268.4376147,-0.16,0
1786866268.4605312,-0.17,0
1786866268.4793277,-0.17,0
1786866268.4996376,-0.17,0
1786866268.5209928,-0.17,0
1786866268.5427594,-0.17,0
1786866268.5626414,-0.17,0
1786866268.5834558,-0.17,0
1786866268.603755,-0.17,0
1786866268.6238415,-0.16,0
1786866268.644662,-0.17,0
1786866268.6653244,-0.17,0
1786866268.6862197,-0.16,0
1786866268.701492,-0.16,0
1786866268.7250059,-0.17,0
1786866268.747347,-0.16,0
1786866268.7668664,-0.16,0
1786866268.7847283,-0.16,0
1786866268.8087602,-0.16,0
1786866268.829369,-0.16,0
1786866268.8493886,-0.16,0
1786866268.868106,-0.17,0
1786866268.8905787,-0.17,0
1786866268.9112837,-0.17,0
1786866268.930652,-0.17,0
1786866268.9511204,-0.17,0
1786866268.972489,-0.17,0
1786866268.9933279,-0.17,0
1786866269.0127745,-0.17,0
1786866269.034311,-0.17,0
1786866269.054425,-0.17,0
1786866269.0747852,-0.17,0
1786866269.0961342,-0.17,0
1786866269.111779,-0.18,0
1786866269.1321445,-0.18,0
1786866269.153206,-0.18,0
1786866269.1748528,-0.18,0
1786866269.1954222,-0.17,0
1786866269.2144375,-0.17,0
1786866269.2360947,-0.17,0
1786866269.2590344,-0.17,0
1786866269.2799623,-0.17,0
1786866269.29875,-0.17,0
1786866269.3194916,-0.18,0
1786866269.339926,-0.17,0
1786866269.3610826,-0.18,0
1786866269.3823452,-0.18,0
1786866269.403095,-0.18,0
1786866269.422941,-0.18,0
1786866269.4431267,-0.18,0
1786866269.464431,-0.18,0
1786866269.4847465,-0.18,0
1786866269.5055897,-0.18,0
1786866269.5260022,-0.18,0
1786866269.5426676,-0.18,0
1786866269.5616302,-0.17,0
1786866269.5869234,-0.18,0
1786866269.6048822,-0.17,0
1786866269.6270971,-0.17,0
1786866269.6454804,-0.17,0
1786866269.6668582,-0.17,0
1786866269.68936,-0.17,0
1786866269.7080827,-0.17,0
1786866269.7291253,-0.17,0
1786866269.750029,-0.17,0
1786866269.763786,-0.18,0
1786866269.7915246,-0.18,0
1786866269.8111105,-0.18,0
1786866269.8330896,-0.18,0
1786866269.8527408,-0.18,0
1786866269.8736029,-0.18,0
1786866269.8944724,-0.18,0
1786866269.9127734,-0.18,0
1786866269.9314675,-0.18,0
1786866269.951712,-0.18,0
1786866269.9716432,-0.18,0
1786866269.9927516,-0.18,0
1786866270.0158765,-0.18,0
1786866270.0379777,-0.18,0
1786866270.0582788,-0.18,0
1786866270.0763192,-0.18,0
1786866270.0993643,-0.18,0
1786866270.11971,-0.18,0
1786866270.138865,-0.17,0
1786866270.1595438,-0.18,0
1786866270.1806366,-0.18,0
1786866270.2010899,-0.18,0
1786866270.2221704,-0.18,0
1786866270.2422593,-0.17,0
1786866270.2628312,-0.17,0
1786866270.2819986,-0.17,0
1786866270.3041425,-0.17,0
1786866270.3221154,-0.17,0
1786866270.3404632,-0.17,0
1786866270.3639596,-0.17,0
1786866270.3823133,-0.18,0
1786866270.4050043,-0.18,0
1786866270.4233623,-0.17,0
1786866270.4470766,-0.17,0
1786866270.464988,-0.18,0
1786866270.4850118,-0.17,0
1786866270.5066857,-0.17,0
1786866270.5296311,-0.17,0
1786866270.5482008,-0.17,0
1786866270.5679388,-0.17,0
1786866270.5903325,-0.17,0
1786866270.6103983,-0.17,0
1786866270.6316476,-0.17,0
1786866270.6518607,-0.17,0
1786866270.6729217,-0.17,0
1786866270.6928308,-0.16,0
1786866270.7102718,-0.16,0
1786866270.7289205,-0.16,0
1786866270.749759,-0.16,0
1786866270.773478,-0.16,0
1786866270.793325,-0.16,0
1786866270.8160284,-0.16,0
1786866270.8351936,-0.16,0
1786866270.8538113,-0.16,0
1786866270.8767633,-0.17,0
1786866270.8982263,-0.16,0
1786866270.915783,-0.16,0
1786866270.9371634,-0.16,0
1786866270.9594183,-0.17,0
1786866270.979193,-0.17,0
1786866271.0004334,-0.17,0
1786866271.0204513,-0.17,0
1786866271.0409367,-0.17,0
1786866271.0622623,-0.17,0
1786866271.0816112,-0.17,0
1786866271.1024716,-0.17,0
1786866271.1233654,-0.17,0
1786866271.144152,-0.17,0
1786866271.1593585,-0.17,0
1786866271.1848757,-0.17,0
1786866271.1999412,-0.17,0
1786866271.2244196,-0.17,0
1786866271.2451022,-0.17,0
1786866271.2637992,-0.17,0
1786866271.284064,-0.17,0
1786866271.3053532,-0.17,0
1786866271.3262434,-0.17,0
1786866271.34865,-0.17,0
1786866271.3675742,-0.17,0
1786866271.389312,-0.17,0
1786866271.4095948,-0.17,0
1786866271.4295611,-0.17,0
1786866271.4509556,-0.17,0
1786866271.471529,-0.17,0
1786866271.491346,-0.17,0
1786866271.5121813,-0.17,0
1786866271.529514,-0.17,0
1786866271.553032,-0.17,0
1786866271.5710132,-0.17,0
1786866271.5913904,-0.17,0
1786866271.6124976,-0.17,0
1786866271.6353748,-0.17,0
1786866271.6557784,-0.16,0
1786866271.6656482,-0.17,0
1786866271.6949003,-0.17,0
1786866271.714236,-0.17,0
1786866271.7380166,-0.17,0
1786866271.7553349,-0.17,0
1786866271.7779074,-0.17,0
1786866271.7993982,-0.17,0
1786866271.8177814,-0.16,0
1786866271.8402536,-0.16,0
1786866271.860869,-0.16,0
1786866271.8812027,-0.16,0
1786866271.9011407,-0.16,0
1786866271.922428,-0.16,0
1786866271.9428096,-0.16,0
1786866271.9635189,-0.16,0
1786866271.9788435,-0.16,0
1786866271.999638,-0.16,0
1786866272.0205,-0.16,0
1786866272.040804,-0.16,0
1786866272.0656347,-0.16,0
1786866272.085792,-0.16,0
1786866272.103807,-0.16,0
1786866272.1268315,-0.16,0
1786866272.147649,-0.17,0
1786866272.1649947,-0.17,0
1786866272.187087,-0.17,0
1786866272.2090368,-0.17,0
1786866272.2289073,-0.17,0
1786866272.2494988,-0.17,0
1786866272.2693322,-0.17,0
1786866272.2909987,-0.17,0
1786866272.310685,-0.16,0
1786866272.33116,-0.17,0
1786866272.3523853,-0.17,0
1786866272.3731236,-0.17,0
1786866272.3878295,-0.17,0
1786866272.4134717,-0.17,0
1786866272.4300997,-0.17,0
1786866272.4506578,-0.17,0
1786866272.4676225,-0.17,0
1786866272.4922006,-0.17,0
1786866272.5144367,-0.17,0
1786866272.5330677,-0.17,0
1786866272.554861,-0.17,0
1786866272.5752838,-0.17,0
1786866272.5975962,-0.17,0
1786866272.6171749,-0.17,0
1786866272.638677,-0.17,0
1786866272.6592803,-0.17,0
1786866272.6799295,-0.17,0
1786866272.7001388,-0.17,0
1786866272.7209642,-0.17,0
1786866272.7411005,-0.17,0
1786866272.7616782,-0.18,0
1786866272.7784948,-0.18,0
1786866272.800202,-0.17,0
1786866272.8211756,-0.17,0
1786866272.839501,-0.17,0
1786866272.856491,-0.17,0
1786866272.880881,-0.17,0
1786866272.901516,-0.17,0
1786866272.924458,-0.17,0
1786866272.943867,-0.17,0
1786866272.9649696,-0.17,0
1786866272.985575,-0.17,0
1786866273.006079,-0.17,0
1786866273.0267653,-0.17,0
1786866273.0479152,-0.17,0
1786866273.0689378,-0.18,0
1786866273.0885956,-0.18,0
1786866273.1092587,-0.18,0
1786866273.1305625,-0.18,0
1786866273.1476798,-0.18,0
1786866273.171687,-0.17,0
1786866273.1925533,-0.17,0
1786866273.2110903,-0.17,0
1786866273.2310414,-0.17,0
1786866273.2494226,-0.18,0
1786866273.2703137,-0.17,0
1786866273.2945528,-0.17,0
1786866273.3121607,-0.17,0
1786866273.3356066,-0.17,0
1786866273.3537574,-0.17,0
1786866273.374321,-0.17,0
1786866273.3967848,-0.17,0
1786866273.4162688,-0.17,0
1786866273.4368908,-0.17,0
1786866273.458268,-0.17,0
1786866273.478945,-0.17,0
1786866273.4994159,-0.17,0
1786866273.5197642,-0.17,0
1786866273.5404575,-0.17,0
1786866273.560003,-0.17,0
1786866273.5812883,-0.17,0
1786866273.601936,-0.17,0
1786866273.6215017,-0.17,0
1786866273.6383674,-0.17,0
1786866273.6592546,-0.17,0
1786866273.6828032,-0.18,0
1786866273.7005243,-0.18,0
1786866273.7211936,-0.18,0
1786866273.7422056,-0.18,0
1786866273.765727,-0.18,0
1786866273.7838564,-0.19,0
1786866273.8040688,-0.18,0
1786866273.8254733,-0.18,0
1786866273.8474183,-0.18,0
1786866273.8671873,-0.18,0
1786866273.8880434,-0.18,0
1786866273.9079082,-0.18,0
1786866273.9295824,-0.18,0
1786866273.9461014,-0.18,0
1786866273.9704106,-0.18,0
1786866273.9871938,-0.18,0
1786866274.0116682,-0.18,0
1786866274.027103,-0.18,0
1786866274.0476737,-0.18,0
1786866274.0706146,-0.18,0
1786866274.0893269,-0.18,0
1786866274.1134117,-0.18,0
1786866274.1308146,-0.18,0
1786866274.1539207,-0.17,0
1786866274.1726427,-0.17,0
1786866274.1958253,-0.17,0
1786866274.2144444,-0.17,0
1786866274.235321,-0.17,0
1786866274.2570486,-0.17,0
1786866274.2767518,-0.17,0
1786866274.2970195,-0.17,0
1786866274.318484,-0.17,0
1786866274.3389895,-0.18,0
1786866274.3580084,-0.18,0
1786866274.3796794,-0.18,0
1786866274.3969092,-0.18,0
1786866274.418475,-0.17,0
1786866274.436678,-0.17,0
1786866274.4601636,-0.17,0
1786866274.4801629,-0.17,0
1786866274.4988773,-0.17,0
1786866274.519198,-0.17,0
1786866274.5405452,-0.17,0
1786866274.5605402,-0.17,0
1786866274.5822608,-0.17,0
1786866274.6051915,-0.18,0
1786866274.6238832,-0.18,0
1786866274.6464314,-0.18,0
1786866274.6655872,-0.18,0
1786866274.6872559,-0.18,0
1786866274.7076547,-0.18,0
1786866274.7280984,-0.18,0
1786866274.748478,-0.18,0
1786866274.7656496,-0.18,0
1786866274.7895815,-0.18,0
1786866274.810167,-0.19,0
1786866274.830261,-0.19,0
1786866274.8460598,-0.19,0
1786866274.866913,-0.19,0
1786866274.8905163,-0.19,0
1786866274.908555,-0.19,0
1786866274.9321918,-0.19,0
1786866274.9533467,-0.19,0
1786866274.9714386,-0.19,0
1786866274.9933777,-0.19,0
1786866275.013355,-0.19,0
1786866275.033428,-0.19,0
1786866275.0531995,-0.19,0
1786866275.0763195,-0.19,0
1786866275.096918,-0.19,0
1786866275.1174707,-0.20,0
1786866275.1378176,-0.20,0
1786866275.15822,-0.20,0
1786866275.175288,-0.20,0
1786866275.198947,-0.20,0
1786866275.2169034,-0.20,0
1786866275.240098,-0.20,0
1786866275.2577796,-0.20,0
1786866275.2765002,-0.20,0
1786866275.3003275,-0.20,0
1786866275.3186076,-0.20,0
1786866275.3425782,-0.19,0
1786866275.3598247,-0.19,0
1786866275.3809674,-0.20,0
1786866275.4014602,-0.19,0
1786866275.4242785,-0.20,0
1786866275.4432385,-0.20,0
1786866275.465631,-0.20,0
1786866275.4859693,-0.21,0
1786866275.5057466,-0.20,0
1786866275.5263906,-0.20,0
1786866275.547523,-0.20,0
1786866275.563025,-0.20,0
1786866275.587989,-0.20,0
1786866275.6086922,-0.20,0
1786866275.62867,-0.20,0
1786866275.6464655,-0.20,0
1786866275.6703575,-0.20,0
1786866275.6855352,-0.20,0
1786866275.7072232,-0.20,0
1786866275.730449,-0.20,0
1786866275.7496512,-0.20,0
1786866275.7725701,-0.20,0
1786866275.790558,-0.19,0
1786866275.8137608,-0.20,0
1786866275.8334012,-0.20,0
1786866275.8532858,-0.20,0
1786866275.8738406,-0.19,0
1786866275.8958552,-0.19,0
1786866275.9158428,-0.19,0
1786866275.9365876,-0.19,0
1786866275.9568222,-0.19,0
1786866275.9767263,-0.19,0
1786866275.9979677,-0.19,0
1786866276.0155952,-0.18,0
1786866276.039112,-0.18,0
1786866276.0595977,-0.19,0
1786866276.0753176,-0.18,0
1786866276.0958674,-0.18,0
1786866276.1201725,-0.18,0
1786866276.1375587,-0.18,0
1786866276.161186,-0.18,0
1786866276.1796257,-0.18,0
1786866276.2028484,-0.18,0
1786866276.2208405,-0.18,0
1786866276.243795,-0.18,0
1786866276.25448,-0.18,0
1786866276.284754,-0.18,0
1786866276.2906709,-0.18,0
1786866276.3249786,-0.18,0
1786866276.3462188,-0.18,0
1786866276.3666892,-0.18,0
1786866276.3862205,-0.18,0
1786866276.407878,-0.18,0
1786866276.4284885,-0.18,0
1786866276.446147,-0.18,0
1786866276.4641669,-0.18,0
1786866276.4869514,-0.18,0
1786866276.5064175,-0.18,0
1786866276.530657,-0.18,0
1786866276.5477452,-0.18,0
1786866276.5704916,-0.18,0
1786866276.5913482,-0.18,0
1786866276.6096373,-0.18,0
1786866276.6325376,-0.18,0
1786866276.6512983,-0.18,0
1786866276.6733916,-0.18,0
1786866276.6929996,-0.18,0
1786866276.712901,-0.18,0
1786866276.7345572,-0.18,0
1786866276.7549698,-0.18,0
1786866276.7763708,-0.18,0
1786866276.7967956,-0.18,0
1786866276.817496,-0.18,0
1786866276.8355107,-0.18,0
1786866276.8555722,-0.18,0
1786866276.8738618,-0.18,0
1786866276.8965096,-0.18,0
1786866276.9196062,-0.19,0
1786866276.936092,-0.18,0
1786866276.9568412,-0.19,0
1786866276.9806993,-0.18,0
1786866276.9987783,-0.18,0
1786866277.0217178,-0.18,0
1786866277.0427346,-0.18,0
1786866277.060459,-0.19,0
1786866277.0818272,-0.19,0
1786866277.1041162,-0.18,0
1786866277.1236246,-0.18,0
1786866277.1449163,-0.18,0
1786866277.1651373,-0.18,0
1786866277.1855907,-0.18,0
1786866277.2067645,-0.18,0
1786866277.2269115,-0.18,0
1786866277.247428,-0.19,0
1786866277.2644107,-0.19,0
1786866277.2831244,-0.19,0
1786866277.3086154,-0.19,0
1786866277.3255084,-0.19,0
1786866277.3451436,-0.19,0
1786866277.3679633,-0.19,0
1786866277.3877425,-0.19,0
1786866277.4081774,-0.19,0
1786866277.4290555,-0.19,0
1786866277.4499586,-0.19,0
1786866277.4718108,-0.19,0
1786866277.4918947,-0.19,0
1786866277.5124838,-0.19,0
1786866277.5330715,-0.19,0
1786866277.5534344,-0.19,0
1786866277.5748208,-0.19,0
1786866277.5958135,-0.20,0
1786866277.6162152,-0.20,0
1786866277.6366067,-0.19,0
1786866277.65679,-0.19,0
1786866277.6776447,-0.20,0
1786866277.6928625,-0.19,0
1786866277.7135537,-0.20,0
1786866277.7381103,-0.20,0
1786866277.7552183,-0.20,0
1786866277.7802086,-0.20,0
1786866277.7969806,-0.20,0
1786866277.820913,-0.20,0
1786866277.838592,-0.20,0
1786866277.8616028,-0.20,0
1786866277.8809884,-0.20,0
1786866277.9002852,-0.20,0
1786866277.921399,-0.21,0
1786866277.9427848,-0.21,0
1786866277.9630907,-0.20,0
1786866277.9848979,-0.21,0
1786866278.0055006,-0.20,0
1786866278.0247688,-0.20,0
1786866278.0460317,-0.20,0
1786866278.0629513,-0.20,0
1786866278.0872664,-0.20,0
1786866278.1044464,-0.20,0
1786866278.1231053,-0.20,0
1786866278.1470041,-0.20,0
1786866278.1648505,-0.20,0
1786866278.1895049,-0.20,0
1786866278.2095737,-0.20,0
1786866278.230457,-0.20,0
1786866278.2483654,-0.20,0
1786866278.268845,-0.20,0
1786866278.2918148,-0.20,0
1786866278.3124757,-0.21,0
1786866278.3302815,-0.21,0
1786866278.3523765,-0.20,0
1786866278.3740683,-0.20,0
1786866278.3938537,-0.20,0
1786866278.414894,-0.20,0
1786866278.4344542,-0.20,0
1786866278.452624,-0.20,0
1786866278.4764574,-0.20,0
1786866278.496911,-0.20,0
1786866278.5170379,-0.20,0
1786866278.5356903,-0.20,0
1786866278.5535696,-0.21,0
1786866278.5768094,-0.21,0
1786866278.5958803,-0.20,0
1786866278.6189206,-0.20,0
1786866278.639638,-0.20,0
1786866278.6599596,-0.20,0
1786866278.6787264,-0.20,0
1786866278.7001834,-0.21,0
1786866278.7190983,-0.21,0
1786866278.7412474,-0.21,0
1786866278.7629943,-0.21,0
1786866278.7828887,-0.21,0
1786866278.803077,-0.21,0
1786866278.8245602,-0.21,0
1786866278.8440819,-0.21,0
1786866278.8623803,-0.21,0
1786866278.886137,-0.21,0
1786866278.9036798,-0.21,0
1786866278.9217353,-0.21,0
1786866278.9455059,-0.21,0
1786866278.9632702,-0.21,0
1786866278.9861977,-0.21,0
1786866279.004986,-0.22,0
1786866279.0286667,-0.21,0
1786866279.0473578,-0.22,0
1786866279.0671659,-0.22,0
1786866279.0907881,-0.22,0
1786866279.1093829,-0.22,0
1786866279.1317472,-0.22,0
1786866279.1509597,-0.22,0
1786866279.17082,-0.22,0
1786866279.1926584,-0.22,0
1786866279.212995,-0.22,0
1786866279.2343726,-0.22,0
1786866279.2546911,-0.22,0
1786866279.2746835,-0.22,0
1786866279.2955334,-0.22,0
1786866279.3130155,-0.22,0
1786866279.33173,-0.22,0
1786866279.3553278,-0.22,0
1786866279.3776035,-0.21,0
1786866279.3941112,-0.22,0
1786866279.4148843,-0.21,0
1786866279.438713,-0.21,0
1786866279.4569669,-0.21,0
1786866279.479558,-0.21,0
1786866279.4986396,-0.21,0
1786866279.5209107,-0.21,0
1786866279.5396202,-0.21,0
1786866279.5618303,-0.21,0
1786866279.5814197,-0.22,0
1786866279.602106,-0.21,0
1786866279.6226015,-0.21,0
1786866279.6438203,-0.21,0
1786866279.6633542,-0.21,0
1786866279.6850655,-0.22,0
1786866279.7054265,-0.21,0
1786866279.7257752,-0.21,0
1786866279.7424636,-0.22,0
1786866279.7655828,-0.22,0
1786866279.7853665,-0.22,0
1786866279.803444,-0.22,0
1786866279.8270578,-0.22,0
1786866279.8485346,-0.22,0
1786866279.8688257,-0.22,0
1786866279.8867974,-0.22,0
1786866279.9094627,-0.22,0
1786866279.93055,-0.22,0
1786866279.9494045,-0.22,0
1786866279.971511,-0.22,0
1786866279.9896767,-0.22,0
1786866280.0117836,-0.22,0
1786866280.0313551,-0.22,0
1786866280.0534518,-0.22,0
1786866280.0733771,-0.22,0
1786866280.0904171,-0.22,0
1786866280.1150875,-0.21,0
1786866280.131957,-0.21,0
1786866280.1506453,-0.22,0
1786866280.1736574,-0.22,0
1786866280.19226,-0.22,0
1786866280.2133112,-0.22,0
1786866280.2339349,-0.22,0
1786866280.2538676,-0.22,0
1786866280.2755432,-0.22,0
1786866280.2951837,-0.22,0
1786866280.317405,-0.22,0
1786866280.3403661,-0.22,0
1786866280.3589687,-0.22,0
1786866280.3809354,-0.22,0
1786866280.4016154,-0.22,0
1786866280.4214437,-0.22,0
1786866280.4412956,-0.22,0
1786866280.463432,-0.22,0
1786866280.4835064,-0.22,0
1786866280.500632,-0.22,0
1786866280.5241768,-0.22,0
1786866280.5451212,-0.22,0
1786866280.5608094,-0.22,0
1786866280.581242,-0.22,0
1786866280.6018462,-0.22,0
1786866280.6222332,-0.22,0
1786866280.6436527,-0.22,0
1786866280.6672344,-0.22,0
1786866280.6853132,-0.22,0
1786866280.7083082,-0.22,0
1786866280.7268956,-0.21,0
1786866280.7498157,-0.21,0
1786866280.7687538,-0.21,0
1786866280.7881153,-0.22,0
1786866280.811253,-0.21,0
1786866280.8311574,-0.22,0
1786866280.8510327,-0.22,0
1786866280.8726633,-0.22,0
1786866280.8926952,-0.22,0
1786866280.9103987,-0.22,0
1786866280.9339392,-0.22,0
1786866280.9517853,-0.22,0
1786866280.969884,-0.22,0
1786866280.9902365,-0.22,0
1786866281.011595,-0.22,0
1786866281.0366926,-0.22,0
1786866281.0536728,-0.22,0
1786866281.0734782,-0.22,0
1786866281.0964115,-0.22,0
1786866281.1159563,-0.22,0
1786866281.1364179,-0.22,0
1786866281.1561344,-0.21,0
1786866281.178689,-0.21,0
1786866281.198583,-0.21,0
1786866281.2201338,-0.22,0
1786866281.2408912,-0.21,0
1786866281.2614377,-0.21,0
1786866281.281952,-0.21,0
1786866281.3019235,-0.21,0
1786866281.3227684,-0.21,0
1786866281.342715,-0.21,0
1786866281.3644226,-0.21,0
1786866281.3844774,-0.21,0
1786866281.402501,-0.21,0
1786866281.421121,-0.21,0
1786866281.4421961,-0.20,0
1786866281.46481,-0.21,0
1786866281.4858208,-0.21,0
1786866281.5043383,-0.21,0
1786866281.5275986,-0.21,0
1786866281.5461454,-0.22,0
1786866281.5666978,-0.21,0
1786866281.5879135,-0.22,0
1786866281.6102633,-0.21,0
1786866281.6305242,-0.21,0
1786866281.6505437,-0.22,0
1786866281.6712282,-0.21,0
1786866281.690751,-0.21,0
1786866281.7115643,-0.21,0
1786866281.7331035,-0.22,0
1786866281.7518766,-0.22,0
1786866281.7740679,-0.22,0
1786866281.7924144,-0.22,0
1786866281.813299,-0.22,0
1786866281.8304985,-0.22,0
1786866281.854217,-0.22,0
1786866281.8762443,-0.22,0
1786866281.893243,-0.22,0
1786866281.914116,-0.22,0
1786866281.9351947,-0.22,0
1786866281.9560263,-0.22,0
1786866281.9787989,-0.23,0
1786866281.9974592,-0.23,0
1786866282.0174947,-0.22,0
1786866282.0392575,-0.22,0
1786866282.0600789,-0.23,0
1786866282.0799348,-0.23,0
1786866282.1015513,-0.23,0
1786866282.1219668,-0.23,0
1786866282.1394355,-0.23,0
1786866282.1632347,-0.23,0
1786866282.1836867,-0.23,0
1786866282.2029889,-0.23,0
1786866282.2245162,-0.23,0
1786866282.2403696,-0.23,0
1786866282.261988,-0.23,0
1786866282.282709,-0.23,0
1786866282.306565,-0.23,0
1786866282.3238888,-0.23,0
1786866282.346679,-0.23,0
1786866282.364179,-0.24,0
1786866282.3840466,-0.24,0
1786866282.4063878,-0.24,0
1786866282.4284234,-0.24,0
1786866282.448981,-0.24,0
1786866282.4628248,-0.24,0
1786866282.4905086,-0.24,0
1786866282.5100439,-0.24,0
1786866282.5306177,-0.24,0
1786866282.5516138,-0.24,0
1786866282.572316,-0.24,0
1786866282.5930207,-0.25,0
1786866282.6085067,-0.25,0
1786866282.6293192,-0.25,0
1786866282.6504078,-0.25,0
1786866282.6708279,-0.26,0
1786866282.6936839,-0.26,0
1786866282.713071,-0.25,0
1786866282.7335398,-0.25,0
1786866282.7564263,-0.26,0
1786866282.7753608,-0.26,0
1786866282.7979274,-0.26,0
1786866282.8156583,-0.26,0
1786866282.837873,-0.26,0
1786866282.8581634,-0.26,0
1786866282.8787053,-0.26,0
1786866282.9001298,-0.26,0
1786866282.919641,-0.26,0
1786866282.9400606,-0.26,0
1786866282.962053,-0.26,0
1786866282.9815028,-0.26,0
1786866282.997007,-0.26,0
1786866283.020131,-0.26,0
1786866283.043691,-0.26,0
1786866283.0626647,-0.26,0
1786866283.0813074,-0.26,0
1786866283.101474,-0.26,0
1786866283.125118,-0.26,0
1786866283.142967,-0.26,0
1786866283.1665883,-0.26,0
1786866283.1849344,-0.26,0
1786866283.2076912,-0.26,0
1786866283.2264788,-0.26,0
1786866283.2468493,-0.26,0
1786866283.268146,-0.26,0
1786866283.2884817,-0.26,0
1786866283.3097067,-0.26,0
1786866283.3292723,-0.26,0
1786866283.3512905,-0.26,0
1786866283.3716807,-0.26,0
1786866283.3889017,-0.26,0
1786866283.4126523,-0.26,0
1786866283.4272692,-0.26,0
1786866283.4485893,-0.26,0
1786866283.4694633,-0.26,0
1786866283.494295,-0.26,0
1786866283.5141616,-0.26,0
1786866283.5319028,-0.26,0
1786866283.555482,-0.26,0
1786866283.5763056,-0.26,0
1786866283.596429,-0.26,0
1786866283.6172671,-0.26,0
1786866283.634788,-0.26,0
1786866283.6582284,-0.26,0
1786866283.6779068,-0.26,0
1786866283.6985693,-0.26,0
1786866283.7197506,-0.27,0
1786866283.7364364,-0.27,0
1786866283.7608335,-0.27,0
1786866283.78058,-0.27,0
1786866283.8014443,-0.27,0
1786866283.818621,-0.27,0
1786866283.842226,-0.27,0
1786866283.8615813,-0.27,0
1786866283.879071,-0.27,0
1786866283.9026527,-0.28,0
1786866283.9244177,-0.28,0
1786866283.9445395,-0.28,0
1786866283.9654531,-0.28,0
1786866283.9834292,-0.28,0
1786866284.0063558,-0.28,0
1786866284.024783,-0.28,0
1786866284.0469935,-0.28,0
1786866284.0665169,-0.28,0
1786866284.0885394,-0.28,0
1786866284.1084604,-0.28,0
1786866284.129046,-0.28,0
1786866284.1498086,-0.28,0
1786866284.1634393,-0.28,0
1786866284.1904466,-0.28,0
1786866284.211069,-0.28,0
1786866284.2319243,-0.28,0
1786866284.252018,-0.28,0
1786866284.2707503,-0.28,0
1786866284.2932806,-0.28,0
1786866284.313202,-0.28,0
1786866284.3328936,-0.28,0
1786866284.351389,-0.27,0
1786866284.3753471,-0.28,0
1786866284.3921134,-0.28,0
1786866284.4159393,-0.28,0
1786866284.434571,-0.28,0
1786866284.4548917,-0.28,0
1786866284.4761186,-0.28,0
1786866284.4975655,-0.28,0
1786866284.5176158,-0.28,0
1786866284.5389397,-0.28,0
1786866284.559083,-0.27,0
1786866284.5755148,-0.28,0
1786866284.5998814,-0.27,0
1786866284.6176772,-0.28,0
1786866284.6357498,-0.28,0
1786866284.6567388,-0.28,0
1786866284.6774344,-0.28,0
1786866284.6978939,-0.28,0
1786866284.7192469,-0.28,0
1786866284.7433224,-0.28,0
1786866284.7641804,-0.28,0
1786866284.7839816,-0.28,0
1786866284.802474,-0.27,0
1786866284.8254745,-0.28,0
1786866284.8445694,-0.28,0
1786866284.8665311,-0.28,0
1786866284.8871388,-0.28,0
1786866284.9053793,-0.28,0
1786866284.9274595,-0.28,0
1786866284.9489715,-0.27,0
1786866284.9692144,-0.28,0
1786866284.989648,-0.28,0
1786866285.0095065,-0.28,0
1786866285.0303426,-0.28,0
1786866285.0475767,-0.27,0
1786866285.071482,-0.27,0
1786866285.0922465,-0.27,0
1786866285.1109388,-0.27,0
1786866285.1288097,-0.27,0
1786866285.1525903,-0.27,0
1786866285.1738086,-0.27,0
1786866285.1941385,-0.27,0
1786866285.21264,-0.27,0
1786866285.234943,-0.27,0
1786866285.2536979,-0.27,0
1786866285.2743638,-0.27,0
1786866285.2953677,-0.27,0
1786866285.3157501,-0.27,0
1786866285.3371093,-0.27,0
1786866285.3570282,-0.27,0
1786866285.3787553,-0.28,0
1786866285.3983383,-0.27,0
1786866285.4164588,-0.27,0
1786866285.4400187,-0.27,0
1786866285.4585395,-0.27,0
1786866285.4748452,-0.27,0
1786866285.4987705,-0.28,0
1786866285.51765,-0.28,0
1786866285.541276,-0.28,0
1786866285.5593,-0.28,0
1786866285.5835328,-0.27,0
1786866285.6039317,-0.28,0
1786866285.6239882,-0.27,0
1786866285.643073,-0.27,0
1786866285.6654027,-0.28,0
1786866285.685654,-0.28,0
1786866285.7042055,-0.27,0
1786866285.726041,-0.28,0
1786866285.746458,-0.28,0
1786866285.767811,-0.28,0
1786866285.7881098,-0.28,0
1786866285.8052087,-0.28,0
1786866285.8292184,-0.28,0
1786866285.8498316,-0.28,0
1786866285.8639548,-0.28,0
1786866285.887931,-0.28,0
1786866285.9064872,-0.28,0
1786866285.9305038,-0.28,0
1786866285.9484875,-0.28,0
1786866285.9719439,-0.28,0
1786866285.9899356,-0.28,0
1786866286.0129118,-0.28,0
1786866286.0305827,-0.28,0
1786866286.0546103,-0.28,0
1786866286.0732324,-0.28,0
1786866286.0956395,-0.28,0
1786866286.113916,-0.27,0
1786866286.1357071,-0.27,0
1786866286.1571279,-0.27,0
1786866286.1775143,-0.27,0
1786866286.197809,-0.27,0
1786866286.2153752,-0.27,0
1786866286.2385669,-0.27,0
1786866286.2562885,-0.28,0
1786866286.278621,-0.28,0
1786866286.2986634,-0.27,0
1786866286.3151946,-0.27,0
1786866286.3398066,-0.27,0
1786866286.3577142,-0.27,0
1786866286.3820581,-0.28,0
1786866286.4001522,-0.28,0
1786866286.421663,-0.28,0
1786866286.4412684,-0.28,0
1786866286.4605396,-0.28,0
1786866286.4835317,-0.28,0
1786866286.505278,-0.28,0
1786866286.525625,-0.28,0
1786866286.5452251,-0.28,0
1786866286.5653803,-0.28,0
1786866286.5868406,-0.28,0
1786866286.6069875,-0.28,0
1786866286.6281261,-0.28,0
1786866286.6488092,-0.28,0
1786866286.6688983,-0.28,0
1786866286.689788,-0.28,0
1786866286.7097425,-0.28,0
1786866286.7257044,-0.28,0
1786866286.74673,-0.27,0
1786866286.7670882,-0.28,0
1786866286.7911894,-0.28,0
1786866286.8089442,-0.28,0
1786866286.8295722,-0.28,0
1786866286.8505828,-0.28,0
1786866286.8710332,-0.28,0
1786866286.8923314,-0.28,0
1786866286.912269,-0.28,0
1786866286.9328847,-0.28,0
1786866286.9547992,-0.28,0
1786866286.9749827,-0.28,0
1786866286.9967024,-0.27,0
1786866287.0172396,-0.27,0
1786866287.0381262,-0.28,0
1786866287.0574694,-0.28,0
1786866287.0784895,-0.28,0
1786866287.0970352,-0.28,0
1786866287.1197143,-0.28,0
1786866287.138226,-0.28,0
1786866287.1560845,-0.27,0
1786866287.1797166,-0.27,0
1786866287.1987815,-0.28,0
1786866287.2209315,-0.28,0
1786866287.243221,-0.27,0
1786866287.2606812,-0.28,0
1786866287.2836225,-0.27,0
1786866287.3029642,-0.27,0
1786866287.3215597,-0.27,0
1786866287.3443005,-0.27,0
1786866287.3656433,-0.27,0
1786866287.3855379,-0.27,0
1786866287.3992317,-0.27,0
1786866287.4269974,-0.28,0
1786866287.4465764,-0.28,0
1786866287.4670846,-0.28,0
1786866287.4881892,-0.28,0
1786866287.5091267,-0.27,0
1786866287.5295153,-0.27,0
1786866287.5452864,-0.27,0
1786866287.569983,-0.27,0
1786866287.5868914,-0.27,0
1786866287.6108027,-0.27,0
1786866287.628408,-0.27,0
1786866287.6490743,-0.27,0
1786866287.670121,-0.27,0
1786866287.6899602,-0.27,0
1786866287.7132745,-0.26,0
1786866287.734265,-0.26,0
1786866287.7532454,-0.26,0
1786866287.7749531,-0.26,0
1786866287.794997,-0.26,0
1786866287.8151915,-0.26,0
1786866287.8367505,-0.26,0
1786866287.8567915,-0.26,0
1786866287.8770041,-0.27,0
1786866287.8979208,-0.26,0
1786866287.918773,-0.26,0
1786866287.935348,-0.26,0
1786866287.9548542,-0.26,0
1786866287.9755008,-0.26,0
1786866287.997234,-0.26,0
1786866288.0171428,-0.26,0
1786866288.039994,-0.26,0
1786866288.0594368,-0.26,0
1786866288.079573,-0.26,0
1786866288.1017027,-0.26,0
1786866288.1214578,-0.26,0
1786866288.1409643,-0.26,0
1786866288.1616695,-0.26,0
1786866288.184372,-0.26,0
1786866288.205127,-0.26,0
1786866288.225326,-0.26,0
1786866288.2462833,-0.26,0
1786866288.26624,-0.26,0
1786866288.2863803,-0.27,0
1786866288.3045824,-0.26,0
1786866288.3284009,-0.27,0
1786866288.3443403,-0.27,0
1786866288.3666008,-0.27,0
1786866288.3850622,-0.27,0
1786866288.4087327,-0.28,0
1786866288.4268181,-0.28,0
1786866288.4506965,-0.28,0
1786866288.47148,-0.28,0
1786866288.4894104,-0.28,0
1786866288.5101247,-0.28,0
1786866288.5329401,-0.27,0
1786866288.5525255,-0.27,0
1786866288.5741427,-0.28,0
1786866288.5934107,-0.28,0
1786866288.6073065,-0.28,0
1786866288.6353266,-0.28,0
1786866288.6558201,-0.28,0
1786866288.676515,-0.28,0
1786866288.6930594,-0.28,0
1786866288.717119,-0.28,0
1786866288.7379522,-0.28,0
1786866288.7558234,-0.28,0
1786866288.7738502,-0.28,0
1786866288.7985132,-0.28,0
1786866288.8154194,-0.28,0
1786866288.837601,-0.28,0
1786866288.8596644,-0.28,0
1786866288.8808084,-0.28,0
1786866288.898688,-0.28,0
1786866288.9191504,-0.28,0
1786866288.940486,-0.27,0
1786866288.9628468,-0.27,0
1786866288.9831133,-0.27,0
1786866289.0039005,-0.27,0
1786866289.0244768,-0.27,0
1786866289.0449831,-0.27,0
1786866289.065178,-0.27,0
1786866289.0821295,-0.27,0
1786866289.1065881,-0.27,0
1786866289.1234035,-0.27,0
1786866289.1476574,-0.27,0
1786866289.1659853,-0.27,0
1786866289.1823947,-0.27,0
1786866289.2071126,-0.27,0
1786866289.2256854,-0.27,0
1786866289.2460058,-0.28,0
1786866289.2660272,-0.27,0
1786866289.2879448,-0.27,0
1786866289.3112266,-0.28,0
1786866289.331279,-0.28,0
1786866289.3503132,-0.28,0
1786866289.3705046,-0.29,0
1786866289.3918722,-0.29,0
1786866289.4138308,-0.29,0
1786866289.4336586,-0.29,0
1786866289.4539242,-0.29,0
1786866289.4751942,-0.29,0
1786866289.4950838,-0.29,0
1786866289.5126143,-0.29,0
1786866289.5364153,-0.29,0
1786866289.5569315,-0.29,0
1786866289.5723958,-0.29,0
1786866289.5959876,-0.29,0
1786866289.6140747,-0.29,0
1786866289.6369746,-0.29,0
1786866289.6561651,-0.29,0
1786866289.6785762,-0.29,0
1786866289.6987731,-0.29,0
1786866289.7209074,-0.28,0
1786866289.7388926,-0.29,0
1786866289.7593827,-0.29,0
1786866289.7806416,-0.29,0
1786866289.802678,-0.29,0
1786866289.8223538,-0.29,0
1786866289.843183,-0.29,0
1786866289.864253,-0.29,0
1786866289.8848627,-0.29,0
1786866289.9048498,-0.29,0
1786866289.9258475,-0.30,0
1786866289.9461477,-0.29,0
1786866289.9669085,-0.29,0
1786866289.9814734,-0.29,0
1786866290.002789,-0.30,0
1786866290.023149,-0.29,0
1786866290.0444198,-0.29,0
1786866290.0655305,-0.29,0
1786866290.0859942,-0.29,0
1786866290.1064723,-0.29,0
1786866290.1201031,-0.29,0
1786866290.147937,-0.30,0
1786866290.1687279,-0.30,0
1786866290.190335,-0.30,0
1786866290.2125628,-0.29,0
1786866290.2320051,-0.30,0
1786866290.245896,-0.30,0
1786866290.2736437,-0.30,0
1786866290.2931604,-0.30,0
1786866290.3130636,-0.30,0
1786866290.33488,-0.30,0
1786866290.3556871,-0.30,0
1786866290.3765175,-0.30,0
1786866290.3932054,-0.30,0
1786866290.416065,-0.30,0
1786866290.4348397,-0.30,0
1786866290.4543827,-0.30,0
1786866290.4753046,-0.30,0
1786866290.499181,-0.30,0
1786866290.5185182,-0.30,0
1786866290.537718,-0.30,0
1786866290.5582433,-0.30,0
1786866290.580335,-0.30,0
1786866290.6000023,-0.30,0
1786866290.6210434,-0.29,0
1786866290.6416898,-0.30,0
1786866290.661195,-0.30,0
1786866290.6832714,-0.30,0
1786866290.7036102,-0.30,0
1786866290.72035,-0.30,0
1786866290.7449338,-0.30,0
1786866290.76153,-0.30,0
1786866290.7861922,-0.30,0
1786866290.803809,-0.30,0
1786866290.8220215,-0.30,0
1786866290.845763,-0.30,0
1786866290.8677707,-0.30,0
1786866290.8873823,-0.30,0
1786866290.9052782,-0.30,0
1786866290.9262538,-0.30,0
1786866290.9462068,-0.30,0
1786866290.9679458,-0.30,0
1786866290.9907186,-0.29,0
1786866291.0112238,-0.29,0
1786866291.0291817,-0.29,0
1786866291.051115,-0.29,0
1786866291.0707672,-0.29,0
1786866291.0935113,-0.29,0
1786866291.1128962,-0.30,0
1786866291.1333473,-0.30,0
1786866291.1549091,-0.30,0
1786866291.17495,-0.30,0
1786866291.1956658,-0.30,0
1786866291.2136922,-0.30,0
1786866291.2365937,-0.30,0
1786866291.2573175,-0.30,0
1786866291.2735398,-0.29,0
1786866291.295388,-0.29,0
1786866291.3111265,-0.29,0
1786866291.3348944,-0.29,0
1786866291.3567224,-0.30,0
1786866291.3796842,-0.29,0
1786866291.398544,-0.29,0
1786866291.4211147,-0.29,0
1786866291.4388,-0.29,0
1786866291.4607837,-0.29,0
1786866291.4817402,-0.29,0
1786866291.5016942,-0.29,0
1786866291.523338,-0.29,0
1786866291.5437381,-0.29,0
1786866291.5608258,-0.29,0
1786866291.5849743,-0.29,0
1786866291.6023812,-0.29,0
1786866291.6217663,-0.29,0
1786866291.6435187,-0.28,0
1786866291.6661046,-0.28,0
1786866291.6860359,-0.28,0
1786866291.7058806,-0.28,0
1786866291.7247143,-0.29,0
1786866291.7482605,-0.29,0
1786866291.7671206,-0.29,0
1786866291.7868664,-0.29,0
1786866291.8094432,-0.29,0
1786866291.828944,-0.29,0
1786866291.8511596,-0.29,0
1786866291.8709974,-0.29,0
1786866291.8920183,-0.29,0
1786866291.91218,-0.29,0
1786866291.9329212,-0.29,0
1786866291.9533665,-0.29,0
1786866291.9734156,-0.29,0
1786866291.9943464,-0.29,0
1786866292.0118847,-0.29,0
1786866292.0290985,-0.29,0
1786866292.0556297,-0.29,0
1786866292.071863,-0.30,0
1786866292.0922189,-0.30,0
1786866292.1135302,-0.30,0
1786866292.1374774,-0.29,0
1786866292.1551893,-0.29,0
1786866292.1751895,-0.30,0
1786866292.1968238,-0.30,0
1786866292.2178829,-0.30,0
1786866292.240091,-0.30,0
1786866292.2595391,-0.30,0
1786866292.2790163,-0.30,0
1786866292.3010342,-0.30,0
1786866292.3205364,-0.30,0
1786866292.3414176,-0.30,0
1786866292.3622468,-0.30,0
1786866292.3825107,-0.30,0
1786866292.3991857,-0.30,0
1786866292.4240692,-0.30,0
1786866292.4443653,-0.30,0
1786866292.4608676,-0.30,0
1786866292.4844506,-0.30,0
1786866292.5025766,-0.30,0
1786866292.5231185,-0.30,0
1786866292.5431705,-0.30,0
1786866292.566354,-0.30,0
1786866292.5859497,-0.30,0
1786866292.6080427,-0.31,0
1786866292.62651,-0.31,0
1786866292.6500275,-0.31,0
1786866292.6690402,-0.31,0
1786866292.6890545,-0.31,0
1786866292.7106895,-0.31,0
1786866292.7311237,-0.31,0
1786866292.7523355,-0.31,0
1786866292.772726,-0.30,0
1786866292.792719,-0.30,0
1786866292.8139398,-0.31,0
1786866292.8344057,-0.30,0
1786866292.849494,-0.30,0
1786866292.8753662,-0.30,0
1786866292.891619,-0.30,0
1786866292.9133966,-0.30,0
1786866292.9328032,-0.30,0
1786866292.95381,-0.30,0
1786866292.977427,-0.30,0
1786866292.995481,-0.30,0
1786866293.0177972,-0.30,0
1786866293.0368972,-0.30,0
1786866293.0565476,-0.30,0
1786866293.0799007,-0.30,0
1786866293.0982144,-0.30,0
1786866293.1203988,-0.30,0
1786866293.140713,-0.30,0
1786866293.162032,-0.30,0
1786866293.181861,-0.30,0
1786866293.19926,-0.30,0
1786866293.2174063,-0.30,0
1786866293.2410922,-0.30,0
1786866293.2589834,-0.30,0
1786866293.280121,-0.29,0
1786866293.2996988,-0.29,0
1786866293.3243508,-0.29,0
1786866293.341366,-0.29,0
1786866293.366159,-0.29,0
1786866293.3840506,-0.29,0
1786866293.4044206,-0.30,0
1786866293.4257705,-0.30,0
1786866293.448692,-0.30,0
1786866293.4690707,-0.30,0
1786866293.4870234,-0.30,0
1786866293.5090756,-0.30,0
1786866293.530592,-0.30,0
1786866293.5511217,-0.30,0
1786866293.5702858,-0.30,0
1786866293.59116,-0.29,0
1786866293.6117277,-0.29,0
1786866293.6329215,-0.29,0
1786866293.6536725,-0.29,0
1786866293.6714041,-0.30,0
1786866293.6894498,-0.29,0
1786866293.7148416,-0.30,0
1786866293.7312305,-0.30,0
1786866293.7512484,-0.30,0
1786866293.7729404,-0.30,0
1786866293.7966957,-0.30,0
1786866293.8134913,-0.30,0
1786866293.8373451,-0.30,0
1786866293.856275,-0.30,0
1786866293.8787115,-0.30,0
1786866293.897744,-0.30,0
1786866293.9183328,-0.30,0
1786866293.9395735,-0.30,0
1786866293.9606102,-0.30,0
1786866293.981199,-0.30,0
1786866294.0008028,-0.30,0
1786866294.022056,-0.30,0
1786866294.0425227,-0.30,0
1786866294.063331,-0.30,0
1786866294.0830846,-0.30,0
1786866294.0993483,-0.31,0
1786866294.1244051,-0.30,0
1786866294.1448755,-0.30,0
1786866294.1624584,-0.30,0
1786866294.1817186,-0.30,0
1786866294.2034273,-0.30,0
1786866294.2263234,-0.30,0
1786866294.2454536,-0.30,0
1786866294.2654874,-0.30,0
1786866294.2865996,-0.30,0
1786866294.3062913,-0.30,0
1786866294.32828,-0.30,0
1786866294.348713,-0.30,0
1786866294.3700275,-0.30,0
1786866294.3896246,-0.31,0
1786866294.4111986,-0.31,0
1786866294.431667,-0.31,0
1786866294.448463,-0.31,0
1786866294.472088,-0.31,0
1786866294.48995,-0.31,0
1786866294.508864,-0.31,0
1786866294.5314763,-0.31,0
1786866294.5545237,-0.31,0
1786866294.574072,-0.31,0
1786866294.5922093,-0.31,0
1786866294.6130867,-0.30,0
1786866294.6358633,-0.30,0
1786866294.6551318,-0.30,0
1786866294.6775937,-0.30,0
1786866294.6952145,-0.30,0
1786866294.7177744,-0.30,0
1786866294.7388554,-0.30,0
1786866294.7586384,-0.30,0
1786866294.7790766,-0.31,0
1786866294.8005333,-0.31,0
1786866294.8201013,-0.32,0
1786866294.8381126,-0.32,0
1786866294.8588698,-0.32,0
1786866294.8826272,-0.32,0
1786866294.899548,-0.32,0
1786866294.9187267,-0.32,0
1786866294.9382458,-0.32,0
1786866294.9620914,-0.32,0
1786866294.9809842,-0.32,0
1786866295.0014343,-0.32,0
1786866295.0226738,-0.32,0
1786866295.0429785,-0.31,0
1786866295.0643263,-0.31,0
1786866295.0854652,-0.31,0
1786866295.1058352,-0.31,0
1786866295.1268342,-0.31,0
1786866295.1480834,-0.31,0
1786866295.167226,-0.31,0
1786866295.1892133,-0.31,0
1786866295.2095516,-0.31,0
1786866295.226063,-0.31,0
1786866295.2509737,-0.32,0
1786866295.2676857,-0.32,0
1786866295.2913773,-0.32,0
1786866295.3105032,-0.32,0
1786866295.3280125,-0.32,0
1786866295.3516922,-0.32,0
1786866295.369984,-0.32,0
1786866295.3934388,-0.32,0
1786866295.4115138,-0.32,0
1786866295.4350193,-0.32,0
1786866295.4537468,-0.32,0
1786866295.476064,-0.32,0
1786866295.4946413,-0.33,0
1786866295.5144176,-0.33,0
1786866295.5363772,-0.33,0
1786866295.5574358,-0.33,0
1786866295.5772865,-0.33,0
1786866295.599029,-0.33,0
1786866295.6197195,-0.33,0
1786866295.6394913,-0.34,0
1786866295.660787,-0.34,0
1786866295.6811106,-0.34,0
1786866295.7018964,-0.34,0
1786866295.7217696,-0.34,0
1786866295.7421129,-0.34,0
1786866295.7612882,-0.34,0
1786866295.7793775,-0.33,0
1786866295.8033595,-0.34,0
1786866295.8243937,-0.33,0
1786866295.8427594,-0.33,0
1786866295.865425,-0.33,0
1786866295.8861766,-0.33,0
1786866295.9033728,-0.33,0
1786866295.924062,-0.33,0
1786866295.94611,-0.33,0
1786866295.967811,-0.33,0
1786866295.9883945,-0.33,0
1786866296.0085921,-0.33,0
1786866296.0294387,-0.33,0
1786866296.0490263,-0.33,0
1786866296.0668085,-0.34,0
1786866296.0907357,-0.33,0
1786866296.1080022,-0.33,0
1786866296.1267514,-0.33,0
1786866296.1507242,-0.33,0
1786866296.1681325,-0.33,0
1786866296.1895487,-0.33,0
1786866296.2101376,-0.33,0
1786866296.2321942,-0.33,0
1786866296.25175,-0.33,0
1786866296.2724931,-0.33,0
1786866296.2946534,-0.33,0
1786866296.3139575,-0.33,0
1786866296.3350308,-0.33,0
1786866296.3560493,-0.33,0
1786866296.3767376,-0.33,0
1786866296.3974702,-0.33,0
1786866296.4113977,-0.33,0
1786866296.4376962,-0.33,0
1786866296.4586835,-0.33,0
1786866296.4798489,-0.33,0
1786866296.5003815,-0.34,0
1786866296.521142,-0.34,0
1786866296.539012,-0.34,0
1786866296.556295,-0.34,0
1786866296.5823185,-0.33,0
1786866296.6006835,-0.33,0
1786866296.6227803,-0.33,0
1786866296.6430516,-0.33,0
1786866296.6599076,-0.33,0
1786866296.6848514,-0.33,0
1786866296.7040012,-0.34,0
1786866296.7241046,-0.34,0
1786866296.7454672,-0.34,0
1786866296.7666645,-0.34,0
1786866296.7861853,-0.33,0
1786866296.8070836,-0.33,0
1786866296.8281472,-0.33,0
1786866296.848553,-0.33,0
1786866296.869126,-0.33,0
1786866296.8897078,-0.33,0
1786866296.9069924,-0.33,0
1786866296.9308267,-0.33,0
1786866296.9486406,-0.33,0
1786866296.967256,-0.33,0
1786866296.990173,-0.33,0
1786866297.0081265,-0.33,0
1786866297.031827,-0.33,0
1786866297.0533082,-0.33,0
1786866297.0736377,-0.33,0
1786866297.0921543,-0.33,0
1786866297.1125495,-0.33,0
1786866297.1329896,-0.33,0
1786866297.1542027,-0.33,0
1786866297.176519,-0.32,0
1786866297.1961603,-0.33,0
1786866297.2172484,-0.33,0
1786866297.2372954,-0.33,0
1786866297.2582676,-0.33,0
1786866297.2788749,-0.33,0
1786866297.2987611,-0.33,0
1786866297.3127673,-0.33,0
1786866297.3368974,-0.33,0
1786866297.356512,-0.33,0
1786866297.3781264,-0.33,0
1786866297.3971856,-0.33,0
1786866297.4141552,-0.33,0
1786866297.439128,-0.34,0
1786866297.4598398,-0.34,0
1786866297.4827497,-0.34,0
1786866297.5032504,-0.34,0
1786866297.5231636,-0.34,0
1786866297.5451288,-0.34,0
1786866297.564545,-0.34,0
1786866297.5842774,-0.34,0
1786866297.6056669,-0.34,0
1786866297.6251037,-0.34,0
1786866297.6452386,-0.34,0
1786866297.6667259,-0.34,0
1786866297.688334,-0.34,0
1786866297.7065084,-0.34,0
1786866297.7253957,-0.34,0
1786866297.7445643,-0.34,0
1786866297.7672842,-0.33,0
1786866297.7869189,-0.33,0
1786866297.8070793,-0.33,0
1786866297.82811,-0.33,0
1786866297.8501446,-0.33,0
1786866297.8694975,-0.33,0
1786866297.8916187,-0.33,0
1786866297.9112756,-0.33,0
1786866297.9337986,-0.33,0
1786866297.95256,-0.33,0
1786866297.9735322,-0.33,0
1786866297.9934611,-0.33,0
1786866298.014993,-0.33,0
1786866298.0360086,-0.33,0
1786866298.0562012,-0.33,0
1786866298.077538,-0.33,0
1786866298.0979252,-0.33,0
1786866298.1156101,-0.33,0
1786866298.1388724,-0.33,0
1786866298.1596684,-0.33,0
1786866298.1758292,-0.33,0
1786866298.1998029,-0.33,0
1786866298.2185392,-0.34,0
1786866298.237366,-0.34,0
1786866298.258986,-0.33,0
1786866298.280208,-0.33,0
1786866298.2994053,-0.33,0
1786866298.3227253,-0.34,0
1786866298.3414989,-0.34,0
1786866298.3642223,-0.34,0
1786866298.3820271,-0.34,0
1786866298.404008,-0.34,0
1786866298.4238975,-0.34,0
1786866298.4456186,-0.34,0
1786866298.4660676,-0.34,0
1786866298.4872901,-0.34,0
1786866298.5076456,-0.35,0
1786866298.5250256,-0.35,0
1786866298.548598,-0.35,0
1786866298.566736,-0.35,0
1786866298.5893986,-0.35,0
1786866298.6092587,-0.35,0
1786866298.626161,-0.35,0
1786866298.6502368,-0.35,0
1786866298.6690958,-0.35,0
1786866298.687947,-0.35,0
1786866298.711891,-0.35,0
1786866298.730384,-0.35,0
1786866298.7512693,-0.35,0
1786866298.7739182,-0.35,0
1786866298.7930958,-0.35,0
1786866298.8136947,-0.35,0
1786866298.8340216,-0.35,0
1786866298.8540633,-0.35,0
1786866298.8760448,-0.35,0
1786866298.8964875,-0.35,0
1786866298.9165351,-0.35,0
1786866298.93733,-0.35,0
1786866298.956911,-0.36,0
1786866298.9789562,-0.36,0
1786866298.9985378,-0.36,0
1786866299.0187402,-0.37,0
1786866299.0366387,-0.36,0
1786866299.0567183,-0.36,0
1786866299.0812743,-0.36,0
1786866299.0982635,-0.36,0
1786866299.1218493,-0.36,0
1786866299.1399295,-0.36,0
1786866299.1632514,-0.36,0
1786866299.180505,-0.36,0
1786866299.201532,-0.36,0
1786866299.222073,-0.36,0
1786866299.244152,-0.36,0
1786866299.265444,-0.36,0
1786866299.2860725,-0.36,0
1786866299.3065605,-0.36,0
1786866299.3261762,-0.36,0
1786866299.343004,-0.36,0
1786866299.3677917,-0.36,0
1786866299.3870018,-0.36,0
1786866299.4038386,-0.36,0
1786866299.4244294,-0.35,0
1786866299.4491594,-0.35,0
1786866299.4680793,-0.35,0
1786866299.4864063,-0.35,0
1786866299.5100436,-0.36,0
1786866299.5288303,-0.36,0
1786866299.5521636,-0.35,0
1786866299.570571,-0.36,0
1786866299.5900016,-0.36,0
1786866299.6129134,-0.36,0
1786866299.6324024,-0.36,0
1786866299.653745,-0.36,0
1786866299.6733239,-0.36,0
1786866299.695757,-0.36,0
1786866299.7149513,-0.36,0
1786866299.734302,-0.37,0
1786866299.7571409,-0.37,0
1786866299.7775683,-0.37,0
1786866299.7941666,-0.36,0
1786866299.813505,-0.37,0
1786866299.837018,-0.37,0
1786866299.8552065,-0.37,0
1786866299.8798425,-0.37,0
1786866299.8987293,-0.36,0
1786866299.9176416,-0.36,0
1786866299.9412537,-0.36,0
1786866299.9593105,-0.36,0
1786866299.9802134,-0.36,0
1786866300.000992,-0.36,0
1786866300.023295,-0.36,0
1786866300.0426702,-0.36,0
1786866300.0633945,-0.36,0
1786866300.0848897,-0.37,0
1786866300.1039271,-0.37,0
1786866300.1258883,-0.37,0
1786866300.1461463,-0.37,0
1786866300.1662545,-0.37,0
1786866300.187432,-0.37,0
1786866300.204093,-0.37,0
1786866300.2280047,-0.36,0
1786866300.244057,-0.36,0
1786866300.268964,-0.36,0
1786866300.2894442,-0.36,0
1786866300.3098288,-0.36,0
1786866300.3274221,-0.36,0
1786866300.3476973,-0.36,0
1786866300.3690164,-0.36,0
1786866300.391704,-0.36,0
1786866300.4110088,-0.36,0
1786866300.4310746,-0.36,0
1786866300.4524026,-0.36,0
1786866300.4740257,-0.36,0
1786866300.493118,-0.36,0
1786866300.5148478,-0.36,0
1786866300.5340006,-0.36,0
1786866300.555507,-0.36,0
1786866300.5760183,-0.36,0
1786866300.592646,-0.36,0
1786866300.6168702,-0.36,0
1786866300.6331353,-0.36,0
1786866300.65668,-0.36,0
1786866300.675092,-0.37,0
1786866300.6977108,-0.36,0
1786866300.7163136,-0.36,0
1786866300.7391963,-0.36,0
1786866300.7580323,-0.36,0
1786866300.7807462,-0.36,0
1786866300.7995043,-0.36,0
1786866300.8221529,-0.36,0
1786866300.8418553,-0.36,0
1786866300.86289,-0.36,0
1786866300.8828278,-0.36,0
1786866300.9030907,-0.36,0
1786866300.9245179,-0.36,0
1786866300.9438808,-0.36,0
1786866300.9654624,-0.36,0
1786866300.985534,-0.36,0
1786866301.006506,-0.36,0
1786866301.0271795,-0.35,0
1786866301.0422773,-0.36,0
1786866301.0625923,-0.36,0
1786866301.0855908,-0.36,0
1786866301.1048322,-0.36,0
1786866301.1255133,-0.36,0
1786866301.1491008,-0.36,0
1786866301.1687608,-0.36,0
1786866301.1883452,-0.36,0
1786866301.2105079,-0.36,0
1786866301.22984,-0.36,0
1786866301.250654,-0.35,0
1786866301.270256,-0.35,0
1786866301.2843661,-0.35,0
1786866301.3132126,-0.36,0
1786866301.3336885,-0.36,0
1786866301.354722,-0.36,0
1786866301.374369,-0.36,0
1786866301.3951342,-0.36,0
1786866301.4104447,-0.36,0
1786866301.4332461,-0.36,0
1786866301.4540133,-0.36,0
1786866301.472891,-0.36,0
1786866301.4978821,-0.36,0
1786866301.514685,-0.36,0
1786866301.5374434,-0.36,0
1786866301.5581224,-0.36,0
1786866301.5771325,-0.36,0
1786866301.6001513,-0.36,0
1786866301.6207912,-0.36,0
1786866301.6382067,-0.36,0
1786866301.6602764,-0.36,0
1786866301.679861,-0.36,0
1786866301.7017043,-0.36,0
1786866301.7232893,-0.36,0
1786866301.7430754,-0.36,0
1786866301.7602148,-0.36,0
1786866301.7849674,-0.36,0
1786866301.8022485,-0.36,0
1786866301.8257418,-0.36,0
1786866301.8438308,-0.36,0
1786866301.8650222,-0.36,0
1786866301.8827083,-0.36,0
1786866301.9035368,-0.36,0
1786866301.9241822,-0.36,0
1786866301.9484777,-0.36,0
1786866301.9683664,-0.36,0
1786866301.9866035,-0.36,0
1786866302.0098066,-0.36,0
1786866302.029923,-0.36,0
1786866302.0509698,-0.37,0
1786866302.0686774,-0.36,0
1786866302.0895946,-0.36,0
1786866302.1103132,-0.37,0
1786866302.1323855,-0.37,0
1786866302.1532137,-0.37,0
1786866302.173206,-0.37,0
1786866302.1907158,-0.37,0
1786866302.2144752,-0.37,0
1786866302.2321415,-0.37,0
1786866302.2502875,-0.37,0
1786866302.2739115,-0.37,0
1786866302.2966623,-0.37,0
1786866302.3150008,-0.37,0
1786866302.3341863,-0.37,0
1786866302.357314,-0.37,0
1786866302.375437,-0.36,0
1786866302.3954337,-0.36,0
1786866302.417129,-0.36,0
1786866302.43962,-0.36,0
1786866302.4576228,-0.36,0
1786866302.4782803,-0.36,0
1786866302.5004532,-0.36,0
1786866302.5143266,-0.36,0
1786866302.5420942,-0.36,0
1786866302.5629287,-0.36,0
1786866302.5824797,-0.36,0
1786866302.6036367,-0.36,0
1786866302.6221275,-0.36,0
1786866302.6396003,-0.36,0
1786866302.6657531,-0.36,0
1786866302.6809335,-0.36,0
1786866302.7065856,-0.36,0
1786866302.725564,-0.36,0
1786866302.7429733,-0.36,0
1786866302.7651036,-0.36,0
1786866302.7838147,-0.36,0
1786866302.8088505,-0.36,0
1786866302.8268914,-0.36,0
1786866302.846664,-0.36,0
1786866302.8699899,-0.36,0
1786866302.889362,-0.36,0
1786866302.9101524,-0.36,0
1786866302.9240236,-0.36,0
1786866302.951795,-0.36,0
1786866302.9712949,-0.36,0
1786866302.993304,-0.37,0
1786866303.012932,-0.36,0
1786866303.0337605,-0.37,0
1786866303.0546324,-0.37,0
1786866303.072666,-0.37,0
1786866303.09312,-0.37,0
1786866303.1118526,-0.37,0
1786866303.1351418,-0.37,0
1786866303.1569107,-0.37,0
1786866303.1762388,-0.37,0
1786866303.1945517,-0.37,0
1786866303.2149243,-0.37,0
1786866303.238855,-0.37,0
1786866303.2592688,-0.37,0
1786866303.2787364,-0.37,0
1786866303.3003623,-0.37,0
1786866303.3200212,-0.37,0
1786866303.3412719,-0.37,0
1786866303.3613303,-0.37,0
1786866303.3824341,-0.37,0
1786866303.4025364,-0.37,0
1786866303.419483,-0.37,0
1786866303.4437466,-0.36,0
1786866303.4613013,-0.36,0
1786866303.4782465,-0.36,0
1786866303.5031023,-0.37,0
1786866303.5210607,-0.37,0
1786866303.5446627,-0.37,0
1786866303.564353,-0.37,0
1786866303.5863714,-0.37,0
1786866303.6076221,-0.37,0
1786866303.6263525,-0.37,0
1786866303.6451268,-0.37,0
1786866303.666814,-0.37,0
1786866303.689795,-0.36,0
1786866303.709928,-0.37,0
1786866303.728074,-0.37,0
1786866303.7501307,-0.37,0
1786866303.770435,-0.37,0
1786866303.7918272,-0.37,0
1786866303.8117082,-0.37,0
1786866303.8292716,-0.37,0
1786866303.8534126,-0.37,0
1786866303.870082,-0.37,0
1786866303.8945272,-0.37,0
1786866303.9112759,-0.37,0
1786866303.9308894,-0.38,0
1786866303.9541614,-0.38,0
1786866303.9715204,-0.38,0
1786866303.993236,-0.38,0
1786866304.0137703,-0.38,0
1786866304.037468,-0.39,0
1786866304.056986,-0.38,0
1786866304.0759757,-0.38,0
1786866304.097294,-0.38,0
1786866304.1193979,-0.38,0
1786866304.140046,-0.38,0
1786866304.1597812,-0.38,0
1786866304.180915,-0.38,0
1786866304.20148,-0.38,0
1786866304.221811,-0.38,0
1786866304.2387385,-0.38,0
1786866304.2585251,-0.38,0
1786866304.2836092,-0.38,0
1786866304.3035808,-0.38,0
1786866304.3215392,-0.38,0
1786866304.343451,-0.38,0
1786866304.3650358,-0.38,0
1786866304.3846257,-0.38,0
1786866304.4039452,-0.38,0
1786866304.4263935,-0.38,0
1786866304.4444268,-0.38,0
1786866304.4674776,-0.38,0
1786866304.488199,-0.38,0
1786866304.5070472,-0.38,0
1786866304.5292742,-0.38,0
1786866304.547357,-0.38,0
1786866304.5692945,-0.38,0
1786866304.590262,-0.37,0
1786866304.6106994,-0.37,0
1786866304.631855,-0.37,0
1786866304.6515238,-0.37,0
1786866304.6695592,-0.37,0
1786866304.689298,-0.37,0
1786866304.7132585,-0.38,0
1786866304.7311976,-0.38,0
1786866304.7498608,-0.38,0
1786866304.7710764,-0.38,0
1786866304.7954657,-0.38,0
1786866304.812614,-0.38,0
1786866304.8355527,-0.38,0
1786866304.8542383,-0.38,0
1786866304.875935,-0.38,0
1786866304.8949444,-0.38,0
1786866304.9181235,-0.38,0
1786866304.9372315,-0.38,0
1786866304.9581969,-0.37,0
1786866304.979018,-0.38,0
1786866304.9999,-0.38,0
1786866305.0206304,-0.38,0
1786866305.0370958,-0.38,0
1786866305.061638,-0.38,0
1786866305.0816612,-0.37,0
1786866305.0988634,-0.38,0
1786866305.1194043,-0.38,0
1786866305.1408348,-0.37,0
1786866305.1596463,-0.37,0
1786866305.1805012,-0.37,0
1786866305.2051895,-0.37,0
1786866305.222524,-0.37,0
1786866305.2434998,-0.37,0
1786866305.2658532,-0.37,0
1786866305.2844758,-0.37,0
1786866305.3078206,-0.37,0
1786866305.326066,-0.37,0
1786866305.34857,-0.37,0
1786866305.3674748,-0.37,0
1786866305.3885667,-0.37,0
1786866305.4093676,-0.37,0
1786866305.4303374,-0.37,0
1786866305.4510126,-0.37,0
1786866305.4716763,-0.37,0
1786866305.4853952,-0.37,0
1786866305.5121274,-0.37,0
1786866305.5274422,-0.37,0
1786866305.553297,-0.37,0
1786866305.5729787,-0.37,0
1786866305.5918012,-0.36,0
1786866305.611502,-0.36,0
1786866305.632887,-0.36,0
1786866305.6526792,-0.36,0
1786866305.674892,-0.36,0
1786866305.6945853,-0.36,0
1786866305.7151036,-0.36,0
1786866305.737565,-0.37,0
1786866305.7578132,-0.37,0
1786866305.777201,-0.37,0
1786866305.7983332,-0.37,0
1786866305.819691,-0.37,0
1786866305.8399987,-0.37,0
1786866305.8595812,-0.37,0
1786866305.8805265,-0.37,0
1786866305.9015505,-0.37,0
1786866305.92258,-0.36,0
1786866305.9434068,-0.36,0
1786866305.9619503,-0.36,0
1786866305.97893,-0.36,0
1786866306.002757,-0.35,0
1786866306.0245469,-0.36,0
1786866306.0449362,-0.36,0
1786866306.0649476,-0.36,0
1786866306.085112,-0.36,0
1786866306.104897,-0.36,0
1786866306.127871,-0.36,0
1786866306.1475933,-0.36,0
1786866306.184352,-0.36,0
1786866306.1893518,-0.36,0
1786866306.20943,-0.35,0
1786866306.2287614,-0.35,0
1786866306.2499998,-0.35,0
1786866306.2700176,-0.35,0
1786866306.2906334,-0.35,0
1786866306.3116906,-0.35,0
1786866306.3312957,-0.35,0
1786866306.3523097,-0.36,0
1786866306.3722951,-0.36,0
1786866306.392863,-0.36,0
1786866306.4136612,-0.36,0
1786866306.4342191,-0.36,0
1786866306.4547858,-0.36,0
1786866306.4747791,-0.36,0
1786866306.4957988,-0.36,0
1786866306.5152338,-0.36,0
1786866306.5360806,-0.36,0
1786866306.5566478,-0.36,0
1786866306.5776842,-0.36,0
1786866306.5968096,-0.36,0
1786866306.6179523,-0.37,0
1786866306.638744,-0.37,0
1786866306.6587453,-0.36,0
1786866306.6797462,-0.36,0
1786866306.6997535,-0.37,0
1786866306.7203174,-0.37,0
1786866306.7415657,-0.37,0
1786866306.7615795,-0.36,0
1786866306.7780716,-0.36,0
1786866306.8017452,-0.37,0
1786866306.8233366,-0.36,0
1786866306.8431218,-0.36,0
1786866306.8643532,-0.37,0
1786866306.884934,-0.36,0
1786866306.9016504,-0.36,0
1786866306.9255912,-0.36,0
1786866306.945944,-0.36,0
1786866306.9664896,-0.36,0
1786866306.9859776,-0.36,0
1786866307.006442,-0.36,0
1786866307.0245397,-0.36,0
1786866307.0460913,-0.36,0
1786866307.0674026,-0.36,0
1786866307.0880759,-0.36,0
1786866307.1094506,-0.36,0
1786866307.1302552,-0.36,0
1786866307.1496823,-0.36,0
1786866307.1715698,-0.36,0
1786866307.1918216,-0.36,0
1786866307.2124422,-0.36,0
1786866307.2294497,-0.36,0
1786866307.25314,-0.36,0
1786866307.2713764,-0.36,0
1786866307.2913287,-0.36,0
1786866307.31361,-0.36,0
1786866307.3330438,-0.36,0
1786866307.355469,-0.36,0
1786866307.3763494,-0.36,0
1786866307.3956275,-0.36,0
1786866307.4157636,-0.36,0
1786866307.438105,-0.36,0
1786866307.4584303,-0.36,0
1786866307.4788368,-0.36,0
1786866307.4992175,-0.36,0
1786866307.5190194,-0.36,0
1786866307.5399704,-0.36,0
1786866307.560656,-0.37,0
1786866307.5773027,-0.37,0
1786866307.600781,-0.37,0
1786866307.6217964,-0.37,0
1786866307.6410203,-0.37,0
1786866307.6631048,-0.37,0
1786866307.6811426,-0.37,0
1786866307.7023976,-0.37,0
1786866307.7240949,-0.38,0
1786866307.744677,-0.38,0
1786866307.7637763,-0.38,0
1786866307.7862017,-0.38,0
1786866307.8053467,-0.38,0
1786866307.824483,-0.38,0
1786866307.847626,-0.38,0
1786866307.8674119,-0.38,0
1786866307.8871558,-0.38,0
1786866307.9091182,-0.38,0
1786866307.928612,-0.38,0
1786866307.9500105,-0.38,0
1786866307.9691825,-0.38,0
1786866307.9910815,-0.38,0
1786866308.0109222,-0.38,0
1786866308.0274293,-0.38,0
1786866308.0522811,-0.38,0
1786866308.0726812,-0.38,0
1786866308.0913064,-0.38,0
1786866308.1111603,-0.38,0
1786866308.1341643,-0.38,0
1786866308.152563,-0.38,0
1786866308.174298,-0.38,0
1786866308.1939292,-0.38,0
1786866308.2146173,-0.38,0
1786866308.2348874,-0.37,0
1786866308.2567263,-0.38,0
1786866308.2769403,-0.37,0
1786866308.2981887,-0.37,0
1786866308.3179467,-0.37,0
1786866308.3382726,-0.37,0
1786866308.3591797,-0.37,0
1786866308.3799052,-0.37,0
1786866308.3981059,-0.37,0
1786866308.4196887,-0.37,0
1786866308.4404807,-0.36,0
1786866308.4608402,-0.36,0
1786866308.4822786,-0.36,0
1786866308.5004432,-0.37,0
1786866308.520392,-0.37,0
1786866308.5408773,-0.37,0
1786866308.564156,-0.37,0
1786866308.584444,-0.37,0
1786866308.6045473,-0.37,0
1786866308.6252596,-0.36,0
1786866308.6460764,-0.37,0
1786866308.66662,-0.37,0
1786866308.6866531,-0.37,0
1786866308.7076976,-0.37,0
1786866308.728277,-0.37,0
1786866308.748166,-0.37,0
1786866308.7684054,-0.37,0
1786866308.789115,-0.38,0
1786866308.8095074,-0.38,0
1786866308.8301792,-0.37,0
1786866308.851035,-0.37,0
1786866308.870722,-0.37,0
1786866308.8920443,-0.37,0
1786866308.9116805,-0.37,0
1786866308.9288766,-0.37,0
1786866308.9527254,-0.37,0
1786866308.972884,-0.37,0
1786866308.992646,-0.37,0
1786866309.013689,-0.37,0
1786866309.034815,-0.37,0
1786866309.055006,-0.37,0
1786866309.0750642,-0.37,0
1786866309.0951936,-0.36,0
1786866309.1158772,-0.36,0
1786866309.1367648,-0.36,0
1786866309.1577766,-0.37,0
1786866309.1789367,-0.37,0
1786866309.1956859,-0.37,0
1786866309.2170427,-0.37,0
1786866309.2385333,-0.37,0
1786866309.2590134,-0.36,0
1786866309.2809982,-0.36,0
1786866309.300099,-0.36,0
1786866309.3213632,-0.36,0
1786866309.3423696,-0.36,0
1786866309.3619707,-0.36,0
1786866309.3810196,-0.36,0
1786866309.402091,-0.36,0
1786866309.4235651,-0.36,0
1786866309.444782,-0.36,0
1786866309.4655466,-0.36,0
1786866309.482673,-0.36,0
1786866309.5036287,-0.36,0
1786866309.5266857,-0.36,0
1786866309.5470467,-0.36,0
1786866309.5676997,-0.36,0
1786866309.584534,-0.36,0
1786866309.6074033,-0.36,0
1786866309.628339,-0.36,0
1786866309.649213,-0.37,0
1786866309.6669576,-0.36,0
1786866309.688311,-0.37,0
1786866309.7111125,-0.36,0
1786866309.7315328,-0.37,0
1786866309.7506125,-0.36,0
1786866309.7709982,-0.37,0
1786866309.7930584,-0.37,0
1786866309.8132024,-0.37,0
1786866309.8309784,-0.37,0
1786866309.8545651,-0.37,0
1786866309.8753316,-0.37,0
1786866309.8945603,-0.37,0
1786866309.9161344,-0.37,0
1786866309.9326088,-0.37,0
1786866309.956589,-0.37,0
1786866309.975235,-0.36,0
1786866309.9959934,-0.36,0
1786866310.0172505,-0.37,0
1786866310.0380867,-0.36,0
1786866310.0591238,-0.37,0
1786866310.0795732,-0.36,0
1786866310.1003997,-0.37,0
1786866310.1196046,-0.36,0
1786866310.1395776,-0.36,0
1786866310.1607087,-0.36,0
1786866310.1793737,-0.35,0
1786866310.2020087,-0.36,0
1786866310.2230203,-0.36,0
1786866310.2433054,-0.35,0
1786866310.2629476,-0.35,0
1786866310.284522,-0.35,0
1786866310.3052766,-0.35,0
1786866310.32567,-0.35,0
1786866310.3459651,-0.35,0
1786866310.3668587,-0.35,0
1786866310.3869789,-0.35,0
1786866310.4068031,-0.35,0
1786866310.4277608,-0.36,0
1786866310.4449651,-0.35,0
1786866310.468785,-0.35,0
1786866310.489674,-0.35,0
1786866310.5096247,-0.36,0
1786866310.5298605,-0.36,0
1786866310.5496204,-0.36,0
1786866310.56986,-0.36,0
1786866310.590464,-0.36,0
1786866310.6117473,-0.36,0
1786866310.6317337,-0.36,0
1786866310.653579,-0.36,0
1786866310.6722414,-0.36,0
1786866310.6923501,-0.36,0
1786866310.7129927,-0.36,0
1786866310.7343683,-0.36,0
1786866310.755252,-0.36,0
1786866310.775894,-0.36,0
1786866310.7966402,-0.36,0
1786866310.8144715,-0.36,0
1786866310.8344316,-0.36,0
1786866310.8558466,-0.36,0
1786866310.8763142,-0.36,0
1786866310.8976438,-0.36,0
1786866310.919072,-0.36,0
1786866310.9399328,-0.36,0
1786866310.9568417,-0.36,0
1786866310.9799235,-0.36,0
1786866311.0001504,-0.36,0
1786866311.0220652,-0.37,0
1786866311.0426059,-0.36,0
1786866311.0625148,-0.36,0
1786866311.0827694,-0.36,0
1786866311.1032841,-0.36,0
1786866311.1210093,-0.37,0
1786866311.1442437,-0.37,0
1786866311.166673,-0.37,0
1786866311.1850326,-0.37,0
1786866311.206584,-0.37,0
1786866311.2262306,-0.37,0
1786866311.2446597,-0.37,0
1786866311.2648287,-0.37,0
1786866311.2878404,-0.37,0
1786866311.308965,-0.36,0
1786866311.3280594,-0.36,0
1786866311.3488092,-0.36,0
1786866311.3697736,-0.36,0
1786866311.390955,-0.36,0
1786866311.4111788,-0.36,0
1786866311.431746,-0.36,0
1786866311.4518924,-0.36,0
1786866311.472363,-0.37,0
1786866311.4929044,-0.37,0
1786866311.5134766,-0.36,0
1786866311.5340555,-0.36,0
1786866311.5541122,-0.37,0
1786866311.575659,-0.37,0
1786866311.5951915,-0.36,0
1786866311.6162505,-0.36,0
1786866311.635954,-0.36,0
1786866311.6565034,-0.36,0
1786866311.6773329,-0.36,0
1786866311.6978593,-0.36,0
1786866311.717978,-0.37,0
1786866311.739056,-0.37,0
1786866311.7589502,-0.37,0
1786866311.7795682,-0.37,0
1786866311.8001046,-0.37,0
1786866311.8207045,-0.37,0
1786866311.8408809,-0.37,0
1786866311.8619208,-0.37,0
1786866311.8820252,-0.37,0
1786866311.903094,-0.38,0
1786866311.9231484,-0.38,0
1786866311.9438474,-0.38,0
1786866311.964606,-0.38,0
1786866311.984717,-0.38,0
1786866312.0052228,-0.38,0
1786866312.025745,-0.38,0
1786866312.045478,-0.38,0
1786866312.066626,-0.38,0
1786866312.0867507,-0.38,0
1786866312.107555,-0.38,0
1786866312.128166,-0.38,0
1786866312.1482184,-0.38,0
1786866312.1692164,-0.38,0
1786866312.1889606,-0.37,0
1786866312.2094975,-0.37,0
1786866312.2303512,-0.37,0
1786866312.250885,-0.37,0
1786866312.2718983,-0.37,0
1786866312.2914882,-0.37,0
1786866312.3120732,-0.37,0
1786866312.3331645,-0.37,0
1786866312.3534496,-0.37,0
1786866312.3739522,-0.37,0
1786866312.3940685,-0.37,0
1786866312.414834,-0.37,0
1786866312.435055,-0.38,0
1786866312.4557538,-0.37,0
1786866312.4757967,-0.37,0
1786866312.4953954,-0.37,0
1786866312.5172436,-0.37,0
1786866312.5364668,-0.37,0
1786866312.5584779,-0.37,0
1786866312.5784914,-0.37,0
1786866312.598538,-0.37,0
1786866312.6194582,-0.37,0
1786866312.63927,-0.37,0
1786866312.6603246,-0.37,0
1786866312.6803293,-0.37,0
1786866312.700612,-0.37,0
1786866312.7227976,-0.37,0
1786866312.7412782,-0.37,0
1786866312.7630966,-0.37,0
1786866312.7831585,-0.37,0
1786866312.802492,-0.37,0
1786866312.8246126,-0.37,0
1786866312.8452127,-0.37,0
1786866312.8659732,-0.38,0
1786866312.8860567,-0.38,0
1786866312.90623,-0.38,0
1786866312.9271266,-0.38,0
1786866312.9467638,-0.38,0
1786866312.9678462,-0.38,0
1786866312.9879591,-0.38,0
1786866313.0085232,-0.38,0
1786866313.0292702,-0.38,0
1786866313.0482802,-0.38,0
1786866313.070547,-0.38,0
1786866313.0907128,-0.38,0
1786866313.1113393,-0.38,0
1786866313.1309774,-0.37,0
1786866313.1518672,-0.37,0
1786866313.1719027,-0.37,0
1786866313.1930413,-0.37,0
1786866313.212637,-0.37,0
1786866313.2332902,-0.37,0
1786866313.2536423,-0.38,0
1786866313.2741349,-0.38,0
1786866313.2957191,-0.38,0
1786866313.3157942,-0.38,0
1786866313.3364115,-0.38,0
1786866313.3559735,-0.38,0
1786866313.3774981,-0.38,0
1786866313.3980489,-0.38,0
1786866313.4178543,-0.38,0
1786866313.4376087,-0.37,0
1786866313.4596245,-0.38,0
1786866313.4796336,-0.38,0
1786866313.5005517,-0.38,0
1786866313.520619,-0.38,0
1786866313.5409596,-0.38,0
1786866313.5609822,-0.38,0
1786866313.5825675,-0.38,0
1786866313.603019,-0.38,0
1786866313.6230772,-0.38,0
1786866313.6439936,-0.37,0
1786866313.6638677,-0.37,0
1786866313.6847944,-0.38,0
1786866313.7045171,-0.37,0
1786866313.7247477,-0.37,0
1786866313.7449028,-0.37,0
1786866313.7669787,-0.37,0
1786866313.7857802,-0.37,0
1786866313.8074017,-0.37,0
1786866313.827957,-0.37,0
1786866313.8471189,-0.37,0
1786866313.8692966,-0.38,0
1786866313.889597,-0.38,0
1786866313.9102693,-0.38,0
1786866313.9309266,-0.38,0
1786866313.9503572,-0.38,0
1786866313.9714088,-0.38,0
1786866313.9914677,-0.38,0
1786866314.0125196,-0.38,0
1786866314.0322857,-0.38,0
1786866314.0532997,-0.38,0
1786866314.0731506,-0.38,0
1786866314.0946794,-0.38,0
1786866314.1152434,-0.38,0
1786866314.135338,-0.38,0
1786866314.1555314,-0.38,0
1786866314.1757264,-0.38,0
1786866314.1969163,-0.38,0
1786866314.2165985,-0.38,0
1786866314.2374291,-0.38,0
1786866314.2580216,-0.38,0
1786866314.2780714,-0.37,0
1786866314.2984505,-0.38,0
1786866314.3196063,-0.38,0
1786866314.3402016,-0.38,0
1786866314.3608363,-0.38,0
1786866314.3808982,-0.38,0
1786866314.4007537,-0.38,0
1786866314.42125,-0.38,0
1786866314.442139,-0.38,0
1786866314.4628665,-0.38,0
1786866314.4833038,-0.39,0
1786866314.503517,-0.38,0
1786866314.5236483,-0.38,0
1786866314.544402,-0.38,0
1786866314.564209,-0.38,0
1786866314.5851657,-0.39,0
1786866314.6057436,-0.39,0
1786866314.6266625,-0.39,0
1786866314.6471915,-0.39,0
1786866314.668066,-0.39,0
1786866314.6885257,-0.39,0
1786866314.7085834,-0.39,0
1786866314.7287073,-0.39,0
1786866314.749633,-0.39,0
1786866314.7701395,-0.39,0
1786866314.7890499,-0.39,0
1786866314.8101795,-0.39,0
1786866314.8319058,-0.39,0
1786866314.8512459,-0.39,0
1786866314.8726256,-0.39,0
1786866314.8932388,-0.39,0
1786866314.9130728,-0.39,0
1786866314.9332452,-0.39,0
1786866314.954992,-0.39,0
1786866314.9746687,-0.39,0
1786866314.9947708,-0.39,0
1786866315.0160081,-0.39,0
1786866315.036405,-0.39,0
1786866315.0553954,-0.39,0
1786866315.0760403,-0.39,0
1786866315.0979247,-0.39,0
1786866315.1182773,-0.39,0
1786866315.1375194,-0.39,0
1786866315.1586206,-0.39,0
1786866315.1797445,-0.39,0
1786866315.200314,-0.39,0
1786866315.2207587,-0.39,0
1786866315.2407873,-0.39,0
1786866315.261702,-0.39,0
1786866315.2820382,-0.39,0
1786866315.3024564,-0.39,0
1786866315.3227072,-0.39,0
1786866315.3435273,-0.39,0
1786866315.3641112,-0.39,0
1786866315.382915,-0.39,0
1786866315.4048374,-0.39,0
1786866315.4256468,-0.39,0
1786866315.4454749,-0.38,0
1786866315.465113,-0.38,0
1786866315.4874537,-0.39,0
1786866315.5078528,-0.38,0
1786866315.5264595,-0.38,0
1786866315.5488179,-0.38,0
1786866315.5688384,-0.38,0
1786866315.5888908,-0.38,0
1786866315.6088815,-0.37,0
1786866315.6291907,-0.37,0
1786866315.6508029,-0.37,0
1786866315.670957,-0.38,0
1786866315.6910338,-0.38,0
1786866315.7115123,-0.38,0
1786866315.73128,-0.38,0
1786866315.7533011,-0.38,0
1786866315.7738423,-0.37,0
1786866315.7940342,-0.38,0
1786866315.8147533,-0.38,0
1786866315.8352697,-0.38,0
1786866315.8542132,-0.38,0
1786866315.8753626,-0.38,0
1786866315.8953445,-0.37,0
1786866315.916459,-0.37,0
1786866315.9371555,-0.37,0
1786866315.9581702,-0.37,0
1786866315.9784553,-0.37,0
1786866315.9979382,-0.37,0
1786866316.020033,-0.37,0
1786866316.0396442,-0.37,0
1786866316.0609026,-0.37,0
1786866316.0794828,-0.37,0
1786866316.1002595,-0.38,0
1786866316.12111,-0.38,0
1786866316.1417747,-0.37,0
1786866316.1626475,-0.38,0
1786866316.183415,-0.37,0
1786866316.2043257,-0.37,0
1786866316.2232308,-0.37,0
1786866316.2446742,-0.37,0
1786866316.2648544,-0.37,0
1786866316.285679,-0.38,0
1786866316.3053901,-0.37,0
1786866316.325945,-0.37,0
1786866316.3460915,-0.38,0
1786866316.3678546,-0.37,0
1786866316.3880203,-0.37,0
1786866316.4083612,-0.37,0
1786866316.4284525,-0.37,0
1786866316.4495766,-0.37,0
1786866316.4696224,-0.37,0
1786866316.4896123,-0.37,0
1786866316.509613,-0.37,0
1786866316.5316968,-0.38,0
1786866316.550558,-0.38,0
1786866316.572905,-0.38,0
1786866316.59332,-0.38,0
1786866316.6136835,-0.38,0
1786866316.6336038,-0.38,0
1786866316.6548493,-0.38,0
1786866316.6747506,-0.38,0
1786866316.6949353,-0.38,0
1786866316.715334,-0.38,0
1786866316.7358456,-0.38,0
1786866316.7566788,-0.38,0
1786866316.7766888,-0.38,0
1786866316.7977407,-0.38,0
1786866316.8183599,-0.38,0
1786866316.8389294,-0.38,0
1786866316.859511,-0.38,0
1786866316.8795376,-0.39,0
1786866316.9005194,-0.38,0
1786866316.9206297,-0.38,0
1786866316.940712,-0.38,0
1786866316.9612982,-0.38,0
1786866316.9818332,-0.39,0
1786866317.0028822,-0.39,0
1786866317.0234296,-0.39,0
1786866317.0440445,-0.38,0
1786866317.063438,-0.38,0
1786866317.084675,-0.38,0
1786866317.1049805,-0.38,0
1786866317.1256268,-0.38,0
1786866317.1462922,-0.38,0
1786866317.1659,-0.39,0
1786866317.1873076,-0.38,0
1786866317.2072322,-0.38,0
1786866317.2279696,-0.39,0
1786866317.2477555,-0.39,0
1786866317.268815,-0.39,0
1786866317.2895663,-0.38,0
1786866317.3096232,-0.38,0
1786866317.3296435,-0.38,0
1786866317.3507087,-0.38,0
1786866317.371218,-0.38,0
1786866317.3917627,-0.38,0
1786866317.412292,-0.38,0
1786866317.4326062,-0.37,0
1786866317.453363,-0.37,0
1786866317.4739866,-0.37,0
1786866317.4935105,-0.37,0
1786866317.5135174,-0.37,0
1786866317.5337522,-0.37,0
1786866317.5554245,-0.37,0
1786866317.5764046,-0.37,0
1786866317.5963924,-0.37,0
1786866317.616438,-0.37,0
1786866317.6366038,-0.37,0
1786866317.6570234,-0.37,0
1786866317.6772203,-0.37,0
1786866317.6990843,-0.37,0
1786866317.7182007,-0.37,0
1786866317.7385862,-0.37,0
1786866317.7605286,-0.37,0
1786866317.7802944,-0.38,0
1786866317.8003004,-0.37,0
1786866317.8203473,-0.38,0
1786866317.8424203,-0.38,0
1786866317.862489,-0.38,0
1786866317.8824427,-0.38,0
1786866317.9024456,-0.38,0
1786866317.9240587,-0.38,0
1786866317.9451566,-0.38,0
1786866317.9653893,-0.38,0
1786866317.9857135,-0.38,0
1786866318.0062323,-0.38,0
1786866318.026336,-0.38,0
1786866318.0466118,-0.38,0
1786866318.0675144,-0.38,0
1786866318.0878658,-0.38,0
1786866318.108478,-0.38,0
1786866318.1275625,-0.38,0
1786866318.1490264,-0.38,0
1786866318.1699622,-0.39,0
1786866318.190413,-0.39,0
1786866318.211537,-0.38,0
1786866318.2314904,-0.39,0
1786866318.2507205,-0.39,0
1786866318.2723277,-0.39,0
1786866318.2920728,-0.39,0
1786866318.3127146,-0.39,0
1786866318.3340032,-0.39,0
1786866318.3530803,-0.39,0
1786866318.3738573,-0.39,0
1786866318.3951485,-0.39,0
1786866318.4156954,-0.39,0
1786866318.4368215,-0.39,0
1786866318.45733,-0.39,0
1786866318.4770029,-0.39,0
1786866318.4970653,-0.39,0
1786866318.5176444,-0.39,0
1786866318.5387611,-0.39,0
1786866318.5590405,-0.40,0
1786866318.5796869,-0.40,0
1786866318.5997274,-0.40,0
1786866318.6212113,-0.40,0
1786866318.641788,-0.40,0
1786866318.6613941,-0.40,0
1786866318.6818154,-0.40,0
1786866318.7023323,-0.40,0
1786866318.7233043,-0.40,0
1786866318.743855,-0.40,0
1786866318.7634726,-0.40,0
1786866318.7843795,-0.40,0
1786866318.8046732,-0.40,0
1786866318.8251922,-0.40,0
1786866318.846087,-0.40,0
1786866318.866587,-0.40,0
1786866318.8867378,-0.40,0
1786866318.9078507,-0.40,0
1786866318.927388,-0.40,0
1786866318.9480128,-0.40,0
1786866318.9690237,-0.40,0
1786866318.9893904,-0.40,0
1786866319.0099206,-0.40,0
1786866319.0305936,-0.40,0
1786866319.0511315,-0.40,0
1786866319.0714355,-0.40,0
1786866319.0919368,-0.40,0
1786866319.1121895,-0.40,0
1786866319.1323574,-0.40,0
1786866319.1533437,-0.40,0
1786866319.1737187,-0.40,0
1786866319.1942601,-0.40,0
1786866319.2142696,-0.40,0
1786866319.235574,-0.40,0
1786866319.2551374,-0.40,0
1786866319.275754,-0.41,0
1786866319.297248,-0.40,0
1786866319.3168159,-0.40,0
1786866319.3369849,-0.40,0
1786866319.3580296,-0.41,0
1786866319.378492,-0.40,0
1786866319.3990474,-0.41,0
1786866319.4192293,-0.41,0
1786866319.4403658,-0.41,0
1786866319.460107,-0.41,0
1786866319.4797432,-0.41,0
1786866319.501768,-0.41,0
1786866319.5222704,-0.40,0
1786866319.542844,-0.40,0
1786866319.5633042,-0.40,0
1786866319.583283,-0.40,0
1786866319.603283,-0.41,0
1786866319.6233108,-0.40,0
1786866319.644776,-0.41,0
1786866319.6651216,-0.40,0
1786866319.6856484,-0.40,0
1786866319.7056499,-0.40,0
1786866319.726673,-0.40,0
1786866319.7472908,-0.40,0
1786866319.7673078,-0.40,0
1786866319.787839,-0.40,0
1786866319.8088553,-0.41,0
1786866319.8290226,-0.41,0
1786866319.8493595,-0.40,0
1786866319.8699455,-0.40,0
1786866319.8904178,-0.40,0
1786866319.9114735,-0.40,0
1786866319.9318197,-0.40,0
1786866319.9515662,-0.40,0
1786866319.9722369,-0.40,0
1786866319.99224,-0.40,0
1786866320.012459,-0.40,0
1786866320.0333924,-0.40,0
1786866320.054468,-0.40,0
1786866320.0748265,-0.40,0
1786866320.0943813,-0.40,0
1786866320.1154382,-0.40,0
1786866320.1362727,-0.40,0
1786866320.1554294,-0.40,0
1786866320.1777477,-0.40,0
1786866320.1965427,-0.41,0
1786866320.2183676,-0.41,0
1786866320.2383404,-0.40,0
1786866320.2597537,-0.41,0
1786866320.2801068,-0.40,0
1786866320.3000145,-0.41,0
1786866320.3207462,-0.41,0
1786866320.3412836,-0.41,0
1786866320.3614287,-0.40,0
1786866320.3823028,-0.40,0
1786866320.4024446,-0.40,0
1786866320.4230428,-0.40,0
1786866320.443621,-0.40,0
1786866320.4626086,-0.40,0
1786866320.4826615,-0.40,0
1786866320.505524,-0.40,0
1786866320.5256681,-0.40,0
1786866320.5452187,-0.40,0
1786866320.5659533,-0.40,0
1786866320.587314,-0.40,0
1786866320.6074986,-0.40,0
1786866320.62766,-0.40,0
1786866320.6483948,-0.40,0
1786866320.668959,-0.40,0
1786866320.688096,-0.40,0
1786866320.7096543,-0.40,0
1786866320.7297392,-0.40,0
1786866320.7494848,-0.39,0
1786866320.7713268,-0.40,0
1786866320.7915008,-0.40,0
1786866320.8115582,-0.40,0
1786866320.8316898,-0.40,0
1786866320.8534064,-0.40,0
1786866320.8723571,-0.40,0
1786866320.8941302,-0.40,0
1786866320.9137409,-0.40,0
1786866320.9347684,-0.40,0
1786866320.9559495,-0.40,0
1786866320.9762356,-0.40,0
1786866320.9953294,-0.40,0
1786866321.0170944,-0.40,0
1786866321.0371566,-0.40,0
1786866321.0577326,-0.40,0
1786866321.0779972,-0.40,0
1786866321.0985343,-0.40,0
1786866321.1185741,-0.40,0
1786866321.1386518,-0.40,0
1786866321.1598594,-0.40,0
1786866321.1803744,-0.40,0
1786866321.2009156,-0.40,0
1786866321.2205806,-0.40,0
1786866321.241511,-0.40,0
1786866321.262888,-0.40,0
1786866321.2834456,-0.40,0
1786866321.3032494,-0.40,0
1786866321.323115,-0.39,0
1786866321.3448486,-0.39,0
1786866321.3654115,-0.40,0
1786866321.3854892,-0.39,0
1786866321.40643,-0.39,0
1786866321.4265614,-0.39,0
1786866321.4469137,-0.39,0
1786866321.4680386,-0.39,0
1786866321.4879365,-0.39,0
1786866321.508348,-0.39,0
1786866321.5290434,-0.39,0
1786866321.5494435,-0.39,0
1786866321.5700595,-0.39,0
1786866321.5904775,-0.39,0
1786866321.6105144,-0.39,0
1786866321.6317773,-0.39,0
1786866321.6514895,-0.39,0
1786866321.6724055,-0.39,0
1786866321.6924634,-0.39,0
1786866321.7125604,-0.38,0
1786866321.7343004,-0.38,0
1786866321.7540107,-0.39,0
1786866321.7737322,-0.38,0
1786866321.795298,-0.39,0
1786866321.8153455,-0.39,0
1786866321.836139,-0.39,0
1786866321.8565648,-0.39,0
1786866321.876319,-0.39,0
1786866321.8980215,-0.39,0
1786866321.9169576,-0.39,0
1786866321.9385452,-0.39,0
1786866321.9587462,-0.39,0
1786866321.9794657,-0.39,0
1786866321.9999306,-0.39,0
1786866322.0208168,-0.39,0
1786866322.0407937,-0.39,0
1786866322.0611696,-0.39,0
1786866322.0811677,-0.39,0
1786866322.1017716,-0.39,0
1786866322.1232004,-0.39,0
1786866322.142095,-0.40,0
1786866322.1637137,-0.40,0
1786866322.1853964,-0.40,0
1786866322.2054305,-0.40,0
1786866322.2255397,-0.39,0
1786866322.2456331,-0.40,0
1786866322.2653325,-0.40,0
1786866322.2861748,-0.40,0
1786866322.306439,-0.40,0
1786866322.3269851,-0.40,0
1786866322.348509,-0.40,0
1786866322.3692608,-0.40,0
1786866322.3893518,-0.40,0
1786866322.4089198,-0.41,0
1786866322.4302373,-0.40,0
1786866322.4507964,-0.40,0
1786866322.471234,-0.40,0
1786866322.4906445,-0.40,0
1786866322.5125847,-0.40,0
1786866322.532581,-0.40,0
1786866322.5527542,-0.40,0
1786866322.5733645,-0.40,0
1786866322.5945733,-0.40,0
1786866322.6149676,-0.40,0
1786866322.6356113,-0.40,0
1786866322.6556666,-0.40,0
1786866322.6759322,-0.40,0
1786866322.6962516,-0.40,0
1786866322.7162774,-0.40,0
1786866322.738374,-0.40,0
1786866322.7576785,-0.40,0
1786866322.7788806,-0.40,0
1786866322.7987947,-0.41,0
1786866322.8194492,-0.41,0
1786866322.8395972,-0.40,0
1786866322.8607996,-0.41,0
1786866322.8810987,-0.40,0
1786866322.901734,-0.40,0
1786866322.9213588,-0.40,0
1786866322.9429097,-0.41,0
1786866322.963028,-0.41,0
1786866322.9833248,-0.41,0
1786866323.0031176,-0.40,0
1786866323.0249972,-0.40,0
1786866323.0449126,-0.41,0
1786866323.0649698,-0.41,0
1786866323.0859423,-0.40,0
1786866323.1066477,-0.41,0
1786866323.125928,-0.40,0
1786866323.1468072,-0.40,0
1786866323.1666787,-0.40,0
1786866323.1881857,-0.40,0
1786866323.2087476,-0.40,0
1786866323.22917,-0.39,0
1786866323.2490635,-0.39,0
1786866323.2690136,-0.39,0
1786866323.2908359,-0.39,0
1786866323.3095381,-0.39,0
1786866323.3317955,-0.39,0
1786866323.352171,-0.39,0
1786866323.3725073,-0.39,0
1786866323.3930957,-0.39,0
1786866323.414023,-0.39,0
1786866323.4343314,-0.39,0
1786866323.4544175,-0.39,0
1786866323.475072,-0.39,0
1786866323.4952567,-0.39,0
1786866323.5154061,-0.39,0
1786866323.5353117,-0.39,0
1786866323.555951,-0.39,0
1786866323.5763113,-0.39,0
1786866323.5973225,-0.39,0
1786866323.6184611,-0.39,0
1786866323.6382716,-0.39,0
1786866323.6579804,-0.39,0
1786866323.6786358,-0.39,0
1786866323.6999652,-0.39,0
1786866323.720971,-0.39,0
1786866323.7411985,-0.39,0
1786866323.7611096,-0.39,0
1786866323.7819571,-0.39,0
1786866323.8022373,-0.39,0
1786866323.8220067,-0.39,0
1786866323.841995,-0.39,0
1786866323.8626933,-0.40,0
1786866323.8833413,-0.39,0
1786866323.9036357,-0.39,0
1786866323.9247668,-0.39,0
1786866323.946283,-0.39,0
1786866323.9652748,-0.39,0
1786866323.9860353,-0.40,0
1786866324.0060189,-0.40,0
1786866324.0275702,-0.39,0
1786866324.0487196,-0.40,0
1786866324.0688074,-0.40,0
1786866324.0893857,-0.40,0
1786866324.1095598,-0.40,0
1786866324.1302323,-0.40,0
1786866324.1502488,-0.40,0
1786866324.17145,-0.40,0
1786866324.1913025,-0.40,0
1786866324.2127144,-0.40,0
1786866324.2316294,-0.40,0
1786866324.253295,-0.40,0
1786866324.2741,-0.40,0
1786866324.2941773,-0.40,0
1786866324.3151395,-0.40,0
1786866324.3345923,-0.40,0
1786866324.3559635,-0.40,0
1786866324.3758252,-0.40,0
1786866324.3965416,-0.40,0
1786866324.4169834,-0.40,0
1786866324.437341,-0.41,0
1786866324.4578145,-0.41,0
1786866324.4785793,-0.41,0
1786866324.4987943,-0.41,0
1786866324.5194924,-0.41,0
1786866324.5396066,-0.40,0
1786866324.5605779,-0.40,0
1786866324.5806482,-0.40,0
1786866324.6014261,-0.40,0
1786866324.622007,-0.39,0
1786866324.64228,-0.39,0
1786866324.6630259,-0.40,0
1786866324.68312,-0.40,0
1786866324.7039397,-0.40,0
1786866324.7240233,-0.40,0
1786866324.7446647,-0.40,0
1786866324.7652934,-0.40,0
1786866324.7857852,-0.39,0
1786866324.8065827,-0.40,0
1786866324.8267648,-0.39,0
1786866324.846831,-0.39,0
1786866324.867381,-0.39,0
1786866324.888281,-0.39,0
1786866324.9085608,-0.39,0
1786866324.9291523,-0.39,0
1786866324.94972,-0.39,0
1786866324.970252,-0.39,0
1786866324.9903836,-0.39,0
1786866325.0111716,-0.39,0
1786866325.0311635,-0.39,0
1786866325.0522597,-0.40,0
1786866325.0724375,-0.40,0
1786866325.0927439,-0.40,0
1786866325.1132507,-0.40,0
1786866325.133617,-0.40,0
1786866325.1547735,-0.40,0
1786866325.1747181,-0.41,0
1786866325.1956398,-0.41,0
1786866325.2152133,-0.41,0
1786866325.2366977,-0.41,0
1786866325.2568657,-0.41,0
1786866325.277427,-0.41,0
1786866325.2980115,-0.41,0
1786866325.318101,-0.41,0
1786866325.3388817,-0.41,0
1786866325.358239,-0.42,0
1786866325.3798823,-0.42,0
1786866325.4000077,-0.42,0
1786866325.4207203,-0.42,0
1786866325.440719,-0.41,0
1786866325.4608326,-0.41,0
1786866325.4822068,-0.41,0
1786866325.502728,-0.41,0
1786866325.5232012,-0.41,0
1786866325.543569,-0.41,0
1786866325.5637317,-0.41,0
1786866325.5849516,-0.41,0
1786866325.6051338,-0.41,0
1786866325.625802,-0.41,0
1786866325.6458654,-0.41,0
1786866325.6665933,-0.41,0
1786866325.6870387,-0.41,0
1786866325.7069504,-0.41,0
1786866325.7275546,-0.41,0
1786866325.7482803,-0.41,0
1786866325.7691147,-0.41,0
1786866325.7891798,-0.41,0
1786866325.8096933,-0.41,0
1786866325.8297198,-0.40,0
1786866325.8506742,-0.40,0
1786866325.8713727,-0.41,0
1786866325.892193,-0.41,0
1786866325.9119124,-0.41,0
1786866325.932726,-0.41,0
1786866325.9530432,-0.41,0
1786866325.9737294,-0.41,0
1786866325.994623,-0.41,0
1786866326.0143988,-0.41,0
1786866326.0352545,-0.41,0
1786866326.055663,-0.41,0
1786866326.0762432,-0.41,0
1786866326.0967748,-0.41,0
1786866326.1169481,-0.41,0
1786866326.1376712,-0.41,0
1786866326.158078,-0.41,0
1786866326.1778944,-0.41,0
1786866326.1987133,-0.41,0
1786866326.2196107,-0.42,0
1786866326.2396562,-0.41,0
1786866326.2604852,-0.41,0
1786866326.2804394,-0.41,0
1786866326.301467,-0.41,0
1786866326.3216155,-0.41,0
1786866326.3421235,-0.42,0
1786866326.3628545,-0.42,0
1786866326.3834355,-0.41,0
1786866326.403989,-0.42,0
1786866326.424541,-0.42,0
1786866326.4446313,-0.42,0
1786866326.4653335,-0.42,0
1786866326.485418,-0.42,0
1786866326.5053418,-0.42,0
1786866326.526144,-0.42,0
1786866326.5464442,-0.42,0
1786866326.5677173,-0.42,0
1786866326.5878084,-0.42,0
1786866326.608259,-0.42,0
1786866326.6278126,-0.42,0
1786866326.65064,-0.42,0
1786866326.6686635,-0.42,0
1786866326.6906219,-0.42,0
1786866326.710762,-0.42,0
1786866326.7303271,-0.42,0
1786866326.7509239,-0.42,0
1786866326.771096,-0.42,0
1786866326.7929747,-0.42,0
1786866326.8123293,-0.43,0
1786866326.8334086,-0.43,0
1786866326.8545408,-0.43,0
1786866326.8750958,-0.43,0
1786866326.8949845,-0.43,0
1786866326.9147515,-0.43,0
1786866326.936468,-0.43,0
1786866326.9564078,-0.43,0
1786866326.9765782,-0.44,0
1786866326.9969726,-0.44,0
1786866327.0183914,-0.43,0
1786866327.0380454,-0.43,0
1786866327.0595784,-0.43,0
1786866327.0793643,-0.43,0
1786866327.0994492,-0.43,0
1786866327.1209433,-0.44,0
1786866327.1415355,-0.44,0
1786866327.161223,-0.43,0
1786866327.1812131,-0.43,0
1786866327.2023084,-0.43,0
1786866327.223427,-0.43,0
1786866327.2435336,-0.43,0
1786866327.2640867,-0.43,0
1786866327.2838469,-0.43,0
1786866327.3050683,-0.43,0
1786866327.3252292,-0.43,0
1786866327.3455179,-0.43,0
1786866327.366111,-0.43,0
1786866327.3866081,-0.43,0
1786866327.4067924,-0.43,0
1786866327.4264812,-0.44,0
1786866327.4475994,-0.44,0
1786866327.4674253,-0.43,0
1786866327.489983,-0.43,0
1786866327.5082438,-0.43,0
1786866327.5295117,-0.43,0
1786866327.5506465,-0.43,0
1786866327.570325,-0.43,0
1786866327.5902715,-0.43,0
1786866327.610367,-0.43,0
1786866327.632087,-0.44,0
1786866327.6521878,-0.44,0
1786866327.673021,-0.43,0
1786866327.6935506,-0.43,0
1786866327.7132676,-0.43,0
1786866327.7348802,-0.43,0
1786866327.7553918,-0.43,0
1786866327.7755342,-0.43,0
1786866327.795111,-0.43,0
1786866327.8171184,-0.43,0
1786866327.837202,-0.43,0
1786866327.8577442,-0.43,0
1786866327.8774037,-0.43,0
1786866327.8974879,-0.43,0
1786866327.9188032,-0.43,0
1786866327.9403217,-0.43,0
1786866327.9603918,-0.43,0
1786866327.9811394,-0.43,0
1786866328.0018091,-0.43,0
1786866328.020417,-0.43,0
1786866328.0425894,-0.43,0
1786866328.0629015,-0.43,0
1786866328.0824835,-0.43,0
1786866328.104104,-0.43,0
1786866328.1239755,-0.44,0
1786866328.1447935,-0.44,0
1786866328.1653187,-0.44,0
1786866328.1853225,-0.44,0
1786866328.2047489,-0.44,0
1786866328.2268841,-0.44,0
1786866328.2471952,-0.44,0
1786866328.2660792,-0.45,0
1786866328.2863235,-0.44,0
1786866328.307581,-0.44,0
1786866328.328213,-0.44,0
1786866328.3494737,-0.44,0
1786866328.3687494,-0.44,0
1786866328.3893847,-0.44,0
1786866328.410673,-0.44,0
1786866328.4312105,-0.45,0
1786866328.4517102,-0.44,0
1786866328.4726017,-0.44,0
1786866328.493093,-0.44,0
1786866328.512334,-0.44,0
1786866328.5328376,-0.44,0
1786866328.5533245,-0.45,0
1786866328.5745165,-0.45,0
1786866328.5949407,-0.44,0
1786866328.6159844,-0.44,0
1786866328.6362805,-0.44,0
1786866328.6569233,-0.45,0
1786866328.677084,-0.44,0
1786866328.6972973,-0.44,0
1786866328.7187703,-0.45,0
1786866328.73886,-0.45,0
1786866328.7589655,-0.44,0
1786866328.7795107,-0.44,0
1786866328.7998476,-0.44,0
1786866328.820844,-0.44,0
1786866328.8414977,-0.45,0
1786866328.8616989,-0.45,0
1786866328.8814235,-0.45,0
1786866328.9022405,-0.45,0
1786866328.9231336,-0.44,0
1786866328.9434698,-0.45,0
1786866328.9642136,-0.45,0
1786866328.9849179,-0.45,0
1786866329.0051441,-0.45,0
1786866329.0254805,-0.45,0
1786866329.0457306,-0.45,0
1786866329.0666225,-0.46,0
1786866329.0871649,-0.46,0
1786866329.1076777,-0.46,0
1786866329.1276562,-0.46,0
1786866329.1485577,-0.46,0
1786866329.16915,-0.46,0
1786866329.1896834,-0.46,0
1786866329.2094862,-0.46,0
1786866329.2304502,-0.46,0
1786866329.2510307,-0.46,0
1786866329.2716107,-0.46,0
1786866329.2909515,-0.46,0
1786866329.3110032,-0.46,0
1786866329.3327832,-0.46,0
1786866329.3533058,-0.46,0
1786866329.3728495,-0.46,0
1786866329.3943868,-0.46,0
1786866329.4144,-0.46,0
1786866329.434408,-0.46,0
1786866329.454397,-0.46,0
1786866329.4749818,-0.46,0
1786866329.4966314,-0.46,0
1786866329.516639,-0.46,0
1786866329.536701,-0.46,0
1786866329.5582988,-0.46,0
1786866329.578442,-0.46,0
1786866329.5978014,-0.47,0
1786866329.6181946,-0.46,0
1786866329.640381,-0.46,0
1786866329.6590464,-0.46,0
1786866329.6799242,-0.46,0
1786866329.7020223,-0.46,0
1786866329.7220316,-0.46,0
1786866329.7408779,-0.46,0
1786866329.7621365,-0.46,0
1786866329.782361,-0.47,0
1786866329.804784,-0.46,0
1786866329.8244033,-0.46,0
1786866329.844485,-0.46,0
1786866329.8649004,-0.46,0
1786866329.8858027,-0.46,0
1786866329.9049618,-0.46,0
1786866329.927122,-0.46,0
1786866329.9465992,-0.46,0
1786866329.9679432,-0.46,0
1786866329.9891376,-0.46,0
1786866330.0080614,-0.46,0
1786866330.0278203,-0.46,0
1786866330.0490735,-0.46,0
1786866330.0700905,-0.46,0
1786866330.090637,-0.46,0
1786866330.111243,-0.46,0
1786866330.1312933,-0.46,0
1786866330.151684,-0.46,0
1786866330.1720984,-0.46,0
1786866330.19229,-0.46,0
1786866330.2131443,-0.46,0
1786866330.2336986,-0.46,0
1786866330.253706,-0.46,0
1786866330.274073,-0.46,0
1786866330.2942178,-0.46,0
1786866330.3163579,-0.46,0
1786866330.336668,-0.47,0
1786866330.357254,-0.47,0
1786866330.3770554,-0.47,0
1786866330.395679,-0.46,0
1786866330.4169018,-0.46,0
1786866330.4388096,-0.46,0
1786866330.4593163,-0.46,0
1786866330.4799411,-0.46,0
1786866330.4996238,-0.46,0
1786866330.5196698,-0.46,0
1786866330.5401452,-0.46,0
1786866330.5612516,-0.46,0
1786866330.5815275,-0.46,0
1786866330.6029525,-0.46,0
1786866330.6230192,-0.45,0
1786866330.6435847,-0.45,0
1786866330.6641002,-0.46,0
1786866330.6843286,-0.46,0
1786866330.7037091,-0.46,0
1786866330.7258325,-0.46,0
1786866330.745433,-0.46,0
1786866330.7652683,-0.46,0
1786866330.786902,-0.46,0
1786866330.8061554,-0.46,0
1786866330.8283882,-0.46,0
1786866330.8475542,-0.46,0
1786866330.8682582,-0.45,0
1786866330.8882535,-0.46,0
1786866330.9092298,-0.46,0
1786866330.9293218,-0.46,0
1786866330.9510832,-0.46,0
1786866330.971424,-0.46,0
1786866330.9918067,-0.46,0
1786866331.0119164,-0.46,0
1786866331.031452,-0.46,0
1786866331.052265,-0.46,0
1786866331.0736575,-0.46,0
1786866331.094295,-0.46,0
1786866331.114866,-0.46,0
1786866331.134882,-0.46,0
1786866331.1557834,-0.46,0
1786866331.1758537,-0.46,0
1786866331.1963613,-0.46,0
1786866331.216395,-0.46,0
1786866331.2364929,-0.46,0
1786866331.257696,-0.46,0
1786866331.2778456,-0.46,0
1786866331.2994165,-0.46,0
1786866331.319673,-0.46,0
1786866331.3392267,-0.46,0
1786866331.360567,-0.46,0
1786866331.3801246,-0.46,0
1786866331.4001873,-0.46,0
1786866331.4220304,-0.46,0
1786866331.4410775,-0.46,0
1786866331.4630952,-0.46,0
1786866331.4834764,-0.46,0
1786866331.5030084,-0.46,0
1786866331.5240765,-0.45,0
1786866331.5450861,-0.46,0
1786866331.5650167,-0.46,0
1786866331.5852733,-0.46,0
1786866331.605281,-0.46,0
1786866331.627291,-0.46,0
1786866331.6476533,-0.46,0
1786866331.6674128,-0.46,0
1786866331.6883514,-0.46,0
1786866331.7079864,-0.46,0
1786866331.7279925,-0.46,0
1786866331.7494752,-0.46,0
1786866331.7689655,-0.46,0
1786866331.7905116,-0.46,0
1786866331.8105128,-0.46,0
1786866331.8305259,-0.46,0
1786866331.850866,-0.46,0
1786866331.8727148,-0.46,0
1786866331.8929856,-0.46,0
1786866331.9130259,-0.46,0
1786866331.9330373,-0.46,0
1786866331.9544208,-0.46,0
1786866331.9741457,-0.45,0
1786866331.994589,-0.45,0
1786866332.015692,-0.45,0
1786866332.0363364,-0.45,0
1786866332.057143,-0.45,0
1786866332.0769634,-0.45,0
1786866332.0979657,-0.45,0
1786866332.1185286,-0.45,0
1786866332.1391046,-0.45,0
1786866332.1586804,-0.45,0
1786866332.1792438,-0.45,0
1786866332.1993375,-0.45,0
1786866332.219193,-0.45,0
1786866332.241247,-0.45,0
1786866332.2609541,-0.45,0
1786866332.281857,-0.45,0
1786866332.3019261,-0.45,0
1786866332.3223114,-0.45,0
1786866332.3423533,-0.45,0
1786866332.363462,-0.44,0
1786866332.384366,-0.44,0
1786866332.4044232,-0.44,0
1786866332.425949,-0.44,0
1786866332.4459414,-0.44,0
1786866332.466034,-0.44,0
1786866332.485979,-0.44,0
1786866332.5079613,-0.44,0
1786866332.5279553,-0.44,0
1786866332.5480068,-0.44,0
1786866332.5680146,-0.44,0
1786866332.5894883,-0.44,0
1786866332.6094837,-0.44,0
1786866332.6300654,-0.44,0
1786866332.6501782,-0.43,0
1786866332.6709452,-0.43,0
1786866332.6914048,-0.44,0
1786866332.7114136,-0.44,0
1786866332.7314036,-0.43,0
1786866332.7519553,-0.44,0
1786866332.773423,-0.44,0
1786866332.7931964,-0.44,0
1786866332.8131952,-0.44,0
1786866332.8352113,-0.44,0
1786866332.8558264,-0.43,0
1786866332.8753216,-0.44,0
1786866332.8953207,-0.44,0
1786866332.917318,-0.44,0
1786866332.9375913,-0.44,0
1786866332.9576595,-0.44,0
1786866332.9771967,-0.44,0
1786866332.9991953,-0.44,0
1786866333.0192022,-0.44,0
1786866333.0392,-0.44,0
1786866333.0592,-0.44,0
1786866333.0794985,-0.44,0
1786866333.0999873,-0.44,0
1786866333.1220112,-0.44,0
1786866333.141343,-0.44,0
1786866333.1627026,-0.44,0
1786866333.1826825,-0.44,0
1786866333.202862,-0.44,0
1786866333.2240126,-0.45,0
1786866333.244917,-0.44,0
1786866333.2646198,-0.44,0
1786866333.2858715,-0.45,0
1786866333.305856,-0.44,0
1786866333.3251688,-0.45,0
1786866333.347181,-0.45,0
1786866333.3675177,-0.45,0
1786866333.3882713,-0.44,0
1786866333.4069378,-0.44,0
1786866333.4291222,-0.44,0
1786866333.4491234,-0.44,0
1786866333.4687066,-0.44,0
1786866333.490301,-0.44,0
1786866333.5103493,-0.44,0
1786866333.531041,-0.44,0
1786866333.5516572,-0.44,0
1786866333.5711749,-0.44,0
1786866333.5930474,-0.44,0
1786866333.6131487,-0.44,0
1786866333.6332915,-0.44,0
1786866333.6548517,-0.44,0
1786866333.6745102,-0.45,0
1786866333.6951413,-0.45,0
1786866333.7161708,-0.45,0
1786866333.7347844,-0.45,0
1786866333.755771,-0.45,0
1786866333.7768674,-0.45,0
1786866333.797067,-0.45,0
1786866333.8183687,-0.45,0
1786866333.8387544,-0.45,0
1786866333.8588533,-0.45,0
1786866333.8797545,-0.45,0
1786866333.898886,-0.45,0
1786866333.9192023,-0.45,0
1786866333.9411597,-0.45,0
1786866333.9614563,-0.45,0
1786866333.981273,-0.44,0
1786866334.001808,-0.44,0
1786866334.0218048,-0.44,0
1786866334.0434332,-0.44,0
1786866334.0639167,-0.45,0
1786866334.0833395,-0.45,0
1786866334.1054313,-0.45,0
1786866334.125791,-0.45,0
1786866334.1458595,-0.45,0
1786866334.1662858,-0.45,0
1786866334.18742,-0.45,0
1786866334.2074592,-0.45,0
1786866334.2274587,-0.45,0
1786866334.247456,-0.45,0
1786866334.2683375,-0.45,0
1786866334.2878664,-0.45,0
1786866334.3101041,-0.45,0
1786866334.3306115,-0.45,0
1786866334.3508193,-0.45,0
1786866334.3697028,-0.45,0
1786866334.3920987,-0.44,0
1786866334.4122937,-0.44,0
1786866334.432199,-0.44,0
1786866334.4524534,-0.44,0
1786866334.4730613,-0.44,0
1786866334.4926634,-0.44,0
1786866334.5147762,-0.44,0
1786866334.5345654,-0.44,0
1786866334.555035,-0.44,0
1786866334.576138,-0.44,0
1786866334.5958261,-0.44,0
1786866334.6171088,-0.44,0
1786866334.6373067,-0.44,0
1786866334.6581619,-0.44,0
1786866334.678638,-0.44,0
1786866334.6987934,-0.44,0
1786866334.7193625,-0.44,0
1786866334.7397406,-0.44,0
1786866334.7604907,-0.44,0
1786866334.7806478,-0.43,0
1786866334.8016076,-0.43,0
1786866334.821866,-0.43,0
1786866334.8419726,-0.43,0
1786866334.8630426,-0.43,0
1786866334.883538,-0.43,0
1786866334.9033997,-0.43,0
1786866334.9243305,-0.43,0
1786866334.943848,-0.43,0
1786866334.9647295,-0.43,0
1786866334.9855378,-0.43,0
1786866335.006367,-0.43,0
1786866335.0256655,-0.43,0
1786866335.046009,-0.43,0
1786866335.0679214,-0.43,0
1786866335.0878935,-0.43,0
1786866335.1089966,-0.43,0
1786866335.129296,-0.43,0
1786866335.149747,-0.43,0
1786866335.1690211,-0.43,0
1786866335.1897583,-0.43,0
1786866335.2097812,-0.43,0
1786866335.2299635,-0.43,0
1786866335.2518656,-0.43,0
1786866335.272178,-0.43,0
1786866335.2930658,-0.43,0
1786866335.3123696,-0.43,0
1786866335.3324835,-0.43,0
1786866335.353731,-0.43,0
1786866335.3738723,-0.43,0
1786866335.39448,-0.43,0
1786866335.4157264,-0.43,0
1786866335.436247,-0.43,0
1786866335.4569533,-0.43,0
1786866335.4770052,-0.43,0
1786866335.4964168,-0.43,0
1786866335.518472,-0.42,0
1786866335.5387766,-0.43,0
1786866335.5588322,-0.43,0
1786866335.5782878,-0.43,0
1786866335.5990376,-0.43,0
1786866335.6193993,-0.43,0
1786866335.6414125,-0.43,0
1786866335.6612108,-0.43,0
1786866335.6820216,-0.43,0
1786866335.7027493,-0.43,0
1786866335.7228723,-0.43,0
1786866335.7422998,-0.43,0
1786866335.763861,-0.43,0
1786866335.7831845,-0.43,0
1786866335.805009,-0.43,0
1786866335.825969,-0.43,0
1786866335.846077,-0.44,0
1786866335.8655393,-0.44,0
1786866335.8854656,-0.44,0
1786866335.9075494,-0.44,0
1786866335.9279878,-0.44,0
1786866335.9481938,-0.43,0
1786866335.968994,-0.43,0
1786866335.988794,-0.43,0
1786866336.0092082,-0.43,0
1786866336.0303109,-0.43,0
1786866336.0506318,-0.43,0
1786866336.0707693,-0.43,0
1786866336.091657,-0.43,0
1786866336.1123776,-0.43,0
1786866336.133084,-0.43,0
1786866336.1532657,-0.43,0
1786866336.1734614,-0.43,0
1786866336.194485,-0.44,0
1786866336.214776,-0.44,0
1786866336.235076,-0.44,0
1786866336.2551005,-0.44,0
1786866336.2756674,-0.44,0
1786866336.2965004,-0.44,0
1786866336.3168397,-0.44,0
1786866336.3371577,-0.44,0
1786866336.3571563,-0.44,0
1786866336.3785655,-0.43,0
1786866336.3985415,-0.43,0
1786866336.41888,-0.43,0
1786866336.4387884,-0.43,0
1786866336.4604707,-0.43,0
1786866336.480994,-0.43,0
1786866336.5014274,-0.43,0
1786866336.5220304,-0.43,0
1786866336.541931,-0.43,0
1786866336.5620282,-0.43,0
1786866336.5817425,-0.43,0
1786866336.6033638,-0.43,0
1786866336.622783,-0.44,0
1786866336.6449866,-0.44,0
1786866336.6647246,-0.44,0
1786866336.68523,-0.44,0
1786866336.7056398,-0.44,0
1786866336.7268193,-0.45,0
1786866336.7469904,-0.45,0
1786866336.7675571,-0.45,0
1786866336.7874758,-0.45,0
1786866336.8087263,-0.45,0
1786866336.8292813,-0.45,0
1786866336.849362,-0.45,0
1786866336.8701966,-0.45,0
1786866336.8898578,-0.45,0
1786866336.9111962,-0.45,0
1786866336.9318793,-0.45,0
1786866336.9521523,-0.45,0
1786866336.97264,-0.44,0
1786866336.9919813,-0.44,0
1786866337.013979,-0.45,0
1786866337.0337327,-0.45,0
1786866337.0544634,-0.45,0
1786866337.0743923,-0.45,0
1786866337.095254,-0.45,0
1786866337.1151972,-0.45,0
1786866337.1364522,-0.45,0
1786866337.156617,-0.45,0
1786866337.1770177,-0.45,0
1786866337.198145,-0.45,0
1786866337.218514,-0.45,0
1786866337.2386813,-0.45,0
1786866337.2591882,-0.45,0
1786866337.279932,-0.45,0
1786866337.300302,-0.45,0
1786866337.3203468,-0.45,0
1786866337.3394063,-0.45,0
1786866337.3616884,-0.45,0
1786866337.3814418,-0.45,0
1786866337.4029682,-0.46,0
1786866337.421773,-0.46,0
1786866337.4437754,-0.45,0
1786866337.463815,-0.45,0
1786866337.4837904,-0.45,0
1786866337.5053458,-0.45,0
1786866337.52492,-0.45,0
1786866337.5449371,-0.45,0
1786866337.5652702,-0.45,0
1786866337.5866404,-0.45,0
1786866337.6066885,-0.45,0
1786866337.6267254,-0.45,0
1786866337.6482472,-0.45,0
1786866337.6678154,-0.45,0
1786866337.6878324,-0.45,0
1786866337.7101307,-0.45,0
1786866337.7301412,-0.46,0
1786866337.7505968,-0.45,0
1786866337.7704146,-0.46,0
1786866337.792014,-0.46,0
1786866337.8122964,-0.46,0
1786866337.8323014,-0.45,0
1786866337.852319,-0.46,0
1786866337.8738427,-0.46,0
1786866337.8941245,-0.46,0
1786866337.9142284,-0.46,0
1786866337.9348183,-0.46,0
1786866337.9553654,-0.45,0
1786866337.975869,-0.45,0
1786866337.9961557,-0.45,0
1786866338.0171742,-0.45,0
1786866338.0377114,-0.45,0
1786866338.0577161,-0.45,0
1786866338.078017,-0.45,0
1786866338.099547,-0.45,0
1786866338.1194177,-0.45,0
1786866338.1394167,-0.45,0
1786866338.160438,-0.45,0
1786866338.1803787,-0.45,0
1786866338.2009616,-0.45,0
1786866338.2209587,-0.45,0
1786866338.2409751,-0.44,0
1786866338.2615194,-0.44,0
1786866338.283738,-0.44,0
1786866338.303261,-0.45,0
1786866338.3236334,-0.45,0
1786866338.343585,-0.45,0
1786866338.3645115,-0.45,0
1786866338.3856955,-0.45,0
1786866338.4058826,-0.45,0
1786866338.426279,-0.45,0
1786866338.446317,-0.45,0
1786866338.4664104,-0.45,0
1786866338.488359,-0.45,0
1786866338.5074623,-0.45,0
1786866338.5285337,-0.45,0
1786866338.548367,-0.45,0
1786866338.5703187,-0.45,0
1786866338.5905695,-0.45,0
1786866338.609917,-0.45,0
1786866338.6300113,-0.45,0
1786866338.6514516,-0.45,0
1786866338.672376,-0.45,0
1786866338.6929858,-0.46,0
1786866338.7135532,-0.45,0
1786866338.7336879,-0.46,0
1786866338.753815,-0.46,0
1786866338.7750075,-0.46,0
1786866338.7954078,-0.46,0
1786866338.8158004,-0.46,0
1786866338.8350565,-0.46,0
1786866338.8556142,-0.46,0
1786866338.8762407,-0.46,0
1786866338.8976836,-0.46,0
1786866338.917702,-0.46,0
1786866338.9390552,-0.46,0
1786866338.9579873,-0.47,0
1786866338.97879,-0.47,0
1786866338.9997902,-0.47,0
1786866339.0197866,-0.47,0
1786866339.0400693,-0.47,0
1786866339.060527,-0.47,0
1786866339.0804627,-0.47,0
1786866339.1021464,-0.47,0
1786866339.1231103,-0.47,0
1786866339.142663,-0.47,0
1786866339.16415,-0.47,0
1786866339.1839378,-0.47,0
1786866339.2042792,-0.47,0
1786866339.2254484,-0.47,0
1786866339.2448537,-0.47,0
1786866339.2656019,-0.47,0
1786866339.28615,-0.47,0
1786866339.3072128,-0.47,0
1786866339.327212,-0.48,0
1786866339.3472157,-0.48,0
1786866339.367613,-0.48,0
1786866339.3887718,-0.48,0
1786866339.4092991,-0.48,0
1786866339.429297,-0.48,0
1786866339.4493868,-0.48,0
1786866339.471348,-0.48,0
1786866339.4914439,-0.47,0
1786866339.5118325,-0.47,0
1786866339.5315716,-0.47,0
1786866339.5535288,-0.47,0
1786866339.573711,-0.47,0
1786866339.5948641,-0.47,0
1786866339.6132426,-0.47,0
1786866339.6355,-0.47,0
1786866339.6556172,-0.47,0
1786866339.6761289,-0.47,0
1786866339.6964645,-0.47,0
1786866339.717125,-0.47,0
1786866339.737142,-0.47,0
1786866339.757189,-0.47,0
1786866339.7780762,-0.47,0
1786866339.7984657,-0.47,0
1786866339.8185966,-0.47,0
1786866339.8390205,-0.48,0
1786866339.8590207,-0.47,0
1786866339.8796704,-0.48,0
1786866339.9000735,-0.48,0
1786866339.92191,-0.48,0
1786866339.941954,-0.48,0
1786866339.9619133,-0.48,0
1786866339.9820027,-0.48,0
1786866340.0039778,-0.48,0
1786866340.0243986,-0.48,0
1786866340.044419,-0.48,0
1786866340.0639956,-0.48,0
1786866340.0860224,-0.48,0
1786866340.1061332,-0.48,0
1786866340.126241,-0.48,0
1786866340.14624,-0.48,0
1786866340.1660688,-0.48,0
1786866340.1882393,-0.47,0
1786866340.2089431,-0.47,0
1786866340.2297459,-0.47,0
1786866340.2494917,-0.48,0
1786866340.2704487,-0.48,0
1786866340.2904668,-0.48,0
1786866340.311078,-0.47,0
1786866340.33116,-0.47,0
1786866340.3525195,-0.47,0
1786866340.372374,-0.47,0
1786866340.3929293,-0.48,0
1786866340.4131427,-0.48,0
1786866340.4338927,-0.48,0
1786866340.4536083,-0.47,0
1786866340.4737659,-0.48,0
1786866340.4942644,-0.48,0
1786866340.5156455,-0.48,0
1786866340.5364408,-0.48,0
1786866340.5558696,-0.48,0
1786866340.5760148,-0.48,0
1786866340.597396,-0.47,0
1786866340.6183462,-0.47,0
1786866340.637517,-0.47,0
1786866340.659608,-0.47,0
1786866340.678953,-0.47,0
1786866340.6985757,-0.47,0
1786866340.7206545,-0.46,0
1786866340.7414298,-0.46,0
1786866340.7614884,-0.47,0
1786866340.7822244,-0.47,0
1786866340.8016405,-0.47,0
1786866340.823131,-0.47,0
1786866340.842598,-0.47,0
1786866340.8642256,-0.47,0
1786866340.884033,-0.47,0
1786866340.9048584,-0.47,0
1786866340.9256873,-0.46,0
1786866340.9458072,-0.46,0
1786866340.966832,-0.46,0
1786866340.9854236,-0.46,0
1786866341.0071716,-0.46,0
1786866341.0279353,-0.46,0
1786866341.0471168,-0.46,0
1786866341.06928,-0.46,0
1786866341.0885382,-0.46,0
1786866341.109133,-0.46,0
1786866341.1291323,-0.46,0
1786866341.151135,-0.46,0
1786866341.1711314,-0.46,0
1786866341.1911497,-0.46,0
1786866341.211007,-0.46,0
1786866341.2314851,-0.46,0
1786866341.2535355,-0.46,0
1786866341.2735007,-0.46,0
1786866341.2935212,-0.46,0
1786866341.3131168,-0.46,0
1786866341.335096,-0.46,0
1786866341.355211,-0.46,0
1786866341.3757138,-0.46,0
1786866341.3963454,-0.46,0
1786866341.416093,-0.46,0
1786866341.4377275,-0.46,0
1786866341.4570472,-0.46,0
1786866341.4773443,-0.46,0
1786866341.4975498,-0.46,0
1786866341.5181305,-0.46,0
1786866341.5391102,-0.46,0
1786866341.5605316,-0.46,0
1786866341.5806835,-0.46,0
1786866341.6006944,-0.46,0
1786866341.6204352,-0.46,0
1786866341.6424856,-0.46,0
1786866341.6632357,-0.46,0
1786866341.683275,-0.46,0
1786866341.7042437,-0.46,0
1786866341.7242415,-0.46,0
1786866341.7442765,-0.47,0
1786866341.7657986,-0.46,0
1786866341.7861073,-0.47,0
1786866341.806057,-0.47,0
1786866341.8265417,-0.47,0
1786866341.847408,-0.47,0
1786866341.866153,-0.47,0
1786866341.8868263,-0.47,0
1786866341.908182,-0.47,0
1786866341.9281304,-0.47,0
1786866341.948526,-0.47,0
1786866341.9704883,-0.47,0
1786866341.9905796,-0.47,0
1786866342.010638,-0.47,0
1786866342.0306518,-0.47,0
1786866342.0507946,-0.47,0
1786866342.0715804,-0.47,0
1786866342.0925093,-0.47,0
1786866342.1134763,-0.47,0
1786866342.1339924,-0.47,0
1786866342.1539457,-0.47,0
1786866342.1749845,-0.46,0
1786866342.1947103,-0.46,0
1786866342.2153668,-0.47,0
1786866342.2353668,-0.46,0
1786866342.256923,-0.46,0
1786866342.276793,-0.47,0
1786866342.2969613,-0.47,0
1786866342.317528,-0.47,0
1786866342.3375664,-0.47,0
1786866342.359526,-0.47,0
1786866342.378939,-0.47,0
1786866342.3995593,-0.47,0
1786866342.4206638,-0.47,0
1786866342.4406636,-0.47,0
1786866342.4606657,-0.47,0
1786866342.4806218,-0.47,0
1786866342.5013025,-0.47,0
1786866342.5202558,-0.47,0
1786866342.5433328,-0.47,0
1786866342.5642931,-0.47,0
1786866342.5842934,-0.47,0
1786866342.605252,-0.46,0
1786866342.625252,-0.47,0
1786866342.6462924,-0.47,0
1786866342.6663814,-0.46,0
1786866342.6874201,-0.47,0
1786866342.7070274,-0.47,0
1786866342.727984,-0.47,0
1786866342.747993,-0.47,0
1786866342.7685113,-0.47,0
1786866342.7895658,-0.47,0
1786866342.8097217,-0.47,0
1786866342.8302572,-0.47,0
1786866342.850277,-0.47,0
1786866342.8711324,-0.47,0
1786866342.8911614,-0.47,0
1786866342.9127052,-0.47,0
1786866342.9331362,-0.47,0
1786866342.953748,-0.46,0
1786866342.9738133,-0.46,0
1786866342.99396,-0.46,0
1786866343.0149593,-0.46,0
1786866343.0351171,-0.46,0
1786866343.0561557,-0.46,0
1786866343.0757248,-0.46,0
1786866343.0967913,-0.46,0
1786866343.1173604,-0.46,0
1786866343.1379395,-0.46,0
1786866343.158107,-0.46,0
1786866343.1786327,-0.46,0
1786866343.1986434,-0.46,0
1786866343.2189546,-0.46,0
1786866343.239478,-0.46,0
1786866343.2600489,-0.46,0
1786866343.2810473,-0.46,0
1786866343.3017008,-0.46,0
1786866343.3224323,-0.46,0
1786866343.3419788,-0.46,0
1786866343.3623753,-0.46,0
1786866343.3827982,-0.46,0
1786866343.403868,-0.46,0
1786866343.4246356,-0.46,0
1786866343.4450672,-0.46,0
1786866343.46559,-0.45,0
1786866343.4855864,-0.46,0
1786866343.5061274,-0.46,0
1786866343.5267165,-0.46,0
1786866343.546715,-0.46,0
1786866343.5672717,-0.46,0
1786866343.587865,-0.47,0
1786866343.608637,-0.47,0
1786866343.6294737,-0.47,0
1786866343.6491039,-0.46,0
1786866343.6697505,-0.47,0
1786866343.6901784,-0.47,0
1786866343.7107651,-0.47,0
1786866343.7315466,-0.46,0
1786866343.7514415,-0.46,0
1786866343.772693,-0.46,0
1786866343.7927783,-0.46,0
1786866343.813465,-0.47,0
1786866343.8341446,-0.47,0
1786866343.854141,-0.47,0
1786866343.8749878,-0.47,0
1786866343.894783,-0.47,0
1786866343.916094,-0.47,0
1786866343.9364293,-0.47,0
1786866343.9565413,-0.47,0
1786866343.9768014,-0.47,0
1786866343.9976296,-0.47,0
1786866344.0185246,-0.47,0
1786866344.0387983,-0.47,0
1786866344.059239,-0.47,0
1786866344.079992,-0.47,0
1786866344.0999835,-0.47,0
1786866344.1209252,-0.47,0
1786866344.1408868,-0.47,0
1786866344.1611128,-0.47,0
1786866344.1817083,-0.47,0
1786866344.2020705,-0.47,0
1786866344.2227879,-0.47,0
1786866344.2432525,-0.48,0
1786866344.2642484,-0.48,0
1786866344.2843976,-0.48,0
1786866344.3049242,-0.48,0
1786866344.3257363,-0.47,0
1786866344.3457873,-0.47,0
1786866344.365789,-0.48,0
1786866344.3870733,-0.48,0
1786866344.4068458,-0.48,0
1786866344.428232,-0.48,0
1786866344.447809,-0.48,0
1786866344.468606,-0.48,0
1786866344.4896193,-0.48,0
1786866344.5096953,-0.48,0
1786866344.5302246,-0.48,0
1786866344.550762,-0.48,0
1786866344.570852,-0.48,0
1786866344.5914223,-0.48,0
1786866344.6126926,-0.48,0
1786866344.6321418,-0.48,0
1786866344.6526945,-0.48,0
1786866344.6738236,-0.48,0
1786866344.6943588,-0.48,0
1786866344.7149146,-0.47,0
1786866344.7350888,-0.47,0
1786866344.7556252,-0.47,0
1786866344.7762768,-0.47,0
1786866344.7962887,-0.47,0
1786866344.816879,-0.47,0
1786866344.8379395,-0.47,0
1786866344.857965,-0.47,0
1786866344.878519,-0.47,0
1786866344.8987105,-0.47,0
1786866344.919342,-0.47,0
1786866344.9396725,-0.48,0
1786866344.9608195,-0.48,0
1786866344.9804182,-0.48,0
1786866345.001136,-0.48,0
1786866345.021626,-0.48,0
1786866345.0432146,-0.48,0
1786866345.0633235,-0.48,0
1786866345.0839527,-0.48,0
1786866345.104029,-0.48,0
1786866345.1239388,-0.48,0
1786866345.1444814,-0.48,0
1786866345.165636,-0.48,0
1786866345.1851747,-0.48,0
1786866345.2058449,-0.49,0
1786866345.2262566,-0.49,0
1786866345.247398,-0.49,0
1786866345.2674255,-0.49,0
1786866345.2879498,-0.49,0
1786866345.3085487,-0.49,0
1786866345.3295498,-0.49,0
1786866345.3495882,-0.49,0
1786866345.3696232,-0.49,0
1786866345.3904815,-0.49,0
1786866345.411368,-0.49,0
1786866345.431129,-0.49,0
1786866345.4519315,-0.49,0
1786866345.4719534,-0.49,0
1786866345.492511,-0.49,0
1786866345.5140567,-0.49,0
1786866345.5336208,-0.49,0
1786866345.5541632,-0.49,0
1786866345.5751588,-0.49,0
1786866345.5951643,-0.49,0
1786866345.6156893,-0.49,0
1786866345.6367884,-0.49,0
1786866345.6573002,-0.49,0
1786866345.676945,-0.49,0
1786866345.6974921,-0.49,0
1786866345.7185915,-0.49,0
1786866345.738101,-0.49,0
1786866345.7596848,-0.50,0
1786866345.7805178,-0.50,0
1786866345.8005521,-0.50,0
1786866345.8206246,-0.49,0
1786866345.8414874,-0.49,0
1786866345.8615355,-0.49,0
1786866345.8814046,-0.49,0
1786866345.902296,-0.49,0
1786866345.9231513,-0.49,0
1786866345.9424827,-0.49,0
1786866345.963021,-0.49,0
1786866345.9807272,-0.49,0
1786866346.0046418,-0.49,0
1786866346.0256197,-0.49,0
1786866346.046154,-0.49,0
1786866346.0661647,-0.49,0
1786866346.0858345,-0.49,0
1786866346.1074297,-0.49,0
1786866346.1246758,-0.50,0
1786866346.1486883,-0.49,0
1786866346.1673224,-0.49,0
1786866346.1892235,-0.49,0
1786866346.2100403,-0.50,0
1786866346.2301233,-0.50,0
1786866346.2506897,-0.50,0
1786866346.2712257,-0.50,0
1786866346.2913349,-0.50,0
1786866346.3118756,-0.50,0
1786866346.332873,-0.50,0
1786866346.3529413,-0.50,0
1786866346.3735313,-0.49,0
1786866346.3936503,-0.49,0
1786866346.415159,-0.49,0
1786866346.4354367,-0.49,0
1786866346.455981,-0.49,0
1786866346.4765143,-0.49,0
1786866346.496565,-0.50,0
1786866346.5169897,-0.50,0
1786866346.5378468,-0.49,0
1786866346.5579305,-0.49,0
1786866346.5789375,-0.50,0
1786866346.59908,-0.50,0
1786866346.6193628,-0.49,0
1786866346.6397727,-0.49,0
1786866346.6598806,-0.49,0
1786866346.681033,-0.49,0
1786866346.701109,-0.49,0
1786866346.721552,-0.49,0
1786866346.7426004,-0.49,0
1786866346.7623959,-0.49,0
1786866346.7829747,-0.49,0
1786866346.8035712,-0.49,0
1786866346.8237016,-0.49,0
1786866346.8442373,-0.49,0
1786866346.8647566,-0.49,0
1786866346.8855305,-0.49,0
1786866346.9060738,-0.49,0
1786866346.92709,-0.48,0
1786866346.94711,-0.48,0
1786866346.9681587,-0.49,0
1786866346.988517,-0.49,0
1786866347.0085785,-0.49,0
1786866347.0286343,-0.49,0
1786866347.0491323,-0.49,0
1786866347.0696754,-0.49,0
1786866347.090886,-0.50,0
1786866347.1109426,-0.50,0
1786866347.1314645,-0.50,0
1786866347.1517224,-0.50,0
1786866347.1722736,-0.49,0
1786866347.1931248,-0.49,0
1786866347.2131722,-0.50,0
1786866347.234199,-0.50,0
1786866347.253848,-0.50,0
1786866347.2750988,-0.50,0
1786866347.29515,-0.50,0
1786866347.3156369,-0.50,0
1786866347.3361702,-0.50,0
1786866347.3564582,-0.50,0
1786866347.3775008,-0.50,0
1786866347.397539,-0.50,0
1786866347.4183345,-0.50,0
1786866347.4385746,-0.50,0
1786866347.4591026,-0.50,0
1786866347.479716,-0.50,0
1786866347.5003772,-0.50,0
1786866347.5204659,-0.50,0
1786866347.541535,-0.50,0
1786866347.5611331,-0.50,0
1786866347.5816586,-0.50,0
1786866347.602173,-0.50,0
1786866347.6227334,-0.50,0
1786866347.6435645,-0.50,0
1786866347.6641057,-0.50,0
1786866347.6845865,-0.50,0
1786866347.7050943,-0.50,0
1786866347.7252102,-0.50,0
1786866347.7457287,-0.50,0
1786866347.7657962,-0.50,0
1786866347.7866066,-0.50,0
1786866347.807305,-0.50,0
1786866347.8274307,-0.50,0
1786866347.8479745,-0.51,0
1786866347.8689876,-0.50,0
1786866347.8890715,-0.50,0
1786866347.9103143,-0.50,0
1786866347.9303157,-0.50,0
1786866347.9503336,-0.50,0
1786866347.9709363,-0.50,0
1786866347.9911606,-0.50,0
1786866348.0122995,-0.50,0
1786866348.0323703,-0.50,0
1786866348.0533857,-0.50,0
1786866348.073929,-0.50,0
1786866348.0944617,-0.50,0
1786866348.1149492,-0.50,0
1786866348.1354856,-0.50,0
1786866348.1555915,-0.51,0
1786866348.1761153,-0.51,0
1786866348.1964362,-0.50,0
1786866348.217497,-0.50,0
1786866348.2375734,-0.50,0
1786866348.2575805,-0.50,0
1786866348.2791169,-0.50,0
1786866348.29912,-0.50,0
1786866348.3197396,-0.50,0
1786866348.3403037,-0.50,0
1786866348.3603325,-0.50,0
1786866348.3811731,-0.50,0
1786866348.4022396,-0.50,0
1786866348.422246,-0.50,0
1786866348.4417968,-0.50,0
1786866348.463054,-0.50,0
1786866348.4830785,-0.50,0
1786866348.5036025,-0.50,0
1786866348.5242589,-0.50,0
1786866348.5448573,-0.50,0
1786866348.5654316,-0.50,0
1786866348.5852852,-0.50,0
1786866348.6058757,-0.50,0
1786866348.6269646,-0.50,0
1786866348.6470404,-0.50,0
1786866348.6675408,-0.51,0
1786866348.6878788,-0.51,0
1786866348.7090507,-0.50,0
1786866348.7291868,-0.51,0
1786866348.7490847,-0.51,0
1786866348.7699254,-0.51,0
1786866348.790413,-0.51,0
1786866348.8109272,-0.51,0
1786866348.831171,-0.50,0
1786866348.8519075,-0.50,0
1786866348.8724341,-0.50,0
1786866348.8928885,-0.51,0
1786866348.9129996,-0.50,0
1786866348.934123,-0.50,0
1786866348.9547122,-0.50,0
1786866348.9747233,-0.50,0
1786866348.9947531,-0.50,0
1786866349.0153568,-0.50,0
1786866349.0362968,-0.50,0
1786866349.0568788,-0.50,0
1786866349.0776896,-0.50,0
1786866349.0977154,-0.50,0
1786866349.1181917,-0.50,0
1786866349.138739,-0.50,0
1786866349.15957,-0.50,0
1786866349.1801627,-0.50,0
1786866349.199904,-0.50,0
1786866349.220757,-0.50,0
1786866349.2416122,-0.51,0
1786866349.2615244,-0.50,0
1786866349.2822168,-0.50,0
1786866349.3022852,-0.51,0
1786866349.3229513,-0.51,0
1786866349.3434823,-0.51,0
1786866349.364499,-0.51,0
1786866349.3850799,-0.51,0
1786866349.4056673,-0.51,0
1786866349.4252396,-0.51,0
1786866349.4458458,-0.51,0
1786866349.4668455,-0.51,0
1786866349.4863691,-0.51,0
1786866349.5069022,-0.51,0
1786866349.5279543,-0.51,0
1786866349.5487905,-0.51,0
1786866349.5683699,-0.52,0
1786866349.588948,-0.52,0
1786866349.6092584,-0.51,0
1786866349.6306334,-0.51,0
1786866349.6506445,-0.51,0
1786866349.671869,-0.51,0
1786866349.6919405,-0.51,0
1786866349.7126946,-0.51,0
1786866349.7322886,-0.51,0
1786866349.7532983,-0.51,0
1786866349.7734334,-0.51,0
1786866349.7940445,-0.51,0
1786866349.814877,-0.51,0
1786866349.835457,-0.51,0
1786866349.8550847,-0.51,0
1786866349.8760052,-0.51,0
1786866349.896396,-0.50,0
1786866349.9170516,-0.50,0
1786866349.937679,-0.50,0
1786866349.9578156,-0.50,0
1786866349.9783862,-0.50,0
1786866349.9992998,-0.50,0
1786866350.0198545,-0.50,0
1786866350.0397243,-0.50,0
1786866350.060202,-0.50,0
1786866350.080794,-0.50,0
1786866350.1018233,-0.50,0
1786866350.1218219,-0.50,0
1786866350.142089,-0.50,0
1786866350.1628807,-0.50,0
1786866350.1834059,-0.50,0
1786866350.203428,-0.50,0
1786866350.223711,-0.50,0
1786866350.2440565,-0.49,0
1786866350.2653372,-0.49,0
1786866350.2860878,-0.49,0
1786866350.3065789,-0.49,0
1786866350.3260992,-0.50,0
1786866350.3466704,-0.50,0
1786866350.3678296,-0.50,0
1786866350.388496,-0.50,0
1786866350.409021,-0.50,0
1786866350.4286528,-0.50,0
1786866350.4495096,-0.50,0
1786866350.4702091,-0.50,0
1786866350.4903727,-0.50,0
1786866350.510461,-0.51,0
1786866350.5313227,-0.51,0
1786866350.5518935,-0.51,0
1786866350.5719707,-0.51,0
1786866350.5929632,-0.51,0
1786866350.6129034,-0.51,0
1786866350.633976,-0.51,0
1786866350.6544273,-0.51,0
1786866350.6751506,-0.51,0
1786866350.695162,-0.51,0
1786866350.71586,-0.51,0
1786866350.7360525,-0.51,0
1786866350.7565458,-0.50,0
1786866350.7770867,-0.50,0
1786866350.7973387,-0.51,0
1786866350.8180938,-0.51,0
1786866350.8386261,-0.51,0
1786866350.8592813,-0.51,0
1786866350.8797178,-0.51,0
1786866350.9000642,-0.51,0
1786866350.9207027,-0.51,0
1786866350.9414368,-0.51,0
1786866350.9614697,-0.51,0
1786866350.982324,-0.51,0
1786866351.0023005,-0.51,0
1786866351.0228217,-0.51,0
1786866351.0435698,-0.51,0
1786866351.063541,-0.51,0
1786866351.0842667,-0.52,0
1786866351.1050816,-0.52,0
1786866351.126145,-0.51,0
1786866351.1457028,-0.52,0
1786866351.166271,-0.52,0
1786866351.1873565,-0.51,0
1786866351.2075655,-0.52,0
1786866351.2277153,-0.51,0
1786866351.2482884,-0.52,0
1786866351.269311,-0.52,0
1786866351.2890267,-0.51,0
1786866351.30915,-0.52,0
1786866351.3301084,-0.51,0
1786866351.3506382,-0.51,0
1786866351.371216,-0.51,0
1786866351.3923614,-0.51,0
1786866351.4124682,-0.51,0
1786866351.4326098,-0.52,0
1786866351.452708,-0.52,0
1786866351.4737468,-0.52,0
1786866351.4941115,-0.52,0
1786866351.514417,-0.52,0
1786866351.5348294,-0.52,0
1786866351.5560179,-0.52,0
1786866351.5760388,-0.52,0
1786866351.596882,-0.52,0
1786866351.6167045,-0.52,0
1786866351.6370268,-0.52,0
1786866351.6585765,-0.52,0
1786866351.6785736,-0.52,0
1786866351.698865,-0.52,0
1786866351.7193294,-0.52,0
1786866351.7402081,-0.52,0
1786866351.7598076,-0.52,0
1786866351.7808933,-0.52,0
1786866351.8018873,-0.52,0
1786866351.8214707,-0.52,0
1786866351.8420339,-0.52,0
1786866351.8631196,-0.52,0
1786866351.8830884,-0.52,0
1786866351.9039185,-0.52,0
1786866351.924052,-0.52,0
1786866351.9450505,-0.52,0
1786866351.965182,-0.52,0
1786866351.985771,-0.51,0
1786866352.0064094,-0.51,0
1786866352.0269637,-0.51,0
1786866352.046614,-0.51,0
1786866352.067151,-0.51,0
1786866352.088001,-0.51,0
1786866352.108105,-0.50,0
1786866352.1292753,-0.51,0
1786866352.1498127,-0.51,0
1786866352.1701846,-0.50,0
1786866352.1904402,-0.50,0
1786866352.2111094,-0.51,0
1786866352.2310529,-0.50,0
1786866352.2519138,-0.50,0
1786866352.2724762,-0.50,0
1786866352.293039,-0.51,0
1786866352.313721,-0.51,0
1786866352.3341537,-0.51,0
1786866352.3541539,-0.50,0
1786866352.3751547,-0.51,0
1786866352.3951876,-0.50,0
1786866352.4157038,-0.50,0
1786866352.4364133,-0.51,0
1786866352.4568522,-0.50,0
1786866352.4768107,-0.50,0
1786866352.497853,-0.50,0
1786866352.5183966,-0.50,0
1786866352.538642,-0.50,0
1786866352.5595973,-0.50,0
1786866352.5796015,-0.50,0
1786866352.5996473,-0.49,0
1786866352.620195,-0.49,0
1786866352.6412008,-0.49,0
1786866352.6609669,-0.50,0
1786866352.6815085,-0.50,0
1786866352.7025568,-0.50,0
1786866352.7231176,-0.50,0
1786866352.7431562,-0.50,0
1786866352.7642496,-0.50,0
1786866352.784567,-0.49,0
1786866352.8045754,-0.49,0
1786866352.8251562,-0.49,0
1786866352.846163,-0.49,0
1786866352.8663437,-0.49,0
1786866352.8873699,-0.49,0
1786866352.9071553,-0.49,0
1786866352.9281862,-0.49,0
1786866352.9482515,-0.49,0
1786866352.9690335,-0.49,0
1786866352.9896343,-0.49,0
1786866353.0101528,-0.49,0
1786866353.030256,-0.49,0
1786866353.050852,-0.49,0
1786866353.071285,-0.49,0
1786866353.0918725,-0.49,0
1786866353.1119282,-0.49,0
1786866353.1322267,-0.49,0
1786866353.153435,-0.49,0
1786866353.1737669,-0.49,0
1786866353.193958,-0.49,0
1786866353.2140746,-0.49,0
1786866353.235118,-0.49,0
1786866353.2555957,-0.49,0
1786866353.2761414,-0.49,0
1786866353.29673,-0.49,0
1786866353.3172867,-0.48,0
1786866353.3375208,-0.49,0
1786866353.358309,-0.48,0
1786866353.3787403,-0.49,0
1786866353.3990748,-0.49,0
1786866353.4192014,-0.49,0
1786866353.4399214,-0.49,0
1786866353.45943,-0.49,0
1786866353.481161,-0.49,0
1786866353.5011296,-0.50,0
1786866353.521672,-0.50,0
1786866353.542648,-0.50,0
1786866353.5622146,-0.49,0
1786866353.5832484,-0.49,0
1786866353.6032994,-0.49,0
1786866353.6239364,-0.49,0
1786866353.6449142,-0.49,0
1786866353.6652226,-0.49,0
1786866353.6857567,-0.49,0
1786866353.706386,-0.49,0
1786866353.7268283,-0.49,0
1786866353.7473912,-0.49,0
1786866353.7674234,-0.49,0
1786866353.7879488,-0.48,0
1786866353.8089864,-0.48,0
1786866353.8295722,-0.48,0
1786866353.8498588,-0.48,0
1786866353.8704333,-0.48,0
1786866353.890055,-0.48,0
1786866353.9110937,-0.49,0
1786866353.932014,-0.49,0
1786866353.9520264,-0.49,0
1786866353.972814,-0.49,0
1786866353.9923823,-0.49,0
1786866354.0134363,-0.49,0
1786866354.034052,-0.49,0
1786866354.0542896,-0.48,0
1786866354.074602,-0.48,0
1786866354.094848,-0.49,0
1786866354.1154077,-0.49,0
1786866354.1362612,-0.49,0
1786866354.156466,-0.49,0
1786866354.1771824,-0.49,0
1786866354.1982627,-0.49,0
1786866354.218357,-0.49,0
1786866354.238898,-0.49,0
1786866354.2589688,-0.49,0
1786866354.2793205,-0.49,0
1786866354.3003023,-0.49,0
1786866354.3200448,-0.49,0
1786866354.3406274,-0.49,0
1786866354.3618338,-0.49,0
1786866354.3821256,-0.49,0
1786866354.4026492,-0.49,0
1786866354.4227982,-0.49,0
1786866354.4432702,-0.49,0
1786866354.4629226,-0.49,0
1786866354.4844859,-0.49,0
1786866354.5050735,-0.49,0
1786866354.525149,-0.49,0
1786866354.5461638,-0.49,0
1786866354.5662363,-0.49,0
1786866354.5867412,-0.49,0
1786866354.6073213,-0.50,0
1786866354.628103,-0.50,0
1786866354.6475594,-0.49,0
1786866354.6683736,-0.50,0
1786866354.6888678,-0.50,0
1786866354.709939,-0.50,0
1786866354.729991,-0.50,0
1786866354.7505584,-0.49,0
1786866354.7715762,-0.50,0
1786866354.7913797,-0.50,0
1786866354.8123963,-0.50,0
1786866354.832839,-0.50,0
1786866354.8533874,-0.50,0
1786866354.8738103,-0.50,0
1786866354.8942666,-0.50,0
1786866354.9146035,-0.50,0
1786866354.9350421,-0.50,0
1786866354.9555597,-0.49,0
1786866354.9758146,-0.50,0
1786866354.99641,-0.50,0
1786866355.0164196,-0.50,0
1786866355.0373259,-0.50,0
1786866355.0579011,-0.49,0
1786866355.0785747,-0.49,0
1786866355.0988407,-0.49,0
1786866355.1195886,-0.49,0
1786866355.139922,-0.49,0
1786866355.1604917,-0.49,0
1786866355.1810062,-0.50,0
1786866355.20138,-0.50,0
1786866355.221985,-0.50,0
1786866355.242343,-0.50,0
1786866355.2626522,-0.50,0
1786866355.2827032,-0.50,0
1786866355.3037188,-0.50,0
1786866355.324283,-0.50,0
1786866355.3446982,-0.50,0
1786866355.3653893,-0.50,0
1786866355.3856628,-0.50,0
1786866355.406654,-0.50,0
1786866355.426826,-0.50,0
1786866355.4473615,-0.50,0
1786866355.4677277,-0.50,0
1786866355.488462,-0.50,0
1786866355.5079534,-0.50,0
1786866355.528702,-0.50,0
1786866355.5493662,-0.50,0
1786866355.570376,-0.49,0
1786866355.5910752,-0.49,0
1786866355.6116948,-0.49,0
1786866355.6313841,-0.49,0
1786866355.651976,-0.49,0
1786866355.672012,-0.49,0
1786866355.693125,-0.50,0
1786866355.7138455,-0.50,0
1786866355.7338827,-0.50,0
1786866355.7542994,-0.50,0
1786866355.775345,-0.50,0
1786866355.7952542,-0.50,0
1786866355.8157952,-0.50,0
1786866355.8365514,-0.50,0
1786866355.85641,-0.50,0
1786866355.8770986,-0.50,0
1786866355.897788,-0.50,0
1786866355.9182491,-0.50,0
1786866355.9391549,-0.50,0
1786866355.9592416,-0.50,0
1786866355.9799116,-0.49,0
1786866355.9999533,-0.50,0
1786866356.021008,-0.50,0
1786866356.0410237,-0.50,0
1786866356.0615704,-0.50,0
1786866356.0821705,-0.51,0
1786866356.102703,-0.51,0
1786866356.1222858,-0.51,0
1786866356.1433809,-0.51,0
1786866356.1639507,-0.51,0
1786866356.1855073,-0.51,0
1786866356.2055418,-0.51,0
1786866356.2256207,-0.51,0
1786866356.2467039,-0.51,0
1786866356.2667627,-0.51,0
1786866356.2878428,-0.50,0
1786866356.307392,-0.51,0
1786866356.3286142,-0.51,0
1786866356.3481715,-0.51,0
1786866356.369007,-0.51,0
1786866356.389596,-0.51,0
1786866356.40961,-0.51,0
1786866356.4302523,-0.52,0
1786866356.4509788,-0.52,0
1786866356.4714088,-0.52,0
1786866356.4921558,-0.52,0
1786866356.5123582,-0.52,0
1786866356.5324643,-0.51,0
1786866356.5533361,-0.51,0
1786866356.573866,-0.52,0
1786866356.5938687,-0.51,0
1786866356.6148758,-0.52,0
1786866356.635627,-0.52,0
1786866356.6556294,-0.52,0
1786866356.675852,-0.52,0
1786866356.6963024,-0.52,0
1786866356.7170029,-0.52,0
1786866356.7370143,-0.52,0
1786866356.7581213,-0.52,0
1786866356.77867,-0.52,0
1786866356.7985172,-0.52,0
1786866356.819527,-0.52,0
1786866356.839619,-0.52,0
1786866356.8604913,-0.52,0
1786866356.8811939,-0.52,0
1786866356.9013772,-0.52,0
1786866356.9221134,-0.52,0
1786866356.9426186,-0.52,0
1786866356.9623706,-0.52,0
1786866356.9830992,-0.52,0
1786866357.0041084,-0.52,0
1786866357.0238729,-0.52,0
1786866357.0449915,-0.52,0
1786866357.0655255,-0.52,0
1786866357.0853283,-0.52,0
1786866357.105959,-0.52,0
1786866357.1266685,-0.52,0
1786866357.14723,-0.52,0
1786866357.1670527,-0.51,0
1786866357.187669,-0.51,0
1786866357.2086885,-0.51,0
1786866357.2291691,-0.51,0
1786866357.2493763,-0.52,0
1786866357.270173,-0.51,0
1786866357.2908957,-0.52,0
1786866357.3109176,-0.51,0
1786866357.3315165,-0.51,0
1786866357.3515215,-0.52,0
1786866357.3725128,-0.52,0
1786866357.3925247,-0.52,0
1786866357.4135783,-0.52,0
1786866357.4333544,-0.52,0
1786866357.4539223,-0.52,0
1786866357.4749537,-0.52,0
1786866357.4951417,-0.52,0
1786866357.5161617,-0.52,0
1786866357.5366833,-0.52,0
1786866357.5568182,-0.52,0
1786866357.5773551,-0.52,0
1786866357.597805,-0.52,0
1786866357.6183498,-0.52,0
1786866357.638866,-0.52,0
1786866357.6588714,-0.52,0
1786866357.679445,-0.52,0
1786866357.7004979,-0.52,0
1786866357.720511,-0.52,0
1786866357.7413318,-0.52,0
1786866357.761902,-0.52,0
1786866357.7809174,-0.52,0
